customer_id,customer_name,gender,age,city,state,join_date
C00001,Kai Borra,Male,36,Tenali,Assam,2021-08-15
C00002,Ekani Rastogi,Male,38,Madhyamgram,Punjab,2024-10-21
C00003,Daksha Srivastava,Male,65,Kalyan-Dombivli,Tamil Nadu,2023-10-11
C00004,Wakeeta Madan,Male,57,Mysore,Andhra Pradesh,2023-07-16
C00005,Brinda Sur,Female,44,Berhampore,Chhattisgarh,2025-04-16
C00006,Charles Khalsa,Female,28,Bulandshahr,Assam,2025-02-15
C00007,Advaith Prashad,Female,45,Coimbatore,West Bengal,2026-05-20
C00008,Ganga Krishnan,Female,30,Latur,Telangana,2022-03-27
C00009,Adya Deshpande,Female,54,Deoghar,Punjab,2025-03-01
C00010,Xalak Shan,Male,22,Rohtak,Goa,2022-04-14
C00011,Onkar De,Male,42,Noida,Arunachal Pradesh,2026-03-02
C00012,Veda Pal,Female,56,Burhanpur,Uttarakhand,2021-08-30
C00013,Tamanna Wadhwa,Male,39,Adoni,Madhya Pradesh,2026-02-17
C00014,Chandresh Nadig,Female,56,Thiruvananthapuram,Tamil Nadu,2022-03-07
C00015,Rushil Kurian,Male,44,Vijayanagaram,Andhra Pradesh,2021-08-09
C00016,Ubika Mishra,Male,21,Kurnool,Karnataka,2026-05-01
C00017,Varsha Patil,Male,66,Ghaziabad,Haryana,2025-07-27
C00018,Sai Sood,Female,25,Coimbatore,Andhra Pradesh,2025-07-15
C00019,Chameli Bhattacharyya,Male,43,Pali,West Bengal,2024-11-22
C00020,Yashasvi Muni,Female,20,Anantapuram,Nagaland,2023-08-26
C00021,Baghyawati Hans,Male,22,Shahjahanpur,Odisha,2024-12-13
C00022,Widisha Nagy,Female,26,Parbhani,Meghalaya,2023-11-19
C00023,Qarin Saran,Female,27,Varanasi,Manipur,2025-11-05
C00024,Baljiwan Bhatt,Male,21,Bettiah,Jharkhand,2025-09-12
C00025,Anita Wable,Male,38,Narasaraopet,Himachal Pradesh,2025-01-07
C00026,Daksha Pandey,Male,65,Siliguri,Rajasthan,2024-01-22
C00027,Baghyawati Choudhary,Male,58,Siwan,Assam,2021-09-25
C00028,Ekaja Bhavsar,Female,43,Amaravati,Jharkhand,2022-03-17
C00029,Gavin Saxena,Female,35,Haridwar,Telangana,2022-02-19
C00030,Nidhi Chaudhari,Female,50,Karaikudi,Tripura,2024-02-02
C00031,Yuvraj Keer,Male,69,Bhubaneswar,Kerala,2026-02-01
C00032,Pranit Chad,Male,49,Patna,Telangana,2023-10-08
C00033,Mitesh Patel,Female,27,Alappuzha,Tripura,2025-11-17
C00034,Omaja Mahal,Female,68,Guntakal,Tamil Nadu,2026-03-23
C00035,Bachittar Venkatesh,Male,70,Bangalore,Mizoram,2024-09-17
C00036,Panini Sehgal,Female,59,Karawal Nagar,Goa,2025-07-05
C00037,Kamala Tata,Male,34,Bellary,Odisha,2025-08-30
C00038,Janya Natt,Female,48,Amritsar,Tamil Nadu,2021-09-06
C00039,Forum Dalal,Male,18,Bidar,Nagaland,2021-09-09
C00040,Rachita Mane,Female,61,Secunderabad,Himachal Pradesh,2023-09-03
C00041,Azad Kumer,Female,39,Hajipur,Assam,2025-02-12
C00042,Zashil Sankaran,Female,26,Tirunelveli,Karnataka,2022-07-29
C00043,Zashil Tara,Female,70,Guntakal,Assam,2024-03-31
C00044,Aryan Chada,Female,22,Eluru,Manipur,2025-09-02
C00045,Warinder Ramanathan,Male,20,Amravati,Karnataka,2025-06-29
C00046,Janya Datta,Male,55,Saharsa,Bihar,2021-08-29
C00047,Girish Chaudhuri,Male,18,Aurangabad,Tripura,2023-01-27
C00048,Dayita Bains,Female,66,Vasai-Virar,Tripura,2025-10-12
C00049,Sathvik Comar,Female,31,Berhampore,Manipur,2022-02-14
C00050,Priya Raja,Female,38,Pondicherry,Kerala,2022-04-22
C00051,Yatin Chand,Female,24,Anand,Jharkhand,2024-03-28
C00052,Tanmayi Manne,Female,54,Farrukhabad,Assam,2026-02-21
C00053,Ansh Wagle,Male,37,Tinsukia,Sikkim,2025-12-21
C00054,Lila Aggarwal,Male,32,Raebareli,Uttarakhand,2025-10-15
C00055,Samaksh Deol,Male,19,Mehsana,Karnataka,2022-01-04
C00056,Max Krish,Male,54,Kumbakonam,Maharashtra,2021-09-30
C00057,Azaan Karpe,Female,52,Chennai,Goa,2024-12-12
C00058,Riya Mangat,Male,38,Dhule,Gujarat,2025-07-08
C00059,Dhruv Oommen,Female,48,Madhyamgram,Punjab,2023-01-08
C00060,Elijah Nadkarni,Female,61,Kharagpur,Karnataka,2025-04-19
C00061,Abeer Goswami,Male,54,Jhansi,Sikkim,2022-11-17
C00062,Upadhriti Natarajan,Female,33,Panipat,Mizoram,2024-09-14
C00063,Diya Arora,Female,27,Ambala,Goa,2025-03-07
C00064,Warda Ahuja,Female,70,Aurangabad,Punjab,2024-12-30
C00065,Pranit Singh,Male,21,Bathinda,Punjab,2024-11-22
C00066,Charvi Dutt,Male,66,Patiala,Meghalaya,2023-08-30
C00067,Ekalinga Dash,Female,29,Ongole,Tamil Nadu,2026-06-19
C00068,Samaksh Mammen,Male,20,Amravati,Kerala,2024-10-24
C00069,Gautam Babu,Female,60,Sultan Pur Majra,Tamil Nadu,2024-11-26
C00070,Falguni Contractor,Male,20,Gwalior,Tamil Nadu,2024-12-26
C00071,Vanya Chaudry,Female,25,Bulandshahr,Andhra Pradesh,2022-01-26
C00072,Nandini Sachar,Male,22,Belgaum,Arunachal Pradesh,2025-07-19
C00073,Agastya Bhalla,Male,29,Rourkela,Mizoram,2022-05-26
C00074,Siddharth Batta,Female,50,Sirsa,Gujarat,2025-06-25
C00075,Vritti Sem,Female,59,Bally,Andhra Pradesh,2026-02-22
C00076,Balvan Parmer,Female,68,Jabalpur,Haryana,2024-06-05
C00077,Priya Saxena,Male,36,Shivpuri,Mizoram,2026-04-12
C00078,Reva Apte,Female,20,Medininagar,Rajasthan,2026-04-22
C00079,Daniel Master,Female,22,Guntakal,Chhattisgarh,2022-06-27
C00080,Shivansh Deol,Male,42,Hyderabad,Rajasthan,2025-01-05
C00081,Indrajit Kumer,Male,33,Pali,Maharashtra,2022-05-01
C00082,Dev Sane,Female,65,Srinagar,Meghalaya,2022-03-13
C00083,Azaan Ramesh,Female,45,Dehri,Manipur,2021-11-14
C00084,Frado Chakraborty,Male,19,Jamalpur,Meghalaya,2026-01-29
C00085,Dominic Dyal,Female,59,Raichur,Gujarat,2026-05-02
C00086,Yatan D’Alia,Male,70,Pudukkottai,Madhya Pradesh,2026-03-18
C00087,Harrison Nagi,Female,46,Burhanpur,Uttar Pradesh,2024-07-14
C00088,Riya Varma,Female,57,Aligarh,Haryana,2025-11-02
C00089,Watika Comar,Female,29,Bhusawal,Telangana,2025-08-28
C00090,Zansi Rout,Male,54,Hazaribagh,Nagaland,2023-06-04
C00091,Pratyush Keer,Female,31,Davanagere,Tamil Nadu,2024-08-02
C00092,Jacob Garg,Male,23,Gopalpur,Karnataka,2023-04-16
C00093,Abeer Comar,Male,44,Machilipatnam,Nagaland,2024-05-22
C00094,Hamsini Karpe,Male,49,Jamnagar,Andhra Pradesh,2025-01-20
C00095,Rachita Srinivas,Female,58,Pudukkottai,Nagaland,2026-05-11
C00096,Joshua Edwin,Female,53,Ulhasnagar,Meghalaya,2024-05-27
C00097,Bhavna Shah,Female,68,Bhilwara,Karnataka,2026-07-16
C00098,Megha Modi,Male,63,Proddatur,Maharashtra,2025-08-10
C00099,Agastya Ravel,Male,19,Kadapa,Sikkim,2022-07-21
C00100,Nandini Sharma,Male,33,Sultan Pur Majra,Punjab,2023-04-01
C00101,Dominic Khare,Male,27,Serampore,Odisha,2022-05-11
C00102,Praneel Walla,Female,34,Muzaffarnagar,Tamil Nadu,2022-10-26
C00103,Gautam Lad,Male,32,Dindigul,Tripura,2026-05-01
C00104,Ikbal Sha,Male,59,Amroha,Karnataka,2024-05-24
C00105,Ekta Setty,Female,52,Salem,Arunachal Pradesh,2023-11-07
C00106,Saanvi Krishnamurthy,Female,25,Ahmednagar,Telangana,2022-11-19
C00107,Divya Sachdev,Female,45,Narasaraopet,Punjab,2025-12-12
C00108,Mitesh Nagarajan,Male,21,Parbhani,Assam,2024-06-03
C00109,Jeet Taneja,Female,34,Mahbubnagar,Goa,2023-07-04
C00110,Vihaan Nath,Female,54,Visakhapatnam,Sikkim,2024-10-04
C00111,Amol Chanda,Female,65,Kolkata,Uttar Pradesh,2023-01-03
C00112,Rajeshri Saini,Male,27,Kamarhati,Manipur,2023-03-05
C00113,Faris Oommen,Male,26,Kirari Suleman Nagar,Mizoram,2023-08-20
C00114,Tanish Kamdar,Male,34,Panihati,Kerala,2023-01-08
C00115,Hemangini Kara,Female,18,Shimla,Chhattisgarh,2024-02-09
C00116,Anita Chauhan,Female,70,Morena,Madhya Pradesh,2023-11-30
C00117,Qasim Misra,Female,34,Aurangabad,Tripura,2022-10-08
C00118,Victor Sandhu,Male,64,Indore,Punjab,2024-08-25
C00119,Zansi Comar,Male,24,Varanasi,Telangana,2023-05-13
C00120,Qasim Buch,Male,35,Bidhannagar,Tripura,2025-08-09
C00121,Reyansh Soman,Male,42,Jalgaon,Punjab,2022-07-29
C00122,Rayaan Chatterjee,Male,18,Bhimavaram,Karnataka,2022-11-06
C00123,Ansh Lala,Female,54,Bardhaman,Sikkim,2024-06-09
C00124,Vinaya Morar,Female,40,Erode,Punjab,2022-08-01
C00125,Advay Patla,Female,23,Nandyal,Uttar Pradesh,2021-11-18
C00126,Gautami Vora,Female,22,Rajahmundry,Nagaland,2025-01-16
C00127,Chanchal Kaul,Female,38,Ramagundam,Odisha,2025-01-12
C00128,Balveer Shroff,Female,63,Saharsa,Uttar Pradesh,2024-03-13
C00129,Sathvik Uppal,Male,44,Surendranagar Dudhrej,Punjab,2024-05-13
C00130,Hamsini Behl,Female,43,Hindupur,Odisha,2022-06-17
C00131,Ijaya Bandi,Female,62,Ambarnath,Kerala,2022-09-12
C00132,Arya Nagar,Male,61,Khora ,Assam,2023-04-21
C00133,Brinda Deo,Female,37,Tenali,Manipur,2024-01-22
C00134,Ekantika Subramaniam,Male,60,Thane,Nagaland,2024-02-13
C00135,Dakshesh Raja,Male,34,Chandrapur,Tripura,2022-01-31
C00136,Vansha Bala,Female,35,Lucknow,Telangana,2022-12-14
C00137,Falak Murthy,Female,28,Secunderabad,Bihar,2022-03-12
C00138,Harsh Mander,Female,41,Satara,Tripura,2025-09-10
C00139,Imaran Acharya,Female,70,Kozhikode,Arunachal Pradesh,2024-10-06
C00140,Patrick Chada,Female,45,Ahmedabad,Tamil Nadu,2024-02-05
C00141,Eta Halder,Female,42,Giridih,Haryana,2025-04-08
C00142,Ekani Sant,Male,51,Tadepalligudem,Nagaland,2025-12-17
C00143,Omisha Saini,Male,29,Korba,Haryana,2025-06-26
C00144,Daksh Naik,Female,61,Raurkela Industrial Township,Assam,2024-03-29
C00145,Geetika Deo,Male,63,Latur,West Bengal,2026-06-20
C00146,Kiaan Talwar,Male,36,Madanapalle,Bihar,2022-06-01
C00147,Fitan Oza,Male,33,Bangalore,Manipur,2023-11-02
C00148,Kiaan Parmar,Male,67,Kolhapur,Punjab,2021-09-24
C00149,Mason Badami,Male,19,Jodhpur,Meghalaya,2023-05-17
C00150,Sai Shere,Female,45,Bhalswa Jahangir Pur,Bihar,2025-02-08
C00151,Abhiram Doshi,Male,40,Karimnagar,West Bengal,2024-08-30
C00152,Owen Soman,Female,55,Yamunanagar,Madhya Pradesh,2023-12-14
C00153,Jason Bawa,Female,27,Karaikudi,Uttarakhand,2024-12-07
C00154,Upma Bumb,Female,45,Maheshtala,Telangana,2022-07-04
C00155,Bimala Soni,Male,21,Panihati,Himachal Pradesh,2023-06-27
C00156,Shaurya Karan,Male,46,Karimnagar,Haryana,2024-08-27
C00157,Meera Sengupta,Male,54,Nangloi Jat,West Bengal,2023-04-14
C00158,Anvi Bhardwaj,Female,25,Panchkula,Manipur,2025-12-09
C00159,Jeremiah Parmar,Female,59,Gulbarga,West Bengal,2024-05-23
C00160,Jason Magar,Female,53,Satna,Assam,2023-07-26
C00161,Gopal Dey,Female,33,Bhatpara,Maharashtra,2024-01-26
C00162,Teerth Dani,Female,46,Buxar,Gujarat,2022-03-21
C00163,Charita Prakash,Male,54,Kochi,Tripura,2023-06-08
C00164,Daniel Doctor,Female,56,Adoni,Telangana,2023-04-04
C00165,Janani Mane,Male,68,Bidar,Rajasthan,2023-06-12
C00166,Vritti Narayanan,Female,20,Mathura,Sikkim,2026-01-13
C00167,Ayushman Bora,Female,29,Bhatpara,Karnataka,2022-06-15
C00168,Samaksh Raju,Male,62,Bangalore,Telangana,2021-10-06
C00169,Hemang Thaker,Female,26,Motihari,Himachal Pradesh,2024-06-12
C00170,Bimala Pant,Female,69,Alwar,Arunachal Pradesh,2022-04-07
C00171,Ekiya Krish,Female,54,Arrah,Mizoram,2025-12-24
C00172,Charan Divan,Male,49,Coimbatore,Tripura,2023-07-24
C00173,Aadhya Rout,Male,38,Ramgarh,Nagaland,2022-06-16
C00174,Ishaan Nadkarni,Male,34,Dhule,Rajasthan,2024-06-14
C00175,Zansi Chand,Male,58,Vijayanagaram,Karnataka,2023-12-10
C00176,Janya Aggarwal,Female,57,Kishanganj,Sikkim,2023-04-05
C00177,Jagvi Sehgal,Male,34,Darbhanga,Jharkhand,2024-04-07
C00178,Aadhya Palan,Male,20,Mahbubnagar,West Bengal,2022-02-05
C00179,Madhavi Chana,Male,36,Thrissur,Tripura,2025-12-07
C00180,Kiaan Raju,Female,42,Rajahmundry,Maharashtra,2025-09-12
C00181,Yash Karan,Female,19,Navi Mumbai,Nagaland,2024-09-03
C00182,Upasna Mutti,Male,46,Katihar,Mizoram,2024-09-30
C00183,Advaith Bail,Female,24,Bhimavaram,Goa,2025-03-22
C00184,Geetika Hegde,Male,44,Alwar,Meghalaya,2025-06-07
C00185,Vanya Jani,Male,25,Kottayam,Mizoram,2022-06-01
C00186,Aditya Bava,Female,42,Alwar,Sikkim,2026-03-05
C00187,Janani Purohit,Male,58,Jamshedpur,Telangana,2025-05-30
C00188,Amrita Atwal,Female,49,Motihari,Arunachal Pradesh,2025-06-09
C00189,Charita Rana,Female,34,Katni,Goa,2025-03-13
C00190,Edhitha Varughese,Male,48,Suryapet,Nagaland,2025-12-22
C00191,Jyoti Suresh,Female,47,Tenali,Nagaland,2021-12-02
C00192,Sachi Korpal,Male,59,Pallavaram,West Bengal,2023-03-16
C00193,Shivani Bala,Female,36,Meerut,Uttarakhand,2025-06-20
C00194,Hritik Goel,Male,32,New Delhi,Nagaland,2026-05-24
C00195,Vrishti Pant,Female,20,Meerut,Mizoram,2025-08-10
C00196,Yutika Vyas,Female,40,Rajkot,Bihar,2026-04-23
C00197,Faras Ramachandran,Female,39,Hajipur,Meghalaya,2023-01-09
C00198,Neelima Wable,Female,29,Tezpur,Manipur,2023-08-01
C00199,Naveen D’Alia,Male,50,Mira-Bhayandar,Nagaland,2026-07-22
C00200,Michael Anne,Female,38,Jalgaon,Mizoram,2026-07-06
C00201,Ubika Chad,Female,53,Saharanpur,Karnataka,2026-07-23
C00202,Leena Iyengar,Female,66,Ludhiana,Uttar Pradesh,2025-04-13
C00203,Balhaar Badal,Male,28,Tumkur,Tripura,2022-07-20
C00204,Anirudh Subramanian,Male,59,Kota,Mizoram,2025-03-04
C00205,Ojas Sekhon,Male,35,Dharmavaram,Chhattisgarh,2023-07-26
C00206,Irya Johal,Male,24,Danapur,Mizoram,2024-05-07
C00207,Gabriel Tak,Female,46,Fatehpur,Sikkim,2026-03-31
C00208,Vidhi Atwal,Female,49,Gaya,Jharkhand,2024-09-22
C00209,Lohit Gola,Male,31,Bathinda,Punjab,2025-12-22
C00210,Kritika Lad,Female,50,Amritsar,Mizoram,2023-11-04
C00211,Anmol Nayar,Male,52,Ambattur,Karnataka,2025-05-24
C00212,Utkarsh Dada,Male,45,Jalgaon,Punjab,2025-01-30
C00213,Chaaya Shankar,Female,55,Firozabad,Bihar,2023-05-12
C00214,Ikshita Ratta,Male,60,Mirzapur,Punjab,2025-09-24
C00215,Harini Rana,Male,48,Amroha,Punjab,2023-05-07
C00216,Zansi Seth,Male,21,Srikakulam,Goa,2023-07-22
C00217,Ekavir Cherian,Female,22,Bikaner,Odisha,2021-12-20
C00218,Rajata Goel,Male,58,Dewas,Arunachal Pradesh,2022-07-01
C00219,Teerth Nayar,Male,64,Bokaro,Kerala,2022-10-17
C00220,Yagnesh Chakraborty,Female,57,Mysore,Bihar,2024-08-13
C00221,Yashawini Rajagopal,Female,45,Karawal Nagar,Sikkim,2023-06-14
C00222,Kabir Thakkar,Male,37,Serampore,Maharashtra,2022-02-01
C00223,Warjas Mistry,Male,22,Gandhidham,Goa,2025-12-01
C00224,Pavani Nigam,Male,36,Morbi,Punjab,2023-03-27
C00225,Ekaja Wason,Male,20,Jalandhar,Bihar,2023-04-27
C00226,Caleb Kar,Male,64,Deoghar,Arunachal Pradesh,2025-10-30
C00227,Owen Andra,Female,21,Narasaraopet,Jharkhand,2022-07-12
C00228,Rachana Hora,Female,45,Shivpuri,Meghalaya,2021-11-06
C00229,Vasatika Bedi,Male,34,Kottayam,Jharkhand,2025-03-07
C00230,Ikshita Patla,Male,40,Dharmavaram,Bihar,2024-05-15
C00231,Leena Grewal,Male,28,Mango,Haryana,2021-10-25
C00232,Netra Soni,Male,45,Nangloi Jat,Gujarat,2024-11-03
C00233,Vihaan Chaudhry,Female,46,Vadodara,Mizoram,2025-07-29
C00234,Aayush Char,Female,43,Junagadh,Himachal Pradesh,2023-08-20
C00235,Jyoti Oak,Female,62,Haldia,Nagaland,2021-10-30
C00236,Waida Bal,Female,67,Kollam,Himachal Pradesh,2025-08-21
C00237,Kevin Dyal,Female,46,Gopalpur,Tripura,2023-03-23
C00238,Hredhaan Vig,Female,27,Orai,Chhattisgarh,2025-11-05
C00239,Balveer Chad,Female,40,Alwar,Odisha,2023-08-28
C00240,Benjamin Gera,Male,64,Jehanabad,Madhya Pradesh,2026-05-26
C00241,Ira Mahajan,Female,63,Ambala,Uttarakhand,2025-09-22
C00242,Indrajit Mittal,Male,35,Machilipatnam,Assam,2024-12-15
C00243,Baljiwan Banerjee,Male,66,Faridabad,Jharkhand,2025-12-17
C00244,Madhavi Solanki,Male,59,Kanpur,Odisha,2021-11-17
C00245,Jack Badal,Male,20,Chandigarh,Arunachal Pradesh,2022-12-29
C00246,Christopher Shukla,Female,70,Jamshedpur,Maharashtra,2023-04-09
C00247,Rajeshri Chauhan,Male,42,Darbhanga,Chhattisgarh,2022-10-02
C00248,Gabriel Sandhu,Female,22,Saharanpur,Haryana,2024-03-17
C00249,Ayush Chanda,Male,41,Thrissur,Uttarakhand,2023-04-06
C00250,Adweta Sandal,Female,64,Kolkata,Telangana,2022-07-16
C00251,Zinal Mistry,Male,22,Singrauli,Karnataka,2022-08-13
C00252,Maanas Walla,Female,25,Tadipatri,Gujarat,2025-10-11
C00253,Harsh Nazareth,Female,24,Guntur,Tripura,2026-05-17
C00254,Tanish Nadig,Female,25,Ulhasnagar,Andhra Pradesh,2024-09-08
C00255,Yatan Keer,Male,39,Dindigul,Tamil Nadu,2025-02-02
C00256,Indira Bhalla,Female,42,Allahabad,Meghalaya,2022-01-23
C00257,Chakradev Trivedi,Male,25,Rourkela,Punjab,2024-01-13
C00258,Amaira Chander,Male,19,Pudukkottai,Meghalaya,2021-11-20
C00259,Chakradhar Varughese,Male,21,Nadiad,Tamil Nadu,2021-08-25
C00260,Dayita Rama,Male,53,Hazaribagh,Andhra Pradesh,2025-01-06
C00261,Laban Arya,Female,56,Ahmedabad,Chhattisgarh,2025-11-20
C00262,Anay Nair,Male,69,Munger,Goa,2025-02-17
C00263,Yochana Kanda,Female,58,Ambarnath,Assam,2021-11-24
C00264,Meera Lalla,Male,53,Davanagere,Assam,2021-12-02
C00265,Ekalinga Nazareth,Male,40,Gaya,Maharashtra,2026-04-23
C00266,Ekiya Morar,Female,31,Haldia,Maharashtra,2022-01-01
C00267,Patrick Iyengar,Female,22,Dewas,Telangana,2022-05-05
C00268,Chaman Kara,Female,51,Kulti,Telangana,2023-08-05
C00269,Pranav Toor,Female,35,Sagar,Rajasthan,2025-06-07
C00270,Aishani Bahri,Male,44,Bhiwani,Manipur,2025-05-15
C00271,Diya Mital,Female,68,Mahbubnagar,Haryana,2025-04-21
C00272,Dev Sarin,Male,48,Dehri,Tripura,2025-12-18
C00273,Bhavna Varty,Male,48,Jhansi,Mizoram,2023-12-10
C00274,Odika Wali,Male,35,Hajipur,Nagaland,2024-12-31
C00275,Prisha Batra,Female,45,Kadapa,Assam,2023-04-07
C00276,Banjeet Menon,Female,23,Khora ,Manipur,2024-04-03
C00277,Falan Roy,Male,35,Rajkot,Sikkim,2022-01-02
C00278,Shaurya Rajagopal,Female,57,Mira-Bhayandar,Maharashtra,2024-03-01
C00279,Bachittar Mutti,Female,62,Mahbubnagar,Nagaland,2025-11-20
C00280,Kala Tata,Female,57,Nellore,Chhattisgarh,2026-03-23
C00281,Ladli Merchant,Male,58,Thoothukudi,Telangana,2022-02-15
C00282,Arjun Borah,Male,51,Ratlam,Manipur,2023-07-17
C00283,Champak Sinha,Female,58,Farrukhabad,Telangana,2024-11-27
C00284,Indrajit Wadhwa,Female,31,Panchkula,Kerala,2022-12-26
C00285,Tanish Venkatesh,Female,33,Pune,Maharashtra,2023-09-25
C00286,Faris Ahluwalia,Female,30,Navi Mumbai,Karnataka,2024-04-03
C00287,Maanas Saini,Male,31,Amritsar,Haryana,2022-12-05
C00288,Dalaja Mander,Male,42,Bidar,Bihar,2022-12-15
C00289,Eesha Kata,Male,46,Shahjahanpur,Manipur,2022-12-04
C00290,Jack Madan,Female,29,Bhagalpur,Jharkhand,2022-09-28
C00291,Lavanya Sabharwal,Female,31,Guna,Uttarakhand,2024-09-29
C00292,Bhanumati Bhatti,Female,55,Dibrugarh,Uttar Pradesh,2022-09-21
C00293,Advika Gala,Male,58,Gudivada,Madhya Pradesh,2025-11-16
C00294,Anamika Rout,Female,70,Shimoga,Bihar,2024-10-21
C00295,Meghana Dayal,Male,49,Gwalior,Odisha,2025-09-14
C00296,Jasmit Shetty,Male,51,Mira-Bhayandar,Arunachal Pradesh,2025-12-18
C00297,Ekta Contractor,Male,59,Mau,Uttar Pradesh,2026-02-21
C00298,Adya Choudhary,Male,31,Saharanpur,Uttar Pradesh,2025-02-05
C00299,Neel Sachdeva,Male,52,Tumkur,Chhattisgarh,2026-03-10
C00300,Tanvi Majumdar,Male,18,Kottayam,Karnataka,2022-11-19
C00301,Faras Sandhu,Female,61,Hindupur,Tamil Nadu,2023-05-25
C00302,Azaan Vasa,Male,62,Korba,Telangana,2022-08-03
C00303,Oeshi Dhar,Female,41,Hapur,Madhya Pradesh,2022-10-16
C00304,Yagnesh Prakash,Female,47,Mango,Assam,2025-09-27
C00305,Aarini Sibal,Male,19,Kota,Bihar,2025-05-08
C00306,Sarthak Iyer,Female,21,Bidhannagar,Jharkhand,2022-04-17
C00307,Omkaar Gour,Male,45,Ranchi,Odisha,2022-06-12
C00308,Arin Vasa,Female,65,Bidar,Assam,2026-04-02
C00309,Bahadurjit Saraf,Female,61,Khora ,Maharashtra,2025-08-17
C00310,Sudiksha Anand,Female,62,Chandigarh,Haryana,2024-09-26
C00311,Pratyush Misra,Male,47,Guntur,Jharkhand,2022-06-10
C00312,Balhaar Verma,Female,21,Nellore,Goa,2022-09-01
C00313,Banjeet Rajagopal,Female,39,Bhind,Punjab,2025-07-14
C00314,Zehaan Varty,Male,49,Raiganj,Manipur,2025-12-21
C00315,Aadi Vohra,Female,49,Shimoga,Odisha,2022-11-23
C00316,Aryan Roy,Male,68,Bareilly,Sikkim,2021-08-04
C00317,Chaitanya Pai,Female,43,Bhopal,Jharkhand,2025-06-08
C00318,Dipta Kumar,Female,41,Varanasi,Arunachal Pradesh,2025-03-29
C00319,Tanvi Madan,Female,31,Bellary,Andhra Pradesh,2025-10-11
C00320,Meera Banik,Female,26,Jorhat,Bihar,2021-08-20
C00321,Riya Bava,Male,20,Ludhiana,Haryana,2023-11-26
C00322,Aishani Soman,Male,63,Jammu,Jharkhand,2022-10-26
C00323,Baghyawati D’Alia,Male,47,Visakhapatnam,Maharashtra,2025-01-17
C00324,Ria Jani,Male,24,Navi Mumbai,Uttarakhand,2023-05-17
C00325,Reyansh Mani,Female,38,Ramgarh,Chhattisgarh,2026-01-02
C00326,Pallavi Ramachandran,Male,51,Mangalore,Tamil Nadu,2025-11-02
C00327,Falguni Shah,Female,49,Hubli–Dharwad,Assam,2026-07-14
C00328,Amara Chana,Male,70,Nanded,Chhattisgarh,2022-10-31
C00329,Umang Chadha,Female,49,Nagpur,Punjab,2021-10-22
C00330,Dhriti Kanda,Male,31,Bally,Meghalaya,2021-08-03
C00331,Xavier Bains,Male,29,Patiala,Himachal Pradesh,2022-12-03
C00332,Aishani Bhatti,Female,60,Avadi,Goa,2023-08-15
C00333,Michael Master,Female,63,Siliguri,Nagaland,2024-02-05
C00334,Samar Ranganathan,Male,30,Shimoga,Haryana,2022-08-12
C00335,Yash Din,Female,64,Coimbatore,Himachal Pradesh,2024-11-10
C00336,Warinder Chandran,Male,37,Proddatur,Haryana,2024-06-25
C00337,Omisha Chokshi,Female,61,Tenali,Goa,2021-08-16
C00338,Fiyaz Bhatnagar,Male,20,Gangtok,Tamil Nadu,2026-03-24
C00339,Rehaan Lata,Female,49,Bhagalpur,Arunachal Pradesh,2023-01-18
C00340,Triveni Chaudhari,Female,40,Khammam,Odisha,2026-07-12
C00341,Owen Bala,Female,22,Gandhinagar,Arunachal Pradesh,2026-03-09
C00342,Vaishnavi Mitra,Female,48,Tadipatri,Chhattisgarh,2025-01-31
C00343,Girindra Chatterjee,Female,57,Howrah,Mizoram,2023-09-13
C00344,Mekhala Ben,Male,37,Bhatpara,Haryana,2025-10-08
C00345,Tanish Hari,Female,18,Mahbubnagar,Telangana,2025-03-07
C00346,Yatin Kalla,Male,41,Sangli-Miraj & Kupwad,Tamil Nadu,2024-02-13
C00347,Avi Seshadri,Female,26,Latur,Odisha,2025-07-19
C00348,Falak Gupta,Female,23,Ramgarh,Himachal Pradesh,2022-03-26
C00349,Jai Kapur,Male,36,Mira-Bhayandar,Odisha,2025-08-27
C00350,Bhavya Narasimhan,Male,29,Thoothukudi,Bihar,2025-05-20
C00351,Krishna Divan,Female,49,Tiruppur,Tripura,2022-05-15
C00352,Advaith Pradhan,Male,64,Raichur,Punjab,2023-10-27
C00353,Onkar Bassi,Male,20,Shimla,Rajasthan,2025-08-02
C00354,Chakradhar Tak,Female,19,Kolkata,Arunachal Pradesh,2022-04-21
C00355,Gavin Narayanan,Female,20,Bettiah,Gujarat,2023-05-18
C00356,Yoshita Gaba,Male,23,Srikakulam,Haryana,2023-05-24
C00357,Kamala Chakrabarti,Male,67,Haldia,Maharashtra,2024-10-30
C00358,Libni Virk,Female,43,Nagpur,Arunachal Pradesh,2024-03-16
C00359,Xavier Dixit,Male,24,Thanjavur,Jharkhand,2026-07-18
C00360,Raghav Raman,Female,43,Ludhiana,Himachal Pradesh,2022-01-02
C00361,Riya Manne,Female,49,Sultan Pur Majra,Rajasthan,2025-09-23
C00362,Udarsh Lala,Male,20,Giridih,Telangana,2025-10-27
C00363,Amara Bajaj,Male,29,Ramagundam,Assam,2022-12-01
C00364,Samarth Randhawa,Male,51,Mathura,Maharashtra,2024-05-12
C00365,Eshana Rana,Male,62,Agra,Jharkhand,2022-02-16
C00366,Bhavani Bir,Female,19,Tiruchirappalli,Kerala,2025-06-15
C00367,Mason Anand,Female,60,Darbhanga,Maharashtra,2022-07-15
C00368,Upkaar Keer,Male,69,Kalyan-Dombivli,Arunachal Pradesh,2025-12-18
C00369,Urishilla Oommen,Male,70,Vasai-Virar,Meghalaya,2022-04-17
C00370,Tanay Cheema,Male,69,Katihar,Rajasthan,2022-05-12
C00371,Aayush Tailor,Female,62,Raichur,Manipur,2023-12-09
C00372,Praneel Sami,Female,37,Panihati,Odisha,2023-03-20
C00373,Vidhi Sarna,Female,58,Srinagar,Bihar,2021-08-20
C00374,Harini Bava,Female,24,Ujjain,Maharashtra,2023-06-30
C00375,Barkha Tailor,Male,66,North Dumdum,Uttar Pradesh,2026-02-26
C00376,Saumya Gupta,Male,32,Mirzapur,Rajasthan,2026-06-09
C00377,Sathvik Ravi,Female,19,Vijayawada,Tripura,2024-01-15
C00378,Raksha Kota,Male,46,Dewas,Maharashtra,2022-03-05
C00379,Jack Om,Female,54,Kota,Andhra Pradesh,2025-05-28
C00380,Sanya Kant,Female,43,Chandrapur,Assam,2022-04-02
C00381,Alexander Madan,Male,18,Bhopal,Goa,2025-07-05
C00382,Saumya Buch,Male,20,Aizawl,Karnataka,2024-07-27
C00383,Yasti Narula,Male,59,Raebareli,Arunachal Pradesh,2025-07-26
C00384,Omaja Setty,Male,31,Madanapalle,Goa,2025-06-24
C00385,Yahvi Wali,Male,22,Vadodara,Jharkhand,2022-06-11
C00386,Nicholas Borde,Female,25,Erode,Tamil Nadu,2024-09-25
C00387,Anay Sami,Male,58,Gandhinagar,Jharkhand,2021-08-09
C00388,Krishna Rajan,Male,45,Nellore,Uttarakhand,2026-04-27
C00389,Nitesh Nayar,Male,20,Tiruvottiyur,Tripura,2023-01-08
C00390,Nicholas Acharya,Female,60,Sasaram,Kerala,2024-06-23
C00391,Ubika Sampath,Female,43,Ajmer,Mizoram,2021-11-12
C00392,Chaman Pathak,Female,32,Narasaraopet,Chhattisgarh,2024-06-24
C00393,Ansh Agrawal,Male,62,Jamshedpur,Tamil Nadu,2023-09-03
C00394,Bina Rao,Male,48,Khora ,Telangana,2026-03-15
C00395,Oliver Kapoor,Male,65,Tezpur,Meghalaya,2022-07-26
C00396,Zarna More,Female,21,Farrukhabad,Chhattisgarh,2022-11-25
C00397,Oliver Murty,Male,51,Bhavnagar,Punjab,2021-08-27
C00398,Omaja Pandya,Male,20,Bellary,Telangana,2025-04-04
C00399,Ojas Ben,Female,38,Mango,Maharashtra,2025-09-07
C00400,Hemangini Mammen,Female,58,Bhatpara,Haryana,2024-07-06
C00401,Udyati Rastogi,Male,54,Karaikudi,Tamil Nadu,2021-10-27
C00402,Eta Prabhu,Male,18,Faridabad,Mizoram,2025-02-02
C00403,Mohammed Kumar,Female,68,Srikakulam,Punjab,2024-01-27
C00404,Dayita Bora,Female,19,Raurkela Industrial Township,Odisha,2025-01-18
C00405,Pranit Sagar,Male,21,Dehradun,Tripura,2024-11-26
C00406,Timothy Ahluwalia,Male,38,Arrah,Maharashtra,2023-03-31
C00407,Robert Salvi,Male,59,Hajipur,Bihar,2026-01-12
C00408,Chakradev Murthy,Female,69,Dharmavaram,Rajasthan,2026-07-13
C00409,Ijaya Sundaram,Male,70,Sagar,Gujarat,2023-07-05
C00410,Sudiksha Barad,Female,21,Karimnagar,Punjab,2026-05-20
C00411,Janaki Memon,Female,42,Aligarh,Tripura,2021-07-31
C00412,Lohit Ravi,Male,19,Chennai,Arunachal Pradesh,2023-12-19
C00413,Chakradev Om,Male,60,Kumbakonam,Maharashtra,2022-11-14
C00414,Gopal Chandran,Male,42,Dehri,Goa,2025-07-21
C00415,Theodore Pillai,Male,68,Arrah,Telangana,2024-05-14
C00416,Fiyaz Banerjee,Female,45,Nadiad,Sikkim,2023-11-08
C00417,Siya Acharya,Male,54,Mango,Madhya Pradesh,2023-11-19
C00418,Yutika Contractor,Male,31,Bokaro,Maharashtra,2025-06-17
C00419,Naksh Rama,Female,28,Mirzapur,Rajasthan,2023-08-21
C00420,Varenya Kalita,Male,60,Kharagpur,Uttarakhand,2022-08-27
C00421,Chandran Sachar,Female,22,Bilaspur,Tamil Nadu,2023-10-12
C00422,Abha Batra,Female,62,Khora ,West Bengal,2022-02-28
C00423,Timothy Grover,Male,61,Thiruvananthapuram,Goa,2026-03-01
C00424,Leena Sampath,Female,62,Varanasi,Andhra Pradesh,2022-07-17
C00425,Wishi Luthra,Female,27,Bokaro,Gujarat,2026-06-17
C00426,Dominic Bhat,Female,22,Hapur,Madhya Pradesh,2025-12-09
C00427,Eshana Rama,Male,39,Amroha,Himachal Pradesh,2023-04-22
C00428,Abha Ganesh,Male,44,Aurangabad,Assam,2023-02-15
C00429,Ekiya Sachdev,Female,19,Bhopal,Haryana,2021-10-07
C00430,Aadi Koshy,Male,29,Bijapur,Punjab,2021-08-05
C00431,Harshil Prashad,Female,52,Vellore,Jharkhand,2025-10-06
C00432,Abha Nagar,Male,40,Agra,Gujarat,2024-11-09
C00433,Azad Mannan,Female,19,Kharagpur,West Bengal,2026-05-14
C00434,Gautami Swamy,Male,45,Tiruchirappalli,Nagaland,2024-04-10
C00435,Xiti Khalsa,Female,30,Kollam,Telangana,2023-10-01
C00436,Reyansh Kata,Female,43,Sasaram,Tripura,2023-10-13
C00437,Tanveer Hari,Female,27,Gorakhpur,Telangana,2022-01-11
C00438,Vasatika Mammen,Male,28,Kollam,Jharkhand,2022-08-26
C00439,Zilmil Dara,Male,45,Kalyan-Dombivli,Madhya Pradesh,2024-08-23
C00440,Unni Wali,Female,35,Akola,Goa,2024-03-30
C00441,Urvashi Dhingra,Female,59,Ujjain,Andhra Pradesh,2023-04-19
C00442,Andrew Krish,Male,58,Ambala,West Bengal,2024-03-17
C00443,Bachittar Kannan,Male,69,Shimla,Jharkhand,2026-06-18
C00444,William Kata,Female,59,Mahbubnagar,Goa,2024-11-24
C00445,Urishilla Saha,Female,39,Latur,Sikkim,2024-07-08
C00446,Kashvi Joshi,Male,32,Tinsukia,Karnataka,2022-08-05
C00447,Om Gour,Female,39,Chapra,Assam,2025-08-22
C00448,Ekanta Bawa,Male,40,Nadiad,Mizoram,2023-07-22
C00449,Hemang Pradhan,Female,48,Pudukkottai,Tamil Nadu,2022-05-06
C00450,Advika Srivastava,Female,28,New Delhi,Karnataka,2023-05-30
C00451,Xiti Apte,Male,56,Hospet,Odisha,2021-12-23
C00452,Avni Bhagat,Female,67,Kochi,Jharkhand,2024-08-05
C00453,Chatura Suri,Male,49,Mehsana,Mizoram,2026-03-21
C00454,Madhavi Gaba,Female,19,Agartala,Gujarat,2025-01-19
C00455,Ekbal Bhandari,Male,28,Warangal,Rajasthan,2023-09-15
C00456,Mugdha Sheth,Male,29,Howrah,Chhattisgarh,2024-01-24
C00457,Nidra Balasubramanian,Male,64,Adoni,Kerala,2021-09-26
C00458,Hemangini Palla,Female,69,Chandrapur,Odisha,2026-02-08
C00459,Omya Kunda,Male,47,Madanapalle,Gujarat,2026-06-22
C00460,Zaitra Pau,Female,18,Nizamabad,Gujarat,2026-05-07
C00461,Kiaan Mammen,Male,36,Tinsukia,Himachal Pradesh,2025-04-03
C00462,Timothy Bir,Female,65,Salem,Himachal Pradesh,2023-10-30
C00463,Rachana Bera,Female,54,Ajmer,Karnataka,2022-02-03
C00464,Chaitanya Chacko,Female,41,Pallavaram,Karnataka,2025-05-29
C00465,Nitesh Bansal,Male,22,Patna,Punjab,2026-01-06
C00466,Siddharth Bansal,Male,22,Jamshedpur,Odisha,2024-08-30
C00467,Daniel Misra,Female,52,Gandhidham,Tripura,2025-02-26
C00468,Charvi Prakash,Male,49,Tiruppur,Punjab,2023-12-31
C00469,Ishanvi Ganguly,Female,63,Gandhidham,Sikkim,2023-02-08
C00470,Ubika Chaudry,Male,54,Siwan,Bihar,2022-07-08
C00471,Maanas Ratta,Male,36,Srikakulam,Rajasthan,2026-06-06
C00472,Sai Ravi,Female,18,Aurangabad,Andhra Pradesh,2024-04-10
C00473,Aashi Batra,Female,58,Nellore,Manipur,2024-08-17
C00474,Lavanya Chaudhuri,Female,56,Etawah,Nagaland,2022-05-07
C00475,Gautam Pant,Male,42,Aligarh,Punjab,2024-07-06
C00476,Mahika Mahal,Female,40,Shimla,Maharashtra,2024-11-06
C00477,Manya Zacharia,Female,35,Berhampore,Assam,2024-12-17
C00478,Vasana Srinivas,Female,35,Cuttack,Madhya Pradesh,2023-10-08
C00479,Vritti Mand,Male,38,Rewa,Assam,2025-09-28
C00480,Vinaya Sandal,Male,54,Amritsar,Nagaland,2021-12-03
C00481,Kavya Kari,Male,25,Kirari Suleman Nagar,Punjab,2024-02-23
C00482,Nitesh Ravi,Female,69,Ludhiana,Assam,2022-11-12
C00483,Harshil Mangat,Female,50,Nanded,Gujarat,2022-01-08
C00484,Vaishnavi Muni,Male,69,Mira-Bhayandar,Gujarat,2022-01-01
C00485,Qasim Sachdeva,Male,52,Jamnagar,Odisha,2022-01-23
C00486,Rishi Kothari,Male,68,Muzaffarnagar,Rajasthan,2024-01-16
C00487,Ladli Manda,Female,58,Salem,Sikkim,2026-03-27
C00488,Gaurika Chawla,Female,64,Fatehpur,Haryana,2024-11-18
C00489,Widisha Date,Male,57,Kollam,Odisha,2023-07-17
C00490,Unni Keer,Female,41,Narasaraopet,Chhattisgarh,2022-05-27
C00491,Charvi Mody,Male,40,Saharanpur,Andhra Pradesh,2021-10-09
C00492,Harish Rai,Male,18,Sambalpur,Assam,2023-09-17
C00493,Anya Mistry,Female,34,Dewas,Sikkim,2022-07-17
C00494,Libni Halder,Female,51,Bhiwani,Bihar,2024-01-06
C00495,Aayush Nanda,Male,24,Panihati,Haryana,2024-07-29
C00496,Gaurangi Ramanathan,Male,43,Bardhaman,Haryana,2023-04-06
C00497,Turvi Oza,Male,55,Ambala,Haryana,2024-06-14
C00498,Vanya Tiwari,Male,46,Siwan,Punjab,2025-04-25
C00499,Sai Mittal,Female,30,Ongole,Gujarat,2021-08-25
C00500,Pahal Dube,Male,53,Silchar,Himachal Pradesh,2022-06-02
C00501,Matthew Deep,Female,52,Tirunelveli,West Bengal,2026-06-12
C00502,Wazir Singh,Male,57,Raiganj,Tamil Nadu,2026-02-16
C00503,Chandresh Mangal,Male,66,Gandhidham,Rajasthan,2022-06-01
C00504,Dayamai Andra,Male,43,Mehsana,Nagaland,2022-08-22
C00505,Wahab Dass,Female,57,Thiruvananthapuram,Punjab,2025-07-28
C00506,Udyati Behl,Female,27,Ulhasnagar,Manipur,2021-11-24
C00507,Ekanta Shroff,Female,26,Saharsa,Rajasthan,2022-06-25
C00508,Yashasvi Munshi,Female,34,Kolhapur,Madhya Pradesh,2022-07-02
C00509,Rishi Chaudhry,Male,27,Warangal,Rajasthan,2025-09-15
C00510,Tanay Mangat,Female,19,Sirsa,Haryana,2026-01-24
C00511,Eiravati Shenoy,Male,59,Raebareli,Chhattisgarh,2022-12-02
C00512,Jagat Hayre,Female,24,Erode,West Bengal,2022-10-10
C00513,Dipta Buch,Female,20,Amroha,Madhya Pradesh,2025-06-24
C00514,Andrew Prabhu,Male,31,Patna,Uttar Pradesh,2025-11-15
C00515,Wriddhish Saran,Female,59,Karaikudi,Goa,2024-04-22
C00516,Utkarsh Devan,Male,67,Meerut,Assam,2023-08-07
C00517,Omaja Karan,Female,36,Sikar,Bihar,2024-08-10
C00518,Jairaj Bir,Female,30,Anantapuram,Tripura,2021-12-21
C00519,Dakshesh Subramaniam,Male,51,Pali,Himachal Pradesh,2024-11-04
C00520,Kamya Buch,Male,39,Tiruchirappalli,Tripura,2023-03-08
C00521,Veda Jain,Male,30,Kakinada,Mizoram,2025-05-21
C00522,Eesha Devi,Male,29,Haridwar,Kerala,2024-05-15
C00523,Matthew Yadav,Female,29,Tiruchirappalli,West Bengal,2022-07-15
C00524,Jalsa Gade,Male,38,Ulhasnagar,Himachal Pradesh,2022-02-09
C00525,Gautam Dewan,Male,23,Sultan Pur Majra,Rajasthan,2023-08-22
C00526,Hiral Rajan,Female,42,Raichur,Maharashtra,2022-12-15
C00527,Upkaar Aggarwal,Male,23,Unnao,Andhra Pradesh,2025-10-13
C00528,Gunbir Kapadia,Female,20,Mango,Arunachal Pradesh,2023-07-26
C00529,Hemangini Kapur,Male,59,Jalandhar,Madhya Pradesh,2024-07-18
C00530,Meera Narain,Male,37,Ludhiana,Sikkim,2025-01-07
C00531,Prisha Rana,Male,44,Karawal Nagar,Chhattisgarh,2023-05-08
C00532,Nilima Kulkarni,Female,66,Sambalpur,Chhattisgarh,2022-07-31
C00533,Upma Basak,Female,70,Adoni,Arunachal Pradesh,2023-08-01
C00534,Anvi Parmer,Male,27,Salem,Tamil Nadu,2025-08-10
C00535,Chavvi Das,Female,26,Gangtok,Maharashtra,2023-12-01
C00536,Chameli Chakraborty,Female,37,Dehri,Madhya Pradesh,2025-01-13
C00537,Kai Andra,Male,56,Srinagar,Uttar Pradesh,2025-01-19
C00538,Bishakha Comar,Male,67,Thrissur,Punjab,2021-07-27
C00539,Aachal Joshi,Male,37,Hindupur,Goa,2022-07-11
C00540,Upkaar Gala,Male,50,Satara,Telangana,2025-11-11
C00541,Megha Dhawan,Female,43,Bhiwandi,Uttar Pradesh,2023-02-21
C00542,Yashawini Devan,Female,67,Bongaigaon,Karnataka,2023-07-29
C00543,Meera Chand,Male,58,Bhiwandi,Rajasthan,2022-07-31
C00544,Krish Hayre,Female,54,Serampore,Karnataka,2023-09-12
C00545,Baljiwan Puri,Female,64,Unnao,Manipur,2026-03-31
C00546,Lakshit Narang,Female,59,Sultan Pur Majra,Haryana,2024-04-03
C00547,Qasim Sen,Male,44,Mahbubnagar,Maharashtra,2022-11-28
C00548,Yutika Prashad,Female,31,Srinagar,Andhra Pradesh,2025-04-23
C00549,Girik Pant,Male,35,Guna,Karnataka,2022-01-17
C00550,Eshana Sehgal,Male,25,Srinagar,Odisha,2025-10-26
C00551,Riya Puri,Male,40,Sultan Pur Majra,Nagaland,2024-05-05
C00552,Idika Sarkar,Male,54,Vijayanagaram,Haryana,2026-02-14
C00553,Yachana Mohanty,Female,66,Patna,Odisha,2025-03-02
C00554,Ladli Wali,Male,34,Chapra,Maharashtra,2023-07-16
C00555,Hema Samra,Female,36,Mangalore,Bihar,2024-11-27
C00556,Vedhika Andra,Female,33,Ranchi,Maharashtra,2025-09-12
C00557,Bakhshi Hayer,Male,41,Tirupati,Himachal Pradesh,2023-10-07
C00558,Chanchal Kapur,Female,39,Yamunanagar,Rajasthan,2022-09-25
C00559,Yoshita Dube,Male,36,Narasaraopet,Goa,2024-08-24
C00560,George Mitter,Male,22,Bijapur,Uttar Pradesh,2022-07-06
C00561,Unnati Bhatt,Female,69,Belgaum,Arunachal Pradesh,2023-08-15
C00562,Chatresh Dewan,Male,39,Arrah,Odisha,2025-08-08
C00563,Varenya Narayanan,Female,23,Mehsana,Kerala,2024-12-08
C00564,Matthew Kota,Female,66,Raipur,Arunachal Pradesh,2024-03-19
C00565,Vedika Pillai,Female,33,Avadi,Mizoram,2023-03-22
C00566,Ethan Wali,Male,36,Tirupati,Tamil Nadu,2025-06-03
C00567,Aarav Ram,Female,63,Gaya,Maharashtra,2022-05-17
C00568,Niharika Prasad,Female,55,Suryapet,Uttarakhand,2023-03-03
C00569,Maya Suresh,Male,36,Gandhinagar,Uttarakhand,2025-11-29
C00570,Xalak Singhal,Female,52,Gwalior,Andhra Pradesh,2022-02-03
C00571,Veer Ganesh,Male,31,Durgapur,Meghalaya,2024-02-01
C00572,Wishi Mane,Male,44,Kanpur,Punjab,2022-08-31
C00573,Anay Majumdar,Male,38,Aizawl,Madhya Pradesh,2025-02-07
C00574,Dayita Dubey,Female,67,Rourkela,Himachal Pradesh,2021-10-20
C00575,Jagvi Johal,Male,45,Alwar,Assam,2025-12-18
C00576,Xiti Munshi,Male,37,Aizawl,West Bengal,2025-02-28
C00577,Harshil Merchant,Male,30,Bathinda,Chhattisgarh,2025-02-24
C00578,Tanmayi Om,Female,24,Saharanpur,Haryana,2022-05-25
C00579,Dayita Mand,Female,51,Ghaziabad,Madhya Pradesh,2025-03-17
C00580,Pranit Badal,Female,27,Ambattur,Manipur,2022-10-05
C00581,Mitali Luthra,Male,52,Narasaraopet,Sikkim,2023-05-13
C00582,Falan Solanki,Female,49,Rajahmundry,Assam,2025-07-11
C00583,Mitali Sant,Male,22,Aurangabad,Rajasthan,2023-12-30
C00584,Shivansh Keer,Male,31,Tirupati,Sikkim,2025-01-28
C00585,Abhiram Zachariah,Male,67,Kamarhati,Haryana,2026-05-28
C00586,Gauri Rajan,Female,34,Giridih,Haryana,2025-03-17
C00587,Manbir Sehgal,Female,48,Machilipatnam,Tripura,2022-10-19
C00588,Vritti Ganesh,Male,61,Patiala,Gujarat,2023-07-18
C00589,Anika Maharaj,Male,41,Jorhat,Tamil Nadu,2024-01-03
C00590,Radha Ben,Male,21,Thiruvananthapuram,Tamil Nadu,2023-02-20
C00591,Chandani Chandran,Male,57,Siliguri,Uttarakhand,2022-11-13
C00592,Faris Buch,Female,64,Visakhapatnam,Nagaland,2024-09-01
C00593,Sai Kaul,Female,53,Kulti,Himachal Pradesh,2022-03-18
C00594,Vansha Mann,Female,39,Ghaziabad,Haryana,2025-08-27
C00595,Oni Keer,Female,57,Bahraich,Arunachal Pradesh,2025-05-25
C00596,Hiral Mammen,Female,66,Nellore,Andhra Pradesh,2021-11-30
C00597,Jalsa Choudhary,Female,53,Thanjavur,Telangana,2024-12-04
C00598,Jagrati Uppal,Male,56,Tiruppur,Punjab,2022-07-05
C00599,Vrinda Pau,Male,64,Durgapur,Telangana,2022-10-04
C00600,Qabil Samra,Male,61,Dehri,Gujarat,2024-11-20
C00601,Vritti Shukla,Female,46,Barasat,Nagaland,2026-01-24
C00602,Chatresh Dhar,Female,53,Farrukhabad,Chhattisgarh,2025-01-17
C00603,Odika Koshy,Male,68,Bidar,Mizoram,2024-05-12
C00604,Yashvi Natt,Male,60,Nagercoil,Meghalaya,2025-07-26
C00605,Dev Hora,Female,32,Gwalior,Haryana,2024-09-23
C00606,Dayamai Agarwal,Female,27,Bhalswa Jahangir Pur,Maharashtra,2022-07-15
C00607,Krishna Hora,Female,33,Phagwara,Maharashtra,2024-11-17
C00608,Yatan Yadav,Male,39,Mira-Bhayandar,Gujarat,2021-09-10
C00609,Elijah Khalsa,Female,55,Gulbarga,Karnataka,2021-10-23
C00610,Nihal Gandhi,Male,24,Jammu,Bihar,2025-08-28
C00611,Mekhala Bhavsar,Female,69,Srinagar,Nagaland,2022-05-17
C00612,Arunima Puri,Male,61,Bettiah,Maharashtra,2023-09-12
C00613,Lakshmi Solanki,Female,59,Imphal,Nagaland,2021-08-26
C00614,Ishwar Sekhon,Male,63,Anantapur,Assam,2023-11-01
C00615,Pooja Sarma,Female,67,Kulti,Telangana,2026-07-18
C00616,Janani Mammen,Female,19,Khora ,Tripura,2025-04-03
C00617,Samarth Nair,Female,33,Latur,Haryana,2022-02-13
C00618,Mohammed Char,Male,58,Sikar,Punjab,2025-03-08
C00619,Avni Nagarajan,Female,59,Jhansi,Rajasthan,2025-03-23
C00620,Bimala Guha,Female,28,Hapur,Meghalaya,2025-01-07
C00621,Amol Saini,Male,40,Morbi,West Bengal,2024-09-25
C00622,Bachittar Sunder,Female,50,Amaravati,Tamil Nadu,2025-09-03
C00623,Arin Lal,Male,63,Bellary,Uttarakhand,2024-06-18
C00624,Megha Shetty,Female,38,Ajmer,Sikkim,2025-11-15
C00625,Jason Doctor,Female,55,Tirupati,Meghalaya,2022-07-27
C00626,Ranveer Chokshi,Female,41,Dehri,Odisha,2024-01-16
C00627,Reva Dhingra,Male,26,Sambalpur,Uttarakhand,2021-10-30
C00628,Nilima Bali,Female,49,Bardhaman,Mizoram,2026-02-20
C00629,Madhav Dhawan,Female,41,Muzaffarnagar,Odisha,2024-11-23
C00630,Damyanti Garg,Male,47,Kottayam,Tamil Nadu,2026-06-27
C00631,Mekhala Parekh,Female,65,Gorakhpur,Assam,2023-06-25
C00632,Leela Nagi,Male,63,South Dumdum,Rajasthan,2026-01-05
C00633,Parth Bajwa,Male,56,Tinsukia,Goa,2023-10-16
C00634,Ansh Shenoy,Male,21,Ambattur,Jharkhand,2024-09-14
C00635,Ubika Sura,Male,48,Junagadh,Uttarakhand,2023-03-27
C00636,Chatura Garde,Female,28,Munger,Telangana,2024-08-05
C00637,Rehaan Ratta,Female,61,Durg,Sikkim,2022-02-14
C00638,Amrita Nadig,Male,65,Jalgaon,Uttar Pradesh,2024-06-20
C00639,Matthew Chand,Female,48,Gudivada,West Bengal,2024-05-28
C00640,Tanveer Gara,Male,20,Sultan Pur Majra,Haryana,2026-06-19
C00641,Sudiksha Deshmukh,Male,66,Ramgarh,Karnataka,2022-06-07
C00642,Bhanumati Gala,Female,50,Meerut,Bihar,2021-08-15
C00643,Bishakha Mander,Female,37,Asansol,Manipur,2023-02-21
C00644,Hemang Sundaram,Male,46,Surat,Tripura,2021-12-18
C00645,Isaac Parikh,Male,51,Rajahmundry,Madhya Pradesh,2025-12-12
C00646,Hiral Pathak,Male,48,Aurangabad,Karnataka,2024-02-14
C00647,Azaan Parikh,Female,23,Latur,Uttar Pradesh,2025-09-29
C00648,Yagnesh Narayanan,Male,58,Gudivada,Bihar,2024-01-15
C00649,Fariq Mody,Female,67,Anand,Rajasthan,2025-10-21
C00650,Finn Bali,Male,41,Srikakulam,Arunachal Pradesh,2022-08-28
C00651,Sai Mistry,Male,29,Nadiad,West Bengal,2022-01-09
C00652,Aradhana Bera,Male,47,Dibrugarh,Haryana,2024-04-28
C00653,Krisha Varty,Female,58,Eluru,Goa,2025-03-28
C00654,Jasmit Dass,Female,38,Khandwa,Madhya Pradesh,2025-10-10
C00655,Finn Sachdev,Female,21,Dharmavaram,Jharkhand,2023-09-16
C00656,Oeshi Johal,Female,65,Aligarh,Chhattisgarh,2022-01-25
C00657,Yug Hegde,Male,41,Bilaspur,Meghalaya,2024-05-07
C00658,Lila Kala,Female,39,Gorakhpur,Uttarakhand,2024-05-27
C00659,Qarin Desai,Female,46,Gaya,Uttar Pradesh,2022-12-01
C00660,Tarak Saha,Female,45,Mysore,Arunachal Pradesh,2023-09-16
C00661,Nihal Randhawa,Female,39,Tirunelveli,Uttarakhand,2023-12-11
C00662,Harish Dhar,Female,37,Bardhaman,Bihar,2023-03-16
C00663,Dalaja Bedi,Male,57,Patna,Karnataka,2022-11-10
C00664,Aradhana Rau,Male,51,Mango,Goa,2025-11-04
C00665,Arya Bhargava,Male,47,Hyderabad,Arunachal Pradesh,2022-03-16
C00666,Manya Chandra,Male,20,Ongole,Gujarat,2022-07-01
C00667,Harinakshi Om,Male,45,Gandhidham,Goa,2022-06-30
C00668,Jalsa Rau,Female,51,Shimla,Maharashtra,2026-06-13
C00669,Vedika Bains,Female,46,Bhind,Gujarat,2025-08-24
C00670,Ucchal Madan,Male,26,Sultan Pur Majra,Goa,2025-12-17
C00671,Daksh Pradhan,Female,28,Khammam,Meghalaya,2024-05-21
C00672,Kabir Rai,Male,36,Sasaram,West Bengal,2023-05-07
C00673,Shravya Zachariah,Female,50,Bareilly,Manipur,2022-12-12
C00674,Ishaan Barman,Male,54,Farrukhabad,Punjab,2025-07-11
C00675,Liam Mander,Female,58,Rajpur Sonarpur,Madhya Pradesh,2022-06-24
C00676,Amara Chaudhary,Male,69,Nandyal,Tamil Nadu,2021-11-29
C00677,Yashoda Sinha,Male,58,Ludhiana,Manipur,2025-03-30
C00678,Naksh Trivedi,Male,58,Chennai,Punjab,2024-01-06
C00679,Upkaar D’Alia,Male,39,Guna,Manipur,2023-12-24
C00680,Gaurang Zachariah,Female,34,Bhavnagar,Bihar,2021-09-06
C00681,Vritti Barad,Female,67,Belgaum,Andhra Pradesh,2024-12-15
C00682,Laksh Chaudhry,Male,39,Nagaon,Tamil Nadu,2025-07-01
C00683,Samarth Cheema,Female,28,Chittoor,Karnataka,2025-12-01
C00684,Tanvi Mishra,Female,49,Chinsurah,Madhya Pradesh,2023-08-18
C00685,Watika Bir,Female,47,Amaravati,Tripura,2022-01-08
C00686,Yashoda Atwal,Male,61,Bihar Sharif,Manipur,2022-12-23
C00687,Jacob Pandit,Female,47,Bareilly,Kerala,2022-07-11
C00688,Watika Kuruvilla,Male,67,Singrauli,West Bengal,2021-12-25
C00689,Ishaan Thaker,Female,30,Meerut,Goa,2024-03-09
C00690,Aashi Mall,Female,28,Latur,Meghalaya,2023-03-16
C00691,Nitara Dar,Female,50,Alwar,Arunachal Pradesh,2022-01-23
C00692,Gavin Gandhi,Female,41,Durgapur,Chhattisgarh,2024-08-28
C00693,Yachana Contractor,Female,50,Burhanpur,Jharkhand,2024-04-10
C00694,Lila Garde,Female,52,Sri Ganganagar,Uttar Pradesh,2025-08-08
C00695,Abhimanyu Vyas,Female,68,Hubli–Dharwad,Sikkim,2026-05-19
C00696,Nirja Dutta,Female,37,Narasaraopet,Gujarat,2023-03-17
C00697,Joshua Ravel,Female,51,Muzaffarnagar,Mizoram,2026-06-10
C00698,Aadi Dhillon,Male,21,Jabalpur,Tripura,2024-09-05
C00699,Gaurika Narain,Male,41,Tumkur,Himachal Pradesh,2024-10-02
C00700,Owen Vasa,Female,36,Farrukhabad,Mizoram,2026-05-21
C00701,Abeer Keer,Female,23,Kanpur,Bihar,2024-09-08
C00702,Harinakshi Nair,Male,51,Ongole,Maharashtra,2023-09-09
C00703,Samesh Chaudhari,Male,29,Silchar,Madhya Pradesh,2023-07-13
C00704,Faqid Babu,Female,32,Sagar,Tripura,2022-12-26
C00705,Janya Nadkarni,Female,51,Asansol,Andhra Pradesh,2022-01-28
C00706,Kevin Khalsa,Female,57,Aurangabad,Rajasthan,2023-08-03
C00707,Tanay Narang,Female,39,Salem,Meghalaya,2025-11-12
C00708,Krisha Gulati,Female,35,Patna,Arunachal Pradesh,2024-05-10
C00709,Aarush Maharaj,Male,21,Unnao,Gujarat,2026-05-03
C00710,Aadi Aggarwal,Male,48,Karawal Nagar,Telangana,2026-03-24
C00711,Agastya Cherian,Male,39,Bhiwandi,Madhya Pradesh,2023-12-28
C00712,Tripti Behl,Female,27,Bally,Mizoram,2024-12-02
C00713,Inaya Sodhi,Male,34,Muzaffarpur,Telangana,2022-04-29
C00714,Ayush Thaker,Male,67,Solapur,Tamil Nadu,2023-03-18
C00715,Sarthak Krish,Male,48,Junagadh,Assam,2022-04-12
C00716,Jalsa Devi,Male,52,Panchkula,Punjab,2023-02-09
C00717,Balendra Ratta,Male,45,Madurai,Tripura,2023-08-27
C00718,Varenya Subramanian,Male,67,South Dumdum,Arunachal Pradesh,2024-10-30
C00719,Gautami Sanghvi,Female,33,Tumkur,Arunachal Pradesh,2022-02-04
C00720,Peter Agrawal,Male,38,Bhimavaram,Punjab,2023-11-28
C00721,Mahika Sarkar,Female,52,Vadodara,Telangana,2023-01-17
C00722,Indrajit Patel,Male,56,Bahraich,Uttar Pradesh,2025-07-10
C00723,Mekhala Bakshi,Male,66,Durg,Telangana,2025-08-17
C00724,Ishaan Mutti,Female,42,Noida,Meghalaya,2022-10-11
C00725,Darpan Dhar,Female,64,Siwan,Chhattisgarh,2022-08-02
C00726,Sara D’Alia,Male,39,Dehri,Manipur,2025-02-25
C00727,Teerth Brar,Female,23,Ahmednagar,Mizoram,2024-07-22
C00728,Samarth Kumar,Male,45,Solapur,Uttarakhand,2022-11-25
C00729,Anika Chaudry,Female,45,Katni,Rajasthan,2024-06-18
C00730,Christopher Bhatia,Male,52,Gandhinagar,Himachal Pradesh,2022-11-28
C00731,Tejas Din,Female,69,Guntakal,Haryana,2024-08-30
C00732,Chameli Thaman,Male,67,Bongaigaon,Tripura,2022-07-14
C00733,Yashodhara Lad,Male,48,Jamshedpur,Uttar Pradesh,2023-02-09
C00734,Dominic Taneja,Male,61,Amritsar,Assam,2026-03-29
C00735,Chaitanya Dani,Male,51,Ongole,Haryana,2023-05-27
C00736,Nihal Sabharwal,Female,48,Nashik,Gujarat,2024-04-30
C00737,Rajeshri Kumar,Male,60,South Dumdum,Arunachal Pradesh,2023-11-21
C00738,Abha Khatri,Female,24,Ozhukarai,Chhattisgarh,2021-08-09
C00739,Zayyan Chaudry,Male,23,Bangalore,Kerala,2025-11-10
C00740,Christopher Prasad,Male,66,Agra,Bihar,2024-09-08
C00741,Anjali Chaudry,Female,48,Kamarhati,Tamil Nadu,2025-12-24
C00742,Vyanjana Chaudhari,Female,38,Nadiad,Himachal Pradesh,2022-07-30
C00743,Tanveer Dara,Female,59,Adoni,Uttarakhand,2022-09-01
C00744,Benjamin Modi,Male,30,Kakinada,West Bengal,2025-02-06
C00745,Kamya Suri,Male,58,Mira-Bhayandar,Rajasthan,2026-02-03
C00746,Harinakshi Kade,Male,69,Muzaffarnagar,Nagaland,2025-10-28
C00747,Osha Kothari,Male,60,Kurnool,Mizoram,2024-10-05
C00748,Rishi Bains,Male,48,Bidar,Gujarat,2023-09-15
C00749,Viraj Das,Male,34,Anantapuram,Gujarat,2025-08-20
C00750,Ijaya Pau,Female,69,Muzaffarpur,Haryana,2025-12-15
C00751,David Prabhu,Female,29,New Delhi,West Bengal,2023-09-28
C00752,Ati Tak,Male,39,Amritsar,Sikkim,2022-05-21
C00753,Robert Dey,Male,61,Howrah,Andhra Pradesh,2024-12-28
C00754,Zansi Sama,Male,60,Aligarh,Madhya Pradesh,2024-05-30
C00755,Sachi Brar,Male,53,Jaunpur,Karnataka,2022-11-28
C00756,Wishi Suri,Female,42,Udaipur,Mizoram,2021-10-18
C00757,Lopa Badami,Female,37,Indore,Tripura,2023-07-15
C00758,Abhimanyu Dasgupta,Female,41,Jammu,Sikkim,2025-06-24
C00759,Amara Doctor,Male,41,Silchar,Meghalaya,2022-12-07
C00760,Triya Singhal,Female,37,Allahabad,Manipur,2023-11-09
C00761,Jagrati Mammen,Female,58,Aizawl,Kerala,2023-06-10
C00762,Owen Dash,Female,45,Navi Mumbai,Odisha,2025-06-01
C00763,Azad Chaudhuri,Female,47,Kozhikode,Tripura,2025-10-08
C00764,Aishani Parsa,Male,46,Raebareli,Gujarat,2025-04-08
C00765,Ethan Borde,Female,18,Bongaigaon,Jharkhand,2024-08-04
C00766,Yauvani Ghosh,Female,55,Hyderabad,Meghalaya,2025-03-08
C00767,Sathvik Borah,Female,66,Danapur,Tamil Nadu,2023-03-20
C00768,Vansha Chacko,Male,54,Bhiwani,Kerala,2025-03-25
C00769,Divya Sandal,Male,24,Rourkela,Nagaland,2023-05-01
C00770,Chatura Biswas,Male,20,Dewas,Gujarat,2022-07-02
C00771,Yashasvi Mukherjee,Female,45,Anantapuram,Goa,2021-11-04
C00772,Saanvi Majumdar,Male,69,Thanjavur,Madhya Pradesh,2024-02-06
C00773,Radha Naidu,Female,27,Morbi,Meghalaya,2024-06-24
C00774,Banjeet Lad,Female,40,Phusro,Odisha,2023-01-16
C00775,Devansh Prasad,Male,28,Noida,Odisha,2025-03-05
C00776,Damyanti Johal,Female,36,Bhind,Manipur,2022-02-01
C00777,Dakshesh Bakshi,Female,56,Kottayam,Gujarat,2023-03-24
C00778,Vamakshi Oak,Female,58,Hapur,Jharkhand,2022-03-08
C00779,Darpan Naik,Female,55,Narasaraopet,Gujarat,2025-10-06
C00780,Madhav Mangal,Male,27,Barasat,Manipur,2021-12-07
C00781,Zinal Uppal,Male,40,Vadodara,Himachal Pradesh,2024-03-06
C00782,Ekantika Chandran,Female,59,Cuttack,Mizoram,2024-10-26
C00783,Aadi Yadav,Female,25,Hubli–Dharwad,Kerala,2023-07-26
C00784,Eshana Kale,Male,58,Jhansi,Tamil Nadu,2022-01-28
C00785,Yachana Sarma,Male,18,Sasaram,Manipur,2023-10-25
C00786,Shaurya Bobal,Female,34,Etawah,Meghalaya,2025-09-08
C00787,Upkaar Virk,Male,45,Jammu,Punjab,2024-08-26
C00788,Jatin Pandya,Female,49,Bijapur,Odisha,2024-09-04
C00789,Harrison Kumer,Female,25,Ramgarh,Madhya Pradesh,2023-11-06
C00790,Tanvi Tiwari,Male,60,Bikaner,Chhattisgarh,2026-02-27
C00791,Ekaja Dixit,Male,20,Bhubaneswar,Uttar Pradesh,2025-12-25
C00792,Manya Chakrabarti,Female,37,Malegaon,Maharashtra,2021-08-07
C00793,Inaya Jayaraman,Female,18,Khammam,Jharkhand,2022-06-01
C00794,Baljiwan Barad,Female,25,Secunderabad,Jharkhand,2023-07-08
C00795,Amruta Bajwa,Female,32,Kumbakonam,Chhattisgarh,2025-01-26
C00796,Aahana Raju,Female,32,Alwar,Goa,2023-03-21
C00797,Harinakshi Kota,Male,59,Karimnagar,Tripura,2022-01-13
C00798,Gagan Dhar,Female,29,Karimnagar,Andhra Pradesh,2022-05-28
C00799,Mugdha Pillai,Female,35,Vadodara,Punjab,2022-03-22
C00800,Vansha Sawhney,Female,38,Gangtok,Uttar Pradesh,2024-02-22
C00801,Ishani Mannan,Female,65,Nagpur,Tamil Nadu,2025-04-09
C00802,Luke Amble,Male,51,Raurkela Industrial Township,Jharkhand,2026-01-17
C00803,Amrita Dugal,Female,53,Ratlam,Maharashtra,2026-03-05
C00804,Henry Ganesan,Male,22,Chinsurah,Madhya Pradesh,2026-04-04
C00805,Indrajit Mann,Male,60,Bhopal,Goa,2025-02-19
C00806,Christopher Kapoor,Male,30,Tiruppur,Chhattisgarh,2025-01-22
C00807,Nicholas Mand,Female,41,Nandyal,Goa,2025-08-12
C00808,Neha Sathe,Female,58,Rewa,Mizoram,2026-05-17
C00809,Girindra Khanna,Male,21,Barasat,Uttar Pradesh,2025-11-14
C00810,Harini Parsa,Female,23,Barasat,Karnataka,2023-05-31
C00811,Veda Prabhu,Female,70,Ajmer,Rajasthan,2025-11-16
C00812,Vedika Bhasin,Female,67,Aligarh,Maharashtra,2024-10-04
C00813,Faris Goswami,Female,24,Tadipatri,Andhra Pradesh,2024-12-10
C00814,Kala Lal,Male,66,Nadiad,Arunachal Pradesh,2022-02-18
C00815,Zaid Gaba,Female,23,Maheshtala,Nagaland,2025-10-15
C00816,Ikshita Yogi,Female,19,Bettiah,Karnataka,2022-08-19
C00817,Kabir Ganesan,Male,67,Chennai,Nagaland,2022-02-01
C00818,Jeremiah Mangat,Male,51,Chittoor,Rajasthan,2022-01-09
C00819,Rachita Agate,Male,55,Jaipur,Gujarat,2021-10-10
C00820,Ishani Kuruvilla,Female,19,Mira-Bhayandar,Sikkim,2022-01-08
C00821,Januja Chandra,Female,57,Ulhasnagar,Manipur,2024-10-19
C00822,Viraj Bhatt,Male,59,Howrah,Madhya Pradesh,2025-05-13
C00823,Christopher Sankaran,Male,25,Sasaram,Goa,2026-05-12
C00824,Anthony Gandhi,Male,55,North Dumdum,West Bengal,2024-12-09
C00825,Ranveer Dhingra,Male,69,Karnal,Madhya Pradesh,2023-09-02
C00826,Kala Rana,Male,52,Haridwar,Chhattisgarh,2021-12-11
C00827,Rajata Panchal,Male,23,Kanpur,Uttarakhand,2024-08-01
C00828,Harinakshi Ramakrishnan,Male,32,Durgapur,Uttar Pradesh,2024-01-15
C00829,Eiravati Aggarwal,Male,52,Eluru,Haryana,2025-04-18
C00830,Gavin Tak,Female,62,Kolkata,Gujarat,2024-09-14
C00831,Gauri Anand,Male,56,Sonipat,Sikkim,2026-02-11
C00832,Imaran Kala,Female,53,Gopalpur,Sikkim,2025-03-03
C00833,Kevin Palan,Female,42,Madurai,Madhya Pradesh,2021-09-17
C00834,Mohammed Mandal,Male,25,Jehanabad,Sikkim,2021-09-05
C00835,Pranav Ghosh,Male,54,Adoni,Gujarat,2023-05-28
C00836,Aashi Dey,Female,58,Bhavnagar,Sikkim,2023-07-21
C00837,Pooja Narang,Male,39,Tiruppur,Meghalaya,2023-03-10
C00838,Luke Ganguly,Female,55,Bulandshahr,Odisha,2021-08-24
C00839,Unni Agate,Female,68,Surendranagar Dudhrej,Jharkhand,2022-01-01
C00840,Ira Chaudry,Male,18,Darbhanga,West Bengal,2023-10-19
C00841,Samuel Sur,Female,65,Erode,Tripura,2022-03-09
C00842,Geetika Chandra,Male,61,Orai,Telangana,2025-03-06
C00843,Ojasvi Manda,Male,58,Nashik,Uttarakhand,2023-05-07
C00844,Pushti Dyal,Female,44,Guwahati,Telangana,2022-04-29
C00845,Ekantika Dhingra,Male,31,Hospet,Nagaland,2023-08-24
C00846,Michael Padmanabhan,Female,36,Agra,Andhra Pradesh,2023-04-14
C00847,Eta Dass,Female,40,Patiala,Jharkhand,2021-08-22
C00848,Charita Baral,Male,70,Hubli–Dharwad,Nagaland,2023-12-09
C00849,Yashvi More,Female,32,Mau,Madhya Pradesh,2023-01-24
C00850,Maanas Dara,Female,44,Rohtak,Karnataka,2025-12-05
C00851,Warhi Pingle,Female,33,Fatehpur,Nagaland,2024-06-29
C00852,Oscar Deo,Female,61,Dindigul,Mizoram,2024-12-25
C00853,Hema Garg,Female,30,Ahmedabad,Gujarat,2025-11-07
C00854,Zilmil Kamdar,Male,28,Noida,Goa,2023-03-20
C00855,Laban Borra,Female,32,Dibrugarh,Bihar,2022-11-30
C00856,Eta Rastogi,Female,23,Sri Ganganagar,Haryana,2025-11-12
C00857,Pratyush Deshpande,Male,43,Chapra,Himachal Pradesh,2025-04-28
C00858,Kritika Murty,Male,59,Nadiad,Sikkim,2021-12-15
C00859,Zashil Mishra,Male,26,Nagaon,Sikkim,2023-08-07
C00860,Libni Sabharwal,Male,30,Ballia,Himachal Pradesh,2024-01-27
C00861,Aarav Sha,Male,20,Tezpur,Punjab,2026-01-16
C00862,Hitesh Saxena,Female,30,Lucknow,Goa,2022-03-17
C00863,Noah Bhattacharyya,Male,22,Bidar,West Bengal,2025-06-08
C00864,Aditya Deshpande,Male,61,Gudivada,Arunachal Pradesh,2024-07-28
C00865,Yagnesh Kashyap,Male,64,Deoghar,Kerala,2026-04-18
C00866,Farhan Vaidya,Male,67,Thrissur,Tamil Nadu,2024-12-31
C00867,Mahika Ram,Female,43,Sikar,Assam,2025-03-01
C00868,Chaaya Dass,Male,35,Mira-Bhayandar,Maharashtra,2022-12-20
C00869,Wridesh Mangat,Male,70,Unnao,Chhattisgarh,2023-06-08
C00870,Aarini Madan,Male,66,Bhopal,Jharkhand,2021-10-17
C00871,Rajeshri Ben,Female,66,Bidar,Andhra Pradesh,2025-02-07
C00872,Avni Choudhary,Male,21,Indore,Meghalaya,2025-05-08
C00873,Robert Warrior,Male,43,Pali,Goa,2023-02-04
C00874,Dayamai Memon,Female,29,Alwar,Jharkhand,2021-12-20
C00875,Arin Sundaram,Female,69,Saharsa,Sikkim,2023-01-18
C00876,Frederick Lall,Female,19,Ramgarh,Uttar Pradesh,2022-06-10
C00877,Kabir Rout,Female,38,Mau,Nagaland,2022-03-24
C00878,Chakrika Sachdeva,Female,20,Gudivada,Gujarat,2022-01-23
C00879,Dominic Loyal,Female,21,Jamshedpur,West Bengal,2025-03-09
C00880,Lohit Ray,Female,35,Amroha,Rajasthan,2024-09-23
C00881,Gayathri Jayaraman,Female,46,Jalna,Nagaland,2025-08-06
C00882,Chaman Buch,Female,52,Hubli–Dharwad,Telangana,2024-02-21
C00883,Varsha Nori,Female,38,Nizamabad,Telangana,2024-04-13
C00884,Vedant Borah,Female,59,Ambala,Jharkhand,2026-06-20
C00885,Unni Bhatt,Male,67,Hapur,West Bengal,2022-12-03
C00886,Teerth Dani,Male,26,Raurkela Industrial Township,Uttarakhand,2023-12-25
C00887,Nachiket Narain,Male,70,Mira-Bhayandar,Punjab,2023-06-14
C00888,Zayyan Oak,Female,57,Jabalpur,Sikkim,2025-12-08
C00889,Geetika Tandon,Male,25,Ratlam,West Bengal,2025-10-21
C00890,Edhitha Bhatia,Male,30,Allahabad,Mizoram,2023-08-04
C00891,Kai Merchant,Male,44,Durg,Manipur,2023-05-05
C00892,Bakhshi Chad,Female,65,Vijayawada,Sikkim,2026-07-07
C00893,Yash Khosla,Male,19,Uluberia,Sikkim,2024-05-23
C00894,Yochana Bakshi,Male,70,Bhavnagar,West Bengal,2025-09-24
C00895,Joshua Rau,Female,59,Bardhaman,Sikkim,2025-09-21
C00896,Bhavya Anand,Male,23,Naihati,Jharkhand,2021-08-06
C00897,Leela More,Female,60,Silchar,Sikkim,2025-07-02
C00898,Niharika Naidu,Female,65,Proddatur,Rajasthan,2026-03-03
C00899,Isaac Chaudhary,Female,28,Kolkata,Madhya Pradesh,2024-01-31
C00900,Rachana Khatri,Female,57,Dhanbad,Jharkhand,2023-01-25
C00901,Meera Sengupta,Female,36,Pune,Tamil Nadu,2023-07-09
C00902,Dayamai Vora,Male,23,Warangal,Tamil Nadu,2024-04-10
C00903,Jonathan Nazareth,Male,28,Shahjahanpur,Mizoram,2026-06-23
C00904,Chakrika Nagi,Male,50,Gwalior,Assam,2023-02-28
C00905,Odika Verma,Female,59,Karimnagar,Haryana,2024-07-29
C00906,Hredhaan Menon,Female,42,Unnao,Gujarat,2025-03-28
C00907,Pushti Varma,Female,49,Bhiwani,Andhra Pradesh,2025-10-07
C00908,Adya Dewan,Female,61,Khandwa,Jharkhand,2024-06-29
C00909,Veda Parsa,Male,34,Hyderabad,Jharkhand,2024-06-02
C00910,Megha Peri,Female,56,Tiruvottiyur,Jharkhand,2023-04-19
C00911,Quincy Sen,Male,36,Siwan,Assam,2023-11-28
C00912,Prisha Bhatti,Male,19,Aligarh,Tripura,2024-01-07
C00913,Jairaj Sura,Male,35,Agartala,Telangana,2023-06-13
C00914,Laban Koshy,Male,68,Korba,Himachal Pradesh,2026-06-08
C00915,Mohammed Kibe,Male,30,Haridwar,Jharkhand,2022-09-16
C00916,Mitesh Ghose,Female,50,Kurnool,Bihar,2025-02-25
C00917,Bhavani Batta,Male,19,Mahbubnagar,Himachal Pradesh,2021-07-28
C00918,Gayathri Lall,Male,58,Panchkula,Madhya Pradesh,2024-09-25
C00919,Hitesh Kata,Male,54,Vasai-Virar,Arunachal Pradesh,2021-07-30
C00920,Vaishnavi Thakur,Female,28,Shahjahanpur,Meghalaya,2025-10-09
C00921,Hredhaan Kulkarni,Female,23,Raurkela Industrial Township,West Bengal,2022-01-04
C00922,Chakradev Mane,Female,19,Tinsukia,Mizoram,2021-08-15
C00923,Advika Sandal,Male,18,Thrissur,Tamil Nadu,2021-10-18
C00924,Faraj Talwar,Female,69,Tiruppur,Karnataka,2022-08-26
C00925,Bimala Barad,Female,48,Varanasi,Haryana,2021-12-23
C00926,Kashish Lala,Female,54,Sasaram,Nagaland,2023-05-13
C00927,Bina Chatterjee,Male,62,Bardhaman,Meghalaya,2025-04-29
C00928,Tanish Comar,Male,26,Jamnagar,Assam,2026-06-05
C00929,Jack Mall,Female,19,Anand,Meghalaya,2025-03-20
C00930,Nachiket Bassi,Female,64,Bikaner,Haryana,2024-02-24
C00931,Anjali Bassi,Male,55,Vellore,Manipur,2022-03-23
C00932,Jalsa Bahri,Male,24,Asansol,Goa,2021-12-22
C00933,Onkar Walla,Male,56,Nagpur,Himachal Pradesh,2024-08-22
C00934,Jalsa Chanda,Female,63,Mysore,Madhya Pradesh,2024-07-11
C00935,Rachita Rattan,Female,67,Pallavaram,Arunachal Pradesh,2024-04-06
C00936,Janaki Mallick,Female,26,Mehsana,Madhya Pradesh,2024-02-12
C00937,Dalbir Boase,Female,33,Cuttack,Meghalaya,2022-10-18
C00938,Orinder Saini,Female,36,Bhilwara,Tripura,2026-03-13
C00939,Daniel Gara,Male,49,Nagaon,Punjab,2021-11-24
C00940,Advika Mammen,Female,33,Nagaon,Nagaland,2022-07-25
C00941,Rachana Srinivasan,Female,52,Srikakulam,Goa,2026-07-16
C00942,Girish Tank,Male,25,Dindigul,Nagaland,2021-12-21
C00943,Nimrat Saran,Male,31,Tiruvottiyur,Odisha,2022-09-09
C00944,Gunbir Gulati,Female,59,South Dumdum,Punjab,2022-08-22
C00945,Charita Kala,Female,42,Tezpur,Madhya Pradesh,2026-01-20
C00946,Yamini Varty,Male,42,Thiruvananthapuram,Goa,2024-04-26
C00947,Dipta Sethi,Male,55,Vijayanagaram,Telangana,2023-02-09
C00948,Sanaya Tara,Male,21,Sambalpur,Tamil Nadu,2024-11-05
C00949,Bhavya Tank,Male,30,Eluru,Punjab,2024-10-21
C00950,Upkaar Sawhney,Male,55,Kota,Uttarakhand,2022-04-28
C00951,Raksha Barman,Female,33,Suryapet,Meghalaya,2024-05-11
C00952,Tanvi Shan,Female,50,Saharanpur,Chhattisgarh,2025-12-04
C00953,Mekhala Lalla,Female,41,Panipat,Karnataka,2023-05-02
C00954,Divya Keer,Male,59,Panvel,Haryana,2024-12-29
C00955,Balveer Natarajan,Male,22,Giridih,Chhattisgarh,2022-06-22
C00956,Victor Basak,Female,26,Raebareli,Tamil Nadu,2021-12-03
C00957,Anamika Batta,Female,27,Jalandhar,Mizoram,2024-07-26
C00958,Veda Sathe,Male,21,Jhansi,Bihar,2024-08-24
C00959,Isha Pillay,Male,65,Madanapalle,Haryana,2021-10-25
C00960,Dev Parekh,Male,30,Bidar,Gujarat,2024-08-13
C00961,Farhan Pai,Female,44,Anantapur,Uttarakhand,2026-03-27
C00962,Tripti Mitra,Female,61,Aurangabad,Chhattisgarh,2021-11-29
C00963,Qabil Kapadia,Female,28,Saharsa,Sikkim,2025-11-11
C00964,Ekanta Basu,Male,44,Darbhanga,Tamil Nadu,2023-07-21
C00965,Zarna Ramachandran,Female,50,Junagadh,Andhra Pradesh,2026-07-18
C00966,Ansh Chandran,Male,29,Anantapuram,Manipur,2025-03-14
C00967,Isaac Verma,Female,56,Aizawl,Haryana,2021-08-06
C00968,Reva Iyengar,Female,51,Ratlam,Rajasthan,2025-08-02
C00969,Jack Butala,Male,51,Mirzapur,Uttar Pradesh,2024-06-17
C00970,Eta Vyas,Male,20,Bhubaneswar,Arunachal Pradesh,2023-03-08
C00971,Gavin Khurana,Male,64,Panihati,Sikkim,2022-04-19
C00972,Abha Patel,Female,32,Pune,Bihar,2021-08-25
C00973,Nakul Magar,Male,65,Lucknow,Telangana,2026-07-15
C00974,Upkaar Choudhry,Female,32,Nadiad,Chhattisgarh,2022-05-20
C00975,Kiaan Ganguly,Female,35,Gandhidham,Goa,2021-10-17
C00976,Unni Sarma,Male,68,Baranagar,Manipur,2024-01-01
C00977,Gopal Manda,Male,28,Kochi,Karnataka,2025-08-25
C00978,Raksha Deo,Female,61,Tirupati,Haryana,2023-08-20
C00979,Charles Ramaswamy,Male,36,Kolkata,Madhya Pradesh,2022-04-22
C00980,Jhalak Ben,Male,64,Nellore,Tripura,2024-06-07
C00981,Laban Joshi,Female,22,Kolhapur,Meghalaya,2023-08-30
C00982,Kabir Vala,Female,29,Alwar,Bihar,2026-06-15
C00983,Harrison Krishnamurthy,Male,40,Panihati,Jharkhand,2024-07-28
C00984,Simon Mittal,Female,45,Phusro,Goa,2022-12-13
C00985,Vedant Randhawa,Male,59,Deoghar,Assam,2025-11-20
C00986,Arya Som,Male,31,Kolhapur,Kerala,2025-10-04
C00987,Chaitaly Loke,Female,34,Raurkela Industrial Township,Assam,2025-05-10
C00988,Gagan Mani,Male,66,Ozhukarai,Madhya Pradesh,2022-07-03
C00989,Bhavani Radhakrishnan,Male,51,Khora ,Uttarakhand,2025-08-16
C00990,Yashawini Dora,Male,23,Siwan,Gujarat,2025-08-05
C00991,Chandran Char,Female,38,Aurangabad,Himachal Pradesh,2026-02-23
C00992,Ryan Banerjee,Female,32,Kanpur,Maharashtra,2023-03-04
C00993,Gaurav Zachariah,Male,68,Tezpur,Jharkhand,2025-02-12
C00994,Wakeeta Arya,Male,26,Deoghar,Madhya Pradesh,2025-03-13
C00995,Radha Bhandari,Female,19,Mysore,Arunachal Pradesh,2022-07-18
C00996,Harshil Sabharwal,Male,50,Sirsa,Manipur,2024-11-09
C00997,Ekapad Varty,Male,43,Udupi,Assam,2023-04-04
C00998,Lucky Sanghvi,Male,64,Gwalior,Rajasthan,2023-09-25
C00999,Finn Prakash,Female,61,Karaikudi,Haryana,2022-12-29
C01000,Oni Khurana,Male,65,Kochi,Haryana,2024-05-27
C01001,Omisha Srinivas,Male,52,Ongole,Tripura,2025-11-04
C01002,Laksh Sagar,Female,27,Solapur,Gujarat,2022-12-29
C01003,Niharika Sami,Male,47,Tumkur,Manipur,2022-03-08
C01004,Robert Bumb,Female,38,Varanasi,Gujarat,2022-03-13
C01005,Ryan Parsa,Male,23,Surendranagar Dudhrej,Andhra Pradesh,2024-11-16
C01006,Idika Bhardwaj,Male,24,Phagwara,Tripura,2022-03-11
C01007,Farhan Chand,Female,45,Hazaribagh,Kerala,2025-10-13
C01008,Vasudha Goswami,Female,56,Asansol,Madhya Pradesh,2023-02-13
C01009,Manya Krish,Male,18,Tadipatri,Nagaland,2025-02-22
C01010,Zilmil Tailor,Male,26,Uluberia,Kerala,2022-11-27
C01011,Anika Chahal,Female,54,Bareilly,Rajasthan,2026-04-09
C01012,Harita Nigam,Male,58,Hajipur,Telangana,2021-10-06
C01013,Luke Dalal,Female,54,Miryalaguda,Punjab,2022-03-24
C01014,Hemangini Mohan,Female,54,Anand,Manipur,2023-10-05
C01015,Charan Acharya,Male,22,Fatehpur,Madhya Pradesh,2025-04-22
C01016,Darpan Palan,Male,41,Nandyal,Odisha,2024-08-06
C01017,Balhaar Bhargava,Male,38,Aurangabad,Jharkhand,2022-02-11
C01018,Krish Nagy,Female,41,Hazaribagh,Manipur,2026-01-21
C01019,Ekalinga Luthra,Male,61,Dehri,Mizoram,2022-01-11
C01020,Indrajit Mandal,Male,23,Tumkur,Telangana,2022-12-16
C01021,Leela Iyer,Male,57,Dewas,Meghalaya,2023-06-18
C01022,Qasim De,Female,24,Saharsa,Meghalaya,2025-12-16
C01023,Omisha Wali,Male,25,South Dumdum,Rajasthan,2024-02-09
C01024,Anika Pau,Female,44,Mangalore,Gujarat,2022-10-01
C01025,Theodore Dayal,Female,65,Gudivada,Assam,2023-01-07
C01026,Yuvraj Babu,Male,32,Mysore,Bihar,2024-08-18
C01027,Damyanti Garde,Male,26,Bhilai,Bihar,2025-05-01
C01028,Upasna Samra,Male,20,Madurai,Kerala,2024-09-13
C01029,Baljiwan Parmar,Male,63,Ballia,Himachal Pradesh,2022-10-11
C01030,Samuel Bose,Female,45,Ranchi,Uttar Pradesh,2025-08-06
C01031,Pallavi Prabhu,Female,61,Kolkata,Uttar Pradesh,2024-07-06
C01032,Falak Suri,Female,33,Tadipatri,Karnataka,2025-04-20
C01033,Hredhaan Yadav,Male,57,Yamunanagar,Punjab,2025-08-05
C01034,Udarsh Kari,Male,42,Mango,Tamil Nadu,2023-08-29
C01035,Rachit Jhaveri,Female,57,Tadipatri,Tamil Nadu,2022-12-31
C01036,Ridhi Dara,Female,47,Patiala,Jharkhand,2021-12-08
C01037,Parth Sankar,Male,49,New Delhi,Jharkhand,2024-08-13
C01038,Ijaya Warrior,Male,40,Sambhal,Tripura,2026-05-11
C01039,Jagrati Krish,Female,51,Bettiah,Maharashtra,2023-01-30
C01040,Kai Varty,Female,51,Patna,Manipur,2023-09-26
C01041,Simon Tak,Female,46,Chandrapur,Goa,2022-11-25
C01042,Kai Krishnan,Male,39,Raebareli,Bihar,2023-11-15
C01043,Advika Mannan,Male,23,Karaikudi,Rajasthan,2024-10-24
C01044,Zayyan Mitra,Male,32,Bellary,Chhattisgarh,2023-04-06
C01045,Upkaar Anand,Male,44,Tinsukia,Tamil Nadu,2024-07-08
C01046,Ishanvi Lanka,Female,51,Suryapet,Kerala,2022-05-09
C01047,Amol Dani,Male,48,Sagar,Chhattisgarh,2022-05-31
C01048,Manthan Sawhney,Female,47,Darbhanga,Arunachal Pradesh,2024-09-08
C01049,Qarin Hari,Male,37,Durgapur,Meghalaya,2025-11-03
C01050,Barkha Raj,Female,59,Navi Mumbai,Kerala,2026-04-30
C01051,Yashasvi Bahl,Female,55,Berhampur,West Bengal,2023-05-09
C01052,Ubika Sarraf,Female,31,Navi Mumbai,Maharashtra,2023-01-30
C01053,Aarnav Mishra,Male,56,Gulbarga,Goa,2025-06-27
C01054,Reyansh Tak,Female,21,Maheshtala,Tamil Nadu,2026-05-21
C01055,Harish Sagar,Female,55,Allahabad,Madhya Pradesh,2025-01-02
C01056,Samuel Chowdhury,Female,66,Rohtak,Uttarakhand,2025-04-17
C01057,Chanchal Swamy,Female,34,Kharagpur,Gujarat,2021-11-18
C01058,Ishwar Golla,Male,18,Gorakhpur,Telangana,2023-02-08
C01059,Qadim Mani,Male,22,Kolhapur,Manipur,2023-10-17
C01060,Nidra Tara,Female,18,Guntur,Himachal Pradesh,2025-05-26
C01061,Arunima Wadhwa,Female,19,Anantapuram,Madhya Pradesh,2024-06-04
C01062,Chaman Koshy,Female,23,Rampur,Arunachal Pradesh,2022-05-27
C01063,Pranit Badami,Female,48,Kishanganj,Andhra Pradesh,2022-10-03
C01064,Matthew Saxena,Female,34,Silchar,Karnataka,2023-10-21
C01065,Samuel Doshi,Male,69,Rampur,Tripura,2024-05-10
C01066,Krish Narain,Female,28,Fatehpur,Mizoram,2026-02-21
C01067,Yasti Lad,Male,68,Noida,Kerala,2022-03-28
C01068,Vedant Solanki,Male,43,Tirunelveli,Telangana,2022-11-13
C01069,Jai Tak,Female,61,Shimla,Odisha,2023-01-31
C01070,Amrita Misra,Male,23,Bokaro,Uttar Pradesh,2026-02-08
C01071,Tanay Kulkarni,Female,21,Ranchi,Mizoram,2026-02-24
C01072,Ekapad Borde,Female,57,Nagpur,Arunachal Pradesh,2023-01-23
C01073,Odika Nori,Female,24,Thoothukudi,Gujarat,2022-06-06
C01074,Damini Borde,Female,63,Aligarh,Karnataka,2025-08-03
C01075,Girik Halder,Female,31,Ramgarh,Nagaland,2025-06-07
C01076,Sai Bobal,Male,39,Latur,Madhya Pradesh,2026-03-06
C01077,Azaan Rajan,Female,62,Guntur,Arunachal Pradesh,2026-02-08
C01078,Bishakha Balasubramanian,Male,24,Gangtok,Maharashtra,2024-09-10
C01079,Falak Doctor,Male,42,Bhalswa Jahangir Pur,Manipur,2025-05-11
C01080,Nikita Nanda,Male,65,Parbhani,Karnataka,2021-11-04
C01081,Balveer Oza,Male,42,Srinagar,Sikkim,2022-07-31
C01082,Damyanti Date,Female,37,Coimbatore,Mizoram,2024-08-28
C01083,Rehaan Saxena,Female,57,Gandhinagar,Nagaland,2022-01-04
C01084,Neha Bhasin,Male,54,Gorakhpur,Andhra Pradesh,2025-01-10
C01085,Kabir Parsa,Female,19,Jodhpur,Telangana,2022-06-11
C01086,Vritti Kamdar,Female,57,Amravati,Mizoram,2023-01-03
C01087,Zehaan Dua,Male,63,Salem,Odisha,2025-09-20
C01088,Shravya Sahota,Male,32,Giridih,Punjab,2021-12-28
C01089,Reyansh Sandhu,Male,37,Salem,Tripura,2022-05-09
C01090,Lucky Rajagopal,Male,25,Panchkula,Sikkim,2025-08-24
C01091,Nikita Kapoor,Male,38,Srikakulam,Uttarakhand,2024-07-22
C01092,Vasana Jain,Male,36,Mathura,Jharkhand,2025-03-06
C01093,Pranav Rana,Male,18,Kolkata,Himachal Pradesh,2023-12-20
C01094,Laksh Butala,Male,62,Naihati,Meghalaya,2022-03-25
C01095,Praneel Chana,Female,26,Farrukhabad,Chhattisgarh,2021-09-27
C01096,Dakshesh Contractor,Male,62,Guwahati,Uttarakhand,2022-08-10
C01097,Bishakha Nair,Male,58,Mango,Tripura,2025-05-27
C01098,Pranav Majumdar,Male,36,Uluberia,Uttarakhand,2024-05-17
C01099,Chatura Sidhu,Male,54,Mirzapur,Haryana,2023-12-26
C01100,Pooja Lata,Female,48,Pudukkottai,Goa,2025-03-11
C01101,Tara Talwar,Female,20,Sonipat,Karnataka,2022-10-12
C01102,Lakshmi Mitter,Female,46,Ranchi,Uttar Pradesh,2024-10-16
C01103,Vanya Deol,Female,64,Mehsana,Bihar,2025-04-15
C01104,Qabil Prashad,Female,53,Guwahati,Punjab,2022-05-13
C01105,Kai Ram,Male,32,Shimoga,Gujarat,2023-10-20
C01106,Nachiket Kaur,Female,38,Bongaigaon,West Bengal,2023-02-14
C01107,Samar Srinivasan,Female,23,Nandyal,Arunachal Pradesh,2025-07-23
C01108,Lakshmi Bansal,Male,54,Bareilly,Bihar,2024-08-22
C01109,Zaitra Chopra,Male,22,Sirsa,Tamil Nadu,2021-09-14
C01110,Utkarsh Nagar,Female,68,Gulbarga,Meghalaya,2025-12-31
C01111,Damyanti Bhattacharyya,Male,39,Aurangabad,Sikkim,2022-07-06
C01112,Sai Naidu,Male,37,Bharatpur,Chhattisgarh,2025-02-25
C01113,Brinda Chander,Male,64,Bangalore,Haryana,2025-02-28
C01114,Gaurangi Muni,Female,39,Guntakal,West Bengal,2021-09-26
C01115,Radha Balakrishnan,Female,65,Guntakal,Kerala,2021-09-05
C01116,Ijaya Purohit,Female,62,Gudivada,Tripura,2025-08-08
C01117,Praneel Gandhi,Female,50,Bahraich,Meghalaya,2026-01-09
C01118,Lavanya Shankar,Male,66,Unnao,Chhattisgarh,2022-10-21
C01119,Pushti Sidhu,Male,46,Gorakhpur,Kerala,2023-04-14
C01120,Ekanta Sibal,Male,43,Kulti,Uttarakhand,2025-03-01
C01121,Yash Bera,Male,68,Ahmednagar,Nagaland,2023-07-18
C01122,Ekiya Hari,Female,60,Jabalpur,Assam,2025-05-20
C01123,Ryan More,Male,45,Chennai,Tamil Nadu,2021-08-24
C01124,Vivaan Sankaran,Female,54,Mumbai,Karnataka,2026-05-12
C01125,Mitesh Natt,Female,37,Srikakulam,Bihar,2023-08-22
C01126,Advika Wali,Male,59,Nagercoil,Meghalaya,2024-08-10
C01127,Wridesh Shukla,Female,53,Bhubaneswar,Odisha,2023-07-16
C01128,Gaurangi Kar,Male,18,Proddatur,Tripura,2022-05-23
C01129,Vrinda Chander,Female,45,Dehri,Tripura,2023-10-02
C01130,Mugdha Muni,Female,36,Varanasi,Assam,2022-11-21
C01131,Saanvi Agate,Male,69,Tadipatri,Meghalaya,2022-05-25
C01132,Nilima Dhingra,Female,43,Shahjahanpur,Karnataka,2022-11-16
C01133,Darpan Vyas,Female,25,Mira-Bhayandar,Punjab,2023-07-08
C01134,Ekansh Parmar,Male,45,Gorakhpur,Telangana,2022-05-14
C01135,Priya Gupta,Female,51,Sambalpur,Tamil Nadu,2026-04-14
C01136,Pooja Sahni,Female,64,Jodhpur,Uttarakhand,2023-09-22
C01137,Udarsh Issac,Female,66,Amroha,Andhra Pradesh,2021-08-24
C01138,Dayita Radhakrishnan,Male,68,Buxar,Uttarakhand,2026-03-07
C01139,Peter Walla,Female,68,Bidhannagar,Tamil Nadu,2024-06-03
C01140,Tanveer Jhaveri,Female,20,Jamnagar,Uttar Pradesh,2025-06-18
C01141,Anirudh Bose,Male,40,Kota,Sikkim,2025-11-07
C01142,Kamya Grover,Female,59,Muzaffarpur,Haryana,2023-07-19
C01143,Dakshesh Kohli,Female,49,Sultan Pur Majra,Mizoram,2025-09-26
C01144,Rohan Nagar,Male,38,Farrukhabad,Andhra Pradesh,2023-04-20
C01145,Indali Kalla,Female,70,Tezpur,Uttarakhand,2025-10-06
C01146,Daksh Shetty,Male,29,Dhanbad,Tripura,2023-08-25
C01147,Aarna Khare,Female,47,Ujjain,Manipur,2024-04-08
C01148,Yasti Das,Male,49,Kota,Odisha,2023-04-20
C01149,Mohini Barman,Female,44,Bilaspur,Telangana,2025-12-18
C01150,Jason Acharya,Female,42,Jalna,Sikkim,2025-11-13
C01151,Lakshit Mohan,Female,58,Kulti,West Bengal,2022-04-19
C01152,Aarnav Balan,Female,46,Pune,Arunachal Pradesh,2024-11-05
C01153,Aashi Bhat,Female,52,Chittoor,Karnataka,2026-05-13
C01154,Mitesh Pathak,Male,19,Nashik,Madhya Pradesh,2025-08-15
C01155,Hardik Bhat,Female,28,Jammu,Jharkhand,2022-05-06
C01156,Thomas Nagar,Female,65,Shahjahanpur,Karnataka,2026-04-11
C01157,Edhitha Verma,Male,54,Nagpur,Odisha,2024-03-07
C01158,Rayaan Chaudry,Male,31,Serampore,Karnataka,2023-03-23
C01159,Charles Manne,Female,58,Mehsana,Meghalaya,2026-02-28
C01160,Dayita Sarna,Female,64,Danapur,Uttarakhand,2023-06-29
C01161,Isaiah Balan,Male,49,Jamshedpur,Uttarakhand,2022-05-12
C01162,Nathaniel Madan,Female,32,Mirzapur,Jharkhand,2023-04-07
C01163,Lajita Raj,Female,38,Ghaziabad,Jharkhand,2022-08-25
C01164,Lucky Sankar,Female,22,Dehri,Goa,2021-07-30
C01165,Wahab Rajan,Female,18,Khammam,Meghalaya,2021-07-28
C01166,Harish Bhattacharyya,Female,33,Ambattur,Rajasthan,2022-12-16
C01167,Janya Pradhan,Female,26,Mira-Bhayandar,Mizoram,2026-05-03
C01168,Devansh Bobal,Male,29,Pimpri-Chinchwad,Odisha,2024-03-02
C01169,Jai Gaba,Male,63,Hyderabad,Madhya Pradesh,2024-12-14
C01170,Mugdha Zachariah,Male,25,Arrah,Odisha,2023-03-26
C01171,Harsh Garde,Male,32,Patna,Arunachal Pradesh,2024-11-24
C01172,Ranveer Sami,Male,48,Kumbakonam,Telangana,2023-10-28
C01173,Janaki Kaul,Female,58,Solapur,West Bengal,2025-05-29
C01174,Vasana Subramaniam,Female,64,Arrah,Andhra Pradesh,2026-01-06
C01175,Orinder Desai,Male,31,Karimnagar,Assam,2024-08-10
C01176,Omya Batra,Male,67,Danapur,Bihar,2025-10-22
C01177,Qabil Bawa,Male,55,Giridih,Tripura,2025-08-24
C01178,Bhavika Amble,Female,41,Bhilwara,Odisha,2023-06-08
C01179,Zayyan Bhagat,Female,38,Mathura,Uttar Pradesh,2025-09-20
C01180,Dakshesh Bhakta,Female,27,Kottayam,Himachal Pradesh,2023-03-20
C01181,Oliver Dora,Female,61,Satara,Telangana,2025-09-17
C01182,Ekapad Gill,Female,60,Bhilai,Chhattisgarh,2023-04-08
C01183,Chaaya Palla,Female,18,Visakhapatnam,Odisha,2023-06-03
C01184,Noah Tailor,Male,56,Anantapur,Karnataka,2024-06-06
C01185,Yashasvi Nagi,Male,44,Bijapur,Assam,2021-09-18
C01186,Tarak Comar,Male,49,Khora ,Maharashtra,2025-11-25
C01187,Falak Dey,Male,63,Meerut,Mizoram,2025-01-14
C01188,Naksh Sani,Female,28,Kalyan-Dombivli,Chhattisgarh,2021-10-15
C01189,Thomas Rajagopal,Female,26,Dindigul,Uttarakhand,2025-11-14
C01190,Sai Sandhu,Male,38,Hubli–Dharwad,Nagaland,2026-03-25
C01191,Nandini Gopal,Male,23,Jamnagar,Telangana,2026-02-19
C01192,Owen Keer,Female,58,Tadipatri,West Bengal,2026-06-23
C01193,Chavvi Shukla,Male,69,Navi Mumbai,Meghalaya,2024-09-28
C01194,Vihaan Balay,Male,32,Panvel,Kerala,2026-05-18
C01195,Sudiksha Suri,Female,58,Siliguri,Sikkim,2025-05-29
C01196,Falak Kumar,Male,18,Bhiwandi,Tripura,2023-04-26
C01197,Guneet Oza,Female,63,Baranagar,Uttar Pradesh,2026-02-10
C01198,Naksh Varughese,Female,55,Karawal Nagar,Gujarat,2023-03-01
C01199,Aarini Banerjee,Female,59,Maheshtala,Madhya Pradesh,2026-04-21
C01200,Dhruv Sankaran,Female,37,Ghaziabad,Chhattisgarh,2022-11-18
C01201,Oliver Sheth,Female,66,Malegaon,Maharashtra,2024-09-03
C01202,Charita Kant,Female,44,Jodhpur,Punjab,2023-02-20
C01203,Hemani Gulati,Male,46,Berhampur,Maharashtra,2024-08-31
C01204,Brijesh Dutta,Female,39,Burhanpur,Karnataka,2022-09-20
C01205,Yug Badal,Male,70,Tiruvottiyur,Tamil Nadu,2021-11-28
C01206,Barkha Varghese,Male,48,Ranchi,Maharashtra,2022-05-03
C01207,Yauvani Bora,Female,24,Mahbubnagar,Odisha,2021-11-19
C01208,Fiyaz Rege,Female,70,Anantapur,Sikkim,2023-10-07
C01209,Ishwar Narain,Male,53,Dhanbad,Rajasthan,2023-02-07
C01210,Ishwar Mody,Male,53,Aurangabad,Gujarat,2023-12-31
C01211,Jatin Bhasin,Female,53,Belgaum,Goa,2026-06-16
C01212,Siya Madan,Female,34,North Dumdum,Chhattisgarh,2023-05-07
C01213,Triya Nagar,Female,70,Chapra,Himachal Pradesh,2024-03-17
C01214,Kala Rama,Male,27,Noida,Gujarat,2022-06-07
C01215,Gopal Dasgupta,Female,18,Bidhannagar,Sikkim,2023-12-12
C01216,Ekalinga Kapadia,Male,31,Parbhani,Uttarakhand,2023-05-14
C01217,Ekanta Vala,Female,70,Ambarnath,Rajasthan,2024-06-10
C01218,Keya Zacharia,Male,57,Coimbatore,Mizoram,2022-08-11
C01219,Gayathri Talwar,Male,21,North Dumdum,Sikkim,2025-04-04
C01220,Theodore Naidu,Male,64,Ichalkaranji,Gujarat,2023-11-29
C01221,Gaurangi Vora,Female,58,Bilaspur,Haryana,2022-10-07
C01222,Logan Murty,Male,27,Ballia,Odisha,2022-05-11
C01223,Yuvraj Banik,Male,23,Tenali,Madhya Pradesh,2023-08-12
C01224,Manthan Narayan,Female,62,Burhanpur,Nagaland,2023-02-24
C01225,Joshua Chaudhry,Female,29,Visakhapatnam,Uttarakhand,2024-03-10
C01226,Omkaar Randhawa,Female,37,Aizawl,Goa,2022-09-29
C01227,Falan Bhat,Male,58,Asansol,Kerala,2023-11-29
C01228,Hema Iyer,Female,48,Suryapet,Haryana,2025-09-18
C01229,Zayan Sarma,Female,69,Latur,Gujarat,2025-07-22
C01230,Sai Bajwa,Female,33,Haridwar,Tamil Nadu,2026-01-07
C01231,Aashi Koshy,Female,63,Solapur,Bihar,2026-04-07
C01232,David Lal,Male,42,Vijayanagaram,Haryana,2022-03-12
C01233,David Mani,Female,67,Munger,Haryana,2024-09-27
C01234,Chandresh Banerjee,Male,18,Purnia,Uttarakhand,2023-07-16
C01235,Jhalak Kapadia,Male,63,Malda,Haryana,2026-05-26
C01236,Osha Chaudhary,Female,31,Gandhidham,Madhya Pradesh,2022-03-20
C01237,Laksh Lall,Female,28,Sambalpur,Punjab,2021-09-08
C01238,Chaitanya Peri,Male,67,Mangalore,West Bengal,2024-09-28
C01239,Upadhriti Bahri,Male,64,Orai,Rajasthan,2025-09-20
C01240,Abdul Bains,Male,32,Rourkela,Maharashtra,2026-07-14
C01241,Eshana Grewal,Female,41,Tiruchirappalli,Uttarakhand,2022-11-07
C01242,Yash Sachdeva,Female,66,Jalandhar,Goa,2023-06-10
C01243,Panini Parsa,Female,44,Bhilai,Karnataka,2022-07-20
C01244,Baghyawati Dutt,Male,40,Rajpur Sonarpur,Manipur,2023-03-23
C01245,Charles Menon,Female,23,Jalandhar,Goa,2021-09-16
C01246,Samarth Subramaniam,Male,19,Gopalpur,Tripura,2022-07-12
C01247,Manya Bandi,Female,24,Haldia,Mizoram,2022-06-11
C01248,Mason Keer,Female,48,Pudukkottai,Uttar Pradesh,2022-09-21
C01249,Shivansh Patla,Male,34,Khandwa,Tripura,2025-08-18
C01250,Aadhya Bhalla,Male,36,Morena,Telangana,2024-03-22
C01251,Tanvi Goel,Male,34,Faridabad,Sikkim,2024-08-18
C01252,Bhavani Kurian,Female,57,Madurai,West Bengal,2022-01-09
C01253,Yochana Tara,Female,45,Bardhaman,Gujarat,2025-11-15
C01254,Sara Mital,Male,63,Amritsar,Uttar Pradesh,2025-07-05
C01255,Bhavani Parekh,Male,21,Warangal,Uttarakhand,2021-08-08
C01256,Jeet Bora,Male,69,Bahraich,Manipur,2026-02-26
C01257,Kashish Bala,Male,69,Thoothukudi,Uttarakhand,2022-03-19
C01258,Ishwar Talwar,Female,63,Phagwara,Tamil Nadu,2026-01-13
C01259,Agastya Vohra,Male,21,Varanasi,Meghalaya,2025-09-30
C01260,Leena Dhar,Female,53,Ahmedabad,West Bengal,2022-01-04
C01261,Karan Chahal,Female,68,Ghaziabad,Telangana,2024-11-13
C01262,Gautam Sehgal,Male,42,Sangli-Miraj & Kupwad,Karnataka,2022-02-15
C01263,Unni Kumer,Male,42,Jorhat,Madhya Pradesh,2024-08-25
C01264,Kai Lanka,Male,46,Gaya,Uttarakhand,2023-07-16
C01265,Amrita Gokhale,Female,63,Bihar Sharif,Sikkim,2025-02-08
C01266,Widisha Chaudry,Male,34,Nadiad,West Bengal,2026-05-09
C01267,Eshana Behl,Male,29,Ambala,Haryana,2025-07-11
C01268,Mitesh Sani,Male,70,Burhanpur,Punjab,2026-05-19
C01269,Chameli Prashad,Female,23,Hajipur,Uttar Pradesh,2024-09-17
C01270,Yamini Dara,Male,62,Guwahati,Mizoram,2023-05-21
C01271,Pushti Walla,Female,69,Saharsa,Mizoram,2023-08-09
C01272,Aditya Korpal,Female,67,Bhilai,Bihar,2021-08-21
C01273,Champak Minhas,Female,38,Durgapur,Arunachal Pradesh,2026-07-09
C01274,Amruta Ray,Female,26,Kanpur,Haryana,2025-02-15
C01275,Tanay Nigam,Male,60,Gurgaon,Maharashtra,2022-06-24
C01276,Vasudha Anand,Male,59,Khandwa,Nagaland,2026-06-02
C01277,Xalak Toor,Male,60,Rohtak,Tamil Nadu,2025-04-06
C01278,Aarav Shere,Female,24,Srinagar,Bihar,2022-09-14
C01279,Zarna Mishra,Male,25,Ozhukarai,Tripura,2022-11-12
C01280,Ronith Chana,Female,23,Panihati,Chhattisgarh,2023-11-18
C01281,Aachal Kulkarni,Male,34,Anand,Kerala,2022-02-14
C01282,Logan Nori,Male,55,Bihar Sharif,Chhattisgarh,2022-12-27
C01283,Januja Kuruvilla,Male,67,Malegaon,West Bengal,2023-05-04
C01284,Yoshita Dugar,Female,68,Hazaribagh,Chhattisgarh,2023-11-16
C01285,Udyati Doshi,Female,67,Surendranagar Dudhrej,Andhra Pradesh,2022-02-04
C01286,Vrinda Shukla,Male,68,Rajkot,Chhattisgarh,2026-05-09
C01287,Balveer Bahl,Male,19,Gaya,Meghalaya,2025-12-26
C01288,Hemani Edwin,Male,19,Chandrapur,Gujarat,2021-10-24
C01289,Megha Solanki,Male,44,Naihati,Tamil Nadu,2025-06-15
C01290,Quincy Bala,Female,61,Ambala,Haryana,2024-09-11
C01291,Kevin Ramachandran,Male,31,Ajmer,Assam,2024-02-26
C01292,Sachi Sami,Female,64,Farrukhabad,Sikkim,2023-08-28
C01293,Varsha Sridhar,Male,66,Jhansi,Madhya Pradesh,2026-06-25
C01294,Saksham Chakrabarti,Female,21,Coimbatore,Tamil Nadu,2022-07-18
C01295,Girindra Karpe,Male,41,Chittoor,Bihar,2023-08-29
C01296,Nimrat Sarraf,Male,55,Kurnool,Karnataka,2022-12-31
C01297,Faras Bhattacharyya,Female,31,Latur,Sikkim,2022-09-01
C01298,Omisha Gupta,Male,68,Malda,Madhya Pradesh,2022-03-28
C01299,Kritika Krishna,Female,45,Guwahati,Haryana,2024-01-06
C01300,George Jani,Female,62,Ulhasnagar,Gujarat,2025-06-24
C01301,Varsha Grover,Female,45,Bhalswa Jahangir Pur,Tamil Nadu,2026-01-14
C01302,Nirja Ahluwalia,Male,18,Katni,Tamil Nadu,2021-11-17
C01303,Suhani Rau,Female,60,Kottayam,West Bengal,2024-07-08
C01304,Leena Tiwari,Female,64,Nandyal,Sikkim,2024-07-22
C01305,Andrew Pillay,Female,32,Bangalore,Punjab,2021-08-03
C01306,Udarsh Morar,Male,20,Jehanabad,Manipur,2025-02-15
C01307,Riya Kalita,Male,36,Ranchi,Assam,2024-03-24
C01308,Bachittar Dhar,Male,41,Nangloi Jat,Nagaland,2025-01-23
C01309,Karan Dara,Male,48,Raichur,Sikkim,2023-10-10
C01310,Kritika Hans,Male,31,Orai,Karnataka,2021-12-13
C01311,Onveer Dey,Male,32,Purnia,Sikkim,2024-09-28
C01312,Aadi Padmanabhan,Female,51,Pondicherry,Mizoram,2021-08-28
C01313,Shivansh Mane,Female,40,Jabalpur,Maharashtra,2025-10-02
C01314,Anusha Sodhi,Female,63,Amaravati,Odisha,2025-12-21
C01315,Balendra Lall,Male,42,Gandhinagar,Kerala,2022-03-12
C01316,Sanya Gade,Female,68,Jorhat,Assam,2025-12-29
C01317,Raghav Wali,Female,42,Hindupur,Uttar Pradesh,2022-12-18
C01318,Gabriel Madan,Male,31,Varanasi,West Bengal,2025-05-22
C01319,Ryan De,Female,69,Nashik,Arunachal Pradesh,2025-07-27
C01320,Dalaja Rama,Female,49,Tiruppur,Himachal Pradesh,2026-04-18
C01321,Ubika Choudhary,Female,28,Pondicherry,West Bengal,2021-09-28
C01322,Ayaan Ben,Female,35,Dehradun,Madhya Pradesh,2021-07-28
C01323,Meera Merchant,Male,49,Berhampore,Manipur,2025-07-14
C01324,Aachal Pant,Female,39,Alwar,Kerala,2024-01-25
C01325,Banjeet Srivastava,Female,26,Hazaribagh,Kerala,2024-10-27
C01326,Sanya Gulati,Female,39,Proddatur,Rajasthan,2025-06-21
C01327,Charita Modi,Male,23,Naihati,Odisha,2025-11-18
C01328,Upma Rege,Male,54,Korba,Jharkhand,2025-05-25
C01329,Barkha Karpe,Female,51,Akola,Manipur,2022-03-22
C01330,Sai Thakkar,Female,55,Rajpur Sonarpur,Chhattisgarh,2025-10-09
C01331,Arjun Sood,Male,42,Faridabad,Uttarakhand,2025-03-18
C01332,Gautami Bedi,Male,50,Jorhat,Nagaland,2023-01-25
C01333,Harrison Kothari,Male,35,Amravati,Nagaland,2023-03-02
C01334,Pranit Dey,Female,56,Lucknow,Rajasthan,2023-10-08
C01335,Oviya Devi,Female,27,Anand,Uttarakhand,2025-01-02
C01336,Tejas Lad,Female,25,Danapur,Kerala,2023-10-21
C01337,Tanvi Divan,Female,32,Muzaffarpur,Uttarakhand,2025-01-06
C01338,Madhavi Mannan,Male,32,Dehradun,Goa,2022-06-15
C01339,Chatura Sinha,Male,24,Khora ,Maharashtra,2024-07-23
C01340,Arin Prabhakar,Male,28,Ludhiana,Manipur,2024-01-28
C01341,Sanaya Nayak,Male,46,Hyderabad,Rajasthan,2026-03-13
C01342,Ayushman Kant,Female,20,Lucknow,West Bengal,2023-08-22
C01343,Rayaan Krishnamurthy,Female,49,Surendranagar Dudhrej,Madhya Pradesh,2021-08-09
C01344,Vritti Dhar,Female,52,Jammu,Meghalaya,2023-11-01
C01345,Sathvik Minhas,Female,20,Dharmavaram,Kerala,2024-08-08
C01346,Ladli Chacko,Female,69,Purnia,Bihar,2024-08-02
C01347,Yatan Thaker,Male,54,Bhatpara,Mizoram,2026-03-19
C01348,Xiti Panchal,Female,48,Haridwar,Meghalaya,2025-04-20
C01349,Advay Sule,Male,47,Gwalior,Tripura,2023-06-16
C01350,Manthan Goda,Male,19,Silchar,Goa,2022-04-30
C01351,Geetika Halder,Female,35,Visakhapatnam,Nagaland,2026-01-19
C01352,Umang Dasgupta,Female,40,Burhanpur,Himachal Pradesh,2022-08-16
C01353,Abha Roy,Female,69,Dindigul,Himachal Pradesh,2024-05-24
C01354,Hamsini Kalla,Male,33,Mysore,Tamil Nadu,2021-10-20
C01355,Fariq Issac,Male,68,Mango,Uttarakhand,2024-03-15
C01356,Triya Vaidya,Male,38,Kurnool,Himachal Pradesh,2022-03-11
C01357,Tarak Dora,Female,35,Hajipur,Tripura,2024-10-23
C01358,Xavier Malhotra,Male,65,Morena,Jharkhand,2024-03-31
C01359,Daksha More,Female,62,Raichur,Assam,2026-01-24
C01360,Ati Subramaniam,Male,23,Kottayam,Karnataka,2025-08-04
C01361,Priya Swamy,Male,35,Begusarai,Andhra Pradesh,2022-12-20
C01362,Neelima Chawla,Female,44,Malda,Meghalaya,2022-09-19
C01363,Idika Pillay,Female,51,Karimnagar,Assam,2022-03-25
C01364,Pratyush Prakash,Male,37,Arrah,Tripura,2021-09-26
C01365,Lekha Kade,Female,66,Salem,Chhattisgarh,2024-10-31
C01366,Rajata Ghosh,Female,19,Sagar,Uttarakhand,2022-10-01
C01367,Arya Bhatnagar,Male,19,Latur,Uttarakhand,2024-07-21
C01368,Dalaja Sami,Male,55,Hyderabad,Uttar Pradesh,2025-03-05
C01369,Saanvi Pathak,Female,55,Raurkela Industrial Township,Gujarat,2024-05-13
C01370,Kavya Jayaraman,Female,32,Ajmer,Jharkhand,2023-04-10
C01371,Gauri Apte,Female,20,Bokaro,Gujarat,2026-05-20
C01372,Yashasvi Palla,Female,31,Darbhanga,Bihar,2021-09-09
C01373,Harrison Nori,Female,62,Phusro,Maharashtra,2023-01-01
C01374,Yachana Venkatesh,Male,21,Bhiwani,Meghalaya,2023-05-15
C01375,Vedant Sundaram,Female,57,Pondicherry,Odisha,2022-06-29
C01376,Dipta Padmanabhan,Female,39,Nandyal,Jharkhand,2022-06-05
C01377,Sara Lad,Female,69,Tenali,Mizoram,2023-12-07
C01378,Ayushman Memon,Female,31,Kavali,Haryana,2022-01-20
C01379,Ishanvi Reddy,Female,28,Erode,Kerala,2022-11-06
C01380,Anya Bhattacharyya,Female,35,Etawah,Sikkim,2026-07-06
C01381,David Sem,Female,63,Malda,Bihar,2025-04-02
C01382,Laban Master,Male,60,Tadepalligudem,Arunachal Pradesh,2024-11-16
C01383,Ojas Sule,Female,42,Chapra,Bihar,2024-05-30
C01384,Lavanya Sur,Female,45,Shivpuri,Jharkhand,2023-01-26
C01385,Anvi Golla,Female,70,Loni,Odisha,2025-06-05
C01386,Frederick Chauhan,Male,59,Tumkur,Tripura,2023-09-03
C01387,Aahana Lalla,Male,22,Pudukkottai,West Bengal,2024-05-10
C01388,Frederick Dayal,Male,46,Muzaffarnagar,Odisha,2025-07-28
C01389,Tamanna Khare,Male,51,Bokaro,Meghalaya,2025-08-25
C01390,Saksham Mohan,Male,22,Bikaner,Uttarakhand,2023-03-10
C01391,Bina Minhas,Female,50,Ambattur,Rajasthan,2024-07-14
C01392,Odika Dugal,Female,65,Hajipur,Telangana,2022-01-22
C01393,Sudiksha Maharaj,Male,57,Nandyal,Meghalaya,2025-12-25
C01394,Mekhala Brar,Female,52,Ambala,Jharkhand,2022-05-20
C01395,Harinakshi Sami,Male,44,Nanded,Meghalaya,2025-05-01
C01396,Nidhi Solanki,Female,66,Sikar,Maharashtra,2026-02-26
C01397,Rishi Shanker,Female,19,Asansol,Meghalaya,2025-03-15
C01398,Zinal Master,Male,46,Giridih,Sikkim,2025-12-07
C01399,Sanaya Baral,Female,68,Bulandshahr,Arunachal Pradesh,2023-03-19
C01400,Faraj Chopra,Male,31,Bhusawal,Punjab,2021-10-01
C01401,Shaurya Memon,Male,52,Nagercoil,Meghalaya,2024-08-15
C01402,Ria Parsa,Female,38,Ramgarh,West Bengal,2024-07-05
C01403,Ladli Chacko,Male,38,Ludhiana,Uttarakhand,2025-05-28
C01404,Advaith Murthy,Female,33,Surat,Gujarat,2025-10-22
C01405,Jasmit Golla,Female,28,Ajmer,Karnataka,2023-02-09
C01406,Pranit Krishnamurthy,Male,42,Suryapet,Jharkhand,2025-12-04
C01407,Aishani Dua,Female,69,Kulti,Goa,2023-04-02
C01408,Kashvi Khanna,Male,55,Saharanpur,Meghalaya,2022-06-14
C01409,Abdul Comar,Male,19,Phagwara,Bihar,2024-08-17
C01410,Bishakha Mitra,Male,34,Bikaner,Himachal Pradesh,2024-05-13
C01411,Noah Hora,Male,35,Udaipur,Punjab,2024-08-29
C01412,Darika Bala,Female,32,Jalna,Uttar Pradesh,2024-12-05
C01413,Amol Bhardwaj,Male,66,Dehri,Punjab,2022-10-27
C01414,Rudra Magar,Female,35,Nizamabad,West Bengal,2022-12-08
C01415,Watika Singh,Female,26,Parbhani,Gujarat,2025-11-10
C01416,Praneel Pingle,Female,55,Satna,Gujarat,2022-01-25
C01417,Samuel Chokshi,Female,61,Eluru,Haryana,2023-01-27
C01418,Balvan Roy,Male,67,Machilipatnam,Punjab,2025-06-28
C01419,Warda Basak,Male,47,Kanpur,Madhya Pradesh,2024-09-24
C01420,Edhitha Saha,Female,69,Danapur,Assam,2025-07-26
C01421,Dakshesh Grover,Female,55,Bhatpara,Tripura,2026-05-30
C01422,Damyanti Wali,Female,34,Silchar,Andhra Pradesh,2023-02-03
C01423,Ishwar Khosla,Female,46,Ulhasnagar,Kerala,2021-10-25
C01424,Atharv Pant,Male,46,Thanjavur,Madhya Pradesh,2026-02-11
C01425,Elijah Basak,Male,51,Noida,Tamil Nadu,2024-11-13
C01426,Amrita Yogi,Male,21,Rampur,Punjab,2023-06-27
C01427,Laban Anne,Male,33,Nanded,Gujarat,2022-01-27
C01428,Udant Nori,Female,32,Agra,Kerala,2024-01-16
C01429,Riya Basu,Male,18,Muzaffarnagar,Arunachal Pradesh,2024-10-14
C01430,Samaksh Upadhyay,Female,35,Rampur,Punjab,2025-06-04
C01431,George Raj,Female,19,Durgapur,Uttarakhand,2023-09-17
C01432,Aradhana Shah,Female,39,Tinsukia,Jharkhand,2025-07-02
C01433,Abeer Cherian,Female,29,Pallavaram,Assam,2022-04-10
C01434,Shivansh Chand,Male,25,Jehanabad,Karnataka,2024-01-01
C01435,Meghana Dara,Female,20,Bhubaneswar,Tripura,2024-11-05
C01436,Dakshesh Pau,Male,25,Warangal,Karnataka,2025-09-15
C01437,Ekavir Choudhury,Male,52,Parbhani,Madhya Pradesh,2022-08-14
C01438,Barkha Raval,Female,65,Ongole,Tripura,2023-02-12
C01439,Nirja Shah,Male,44,Hajipur,Bihar,2026-04-10
C01440,Jagvi Raja,Female,55,Kolkata,Uttarakhand,2023-02-12
C01441,Nimrat Prashad,Male,66,Patna,Goa,2021-09-27
C01442,Eta Narayan,Female,18,Kishanganj,Madhya Pradesh,2024-02-13
C01443,Aarna Luthra,Male,54,Maheshtala,Goa,2024-06-15
C01444,Upkaar Puri,Female,38,Hosur,West Bengal,2024-03-17
C01445,Ekiya Karpe,Female,67,Tiruvottiyur,Manipur,2021-12-22
C01446,Bachittar Muni,Male,29,Kolhapur,Telangana,2022-09-25
C01447,Nisha Narayanan,Female,37,Pimpri-Chinchwad,Arunachal Pradesh,2021-11-21
C01448,Mahika Upadhyay,Female,70,Etawah,Tamil Nadu,2023-09-12
C01449,Hemani Buch,Female,27,Miryalaguda,Mizoram,2024-01-23
C01450,Abha Bhagat,Female,39,Tinsukia,Meghalaya,2024-07-06
C01451,Elijah Dhillon,Male,19,Guntur,Meghalaya,2023-09-01
C01452,Jyoti Karpe,Male,19,Ranchi,Maharashtra,2022-11-04
C01453,Azaan Chopra,Male,26,Bhusawal,Jharkhand,2026-03-04
C01454,Raghav Ramachandran,Female,34,Howrah,Bihar,2022-12-12
C01455,Farhan Das,Male,31,Ambala,Chhattisgarh,2026-01-11
C01456,Gagan Sunder,Female,50,Howrah,Gujarat,2022-06-22
C01457,Eiravati Sankar,Male,63,Karawal Nagar,Tripura,2022-11-20
C01458,Advaith Borra,Female,52,Tirupati,Gujarat,2022-06-29
C01459,Triveni Kothari,Female,39,Medininagar,Rajasthan,2025-05-24
C01460,Lopa Suri,Male,30,Barasat,Madhya Pradesh,2023-07-25
C01461,Madhavi Chaudhari,Male,30,Tinsukia,Kerala,2022-08-04
C01462,Eesha Dua,Female,35,Firozabad,Meghalaya,2024-03-21
C01463,Upkaar Sastry,Male,70,Suryapet,Jharkhand,2023-12-12
C01464,Manya Randhawa,Female,65,Guwahati,Manipur,2025-08-31
C01465,Lajita Garde,Female,34,Chennai,Punjab,2021-10-12
C01466,Arya Natarajan,Male,39,Jorhat,Gujarat,2024-05-02
C01467,Anthony Ram,Male,30,Darbhanga,Himachal Pradesh,2025-01-02
C01468,Xiti Sridhar,Male,24,Buxar,Bihar,2025-02-18
C01469,Kiaan D’Alia,Female,59,Bhiwani,West Bengal,2024-07-17
C01470,Xiti Bora,Male,32,Yamunanagar,Bihar,2022-11-02
C01471,Yoshita Shanker,Female,25,Madhyamgram,Karnataka,2023-08-24
C01472,Utkarsh Mann,Male,35,Satna,Jharkhand,2022-04-30
C01473,Sachi Oak,Male,38,Kolhapur,Rajasthan,2023-02-20
C01474,Ekbal Chauhan,Female,55,Aizawl,Madhya Pradesh,2026-03-31
C01475,Arjun Purohit,Male,46,Gorakhpur,Jharkhand,2025-07-02
C01476,Girindra Tak,Female,22,Nangloi Jat,Rajasthan,2022-12-22
C01477,Mitesh Sankaran,Female,68,Kumbakonam,Tripura,2021-12-02
C01478,Lopa Nair,Male,69,Singrauli,Punjab,2021-11-11
C01479,Owen Sanghvi,Female,47,Shimla,Haryana,2025-11-29
C01480,Sai Srinivasan,Female,19,Tumkur,Uttar Pradesh,2024-04-05
C01481,Patrick Mishra,Female,40,Dehri,Gujarat,2022-02-02
C01482,Hemangini Varghese,Male,18,Kanpur,Odisha,2022-11-20
C01483,Adya Murty,Female,70,Vellore,Goa,2023-07-14
C01484,Oscar Varkey,Male,67,Hajipur,Arunachal Pradesh,2024-11-24
C01485,Atharv Kala,Female,34,Bathinda,Karnataka,2023-12-08
C01486,Gavin Raja,Female,70,Aligarh,Gujarat,2023-01-31
C01487,Bina Om,Female,24,Guna,Telangana,2025-08-15
C01488,Warjas Singh,Male,38,Delhi,Arunachal Pradesh,2021-07-31
C01489,Peter Nagarajan,Male,20,Warangal,Odisha,2023-08-16
C01490,Alka Aurora,Male,68,Khammam,Bihar,2023-09-16
C01491,Barkha Mandal,Male,29,Malegaon,Tripura,2024-03-21
C01492,Girish Walia,Female,65,Agra,Arunachal Pradesh,2026-04-06
C01493,Baljiwan D’Alia,Male,21,Madanapalle,Nagaland,2021-12-12
C01494,Frado Dugar,Male,54,Mirzapur,Mizoram,2024-08-05
C01495,Sudiksha Soni,Female,30,Srinagar,Punjab,2024-06-14
C01496,Dayamai Gera,Male,27,Bardhaman,Tamil Nadu,2026-01-09
C01497,Sudiksha Sahota,Female,42,Khora ,Tripura,2024-12-22
C01498,Osha Kadakia,Female,23,Phusro,Telangana,2022-12-30
C01499,Vamakshi Ben,Female,20,Madhyamgram,Jharkhand,2023-12-19
C01500,Adya Kata,Female,24,Chandrapur,Tamil Nadu,2022-11-28
C01501,Chasmum Walla,Male,56,Jammu,Nagaland,2022-06-14
C01502,Gautami Brar,Female,51,Warangal,Punjab,2024-01-08
C01503,Wriddhish Tripathi,Female,55,Agra,Assam,2025-09-10
C01504,Vanya Warrior,Female,36,Kirari Suleman Nagar,Sikkim,2025-03-14
C01505,Nitesh Mani,Male,60,Dhule,Rajasthan,2021-08-05
C01506,Ekantika Devi,Female,68,Bahraich,Sikkim,2023-05-03
C01507,Aarnav Chad,Male,67,Shimla,Sikkim,2023-12-08
C01508,Rushil Brahmbhatt,Female,56,Pondicherry,Sikkim,2024-04-29
C01509,Nidhi Tara,Male,63,Hubli–Dharwad,Tamil Nadu,2024-03-24
C01510,Ranveer Ganesh,Female,61,Gudivada,Madhya Pradesh,2026-04-02
C01511,Wyatt Chokshi,Male,35,Berhampore,Goa,2021-11-06
C01512,Alexander Mukherjee,Male,32,Ghaziabad,Meghalaya,2022-03-26
C01513,Ekantika Lanka,Female,43,Gulbarga,Sikkim,2026-01-27
C01514,Vrinda Chakrabarti,Female,53,Patiala,Chhattisgarh,2026-06-04
C01515,Peter Kibe,Male,48,Nanded,Tamil Nadu,2026-01-13
C01516,Krish Kapur,Male,47,Ghaziabad,Uttarakhand,2022-10-28
C01517,Vedant Kale,Female,32,Madurai,Uttar Pradesh,2026-05-18
C01518,Varenya Nair,Male,63,Jaipur,Meghalaya,2026-06-10
C01519,Vivaan Raj,Female,20,Bhilwara,Meghalaya,2022-05-01
C01520,Wishi Parikh,Male,54,Khora ,Jharkhand,2025-07-17
C01521,Aadhya Tata,Male,29,North Dumdum,West Bengal,2024-03-05
C01522,Mitesh Nanda,Male,28,Dewas,Andhra Pradesh,2022-06-30
C01523,Gagan Rama,Male,38,Bhiwani,Maharashtra,2023-05-27
C01524,Rehaan Sathe,Male,42,Ghaziabad,Goa,2023-09-24
C01525,Ishani Choudhary,Male,54,Panihati,Manipur,2023-05-15
C01526,Vasatika Ganguly,Male,18,Berhampore,Bihar,2021-08-22
C01527,Andrew Uppal,Female,55,Lucknow,Jharkhand,2023-07-28
C01528,Elijah Kulkarni,Male,19,Thane,Chhattisgarh,2024-11-17
C01529,Adya Acharya,Female,38,Vasai-Virar,Maharashtra,2022-03-13
C01530,Vanya Tara,Male,34,Rourkela,Chhattisgarh,2022-03-13
C01531,Dhruv Kohli,Female,49,Eluru,Tripura,2025-09-21
C01532,Kevin Reddy,Female,20,Khora ,West Bengal,2021-08-11
C01533,Chaman Padmanabhan,Female,28,Patiala,Uttarakhand,2025-05-14
C01534,Naksh Bhalla,Female,28,Kadapa,Tripura,2022-12-28
C01535,Bimala Nanda,Female,56,Pallavaram,Haryana,2026-03-14
C01536,Nakul Kalita,Female,33,Begusarai,Maharashtra,2024-04-15
C01537,Harita Bava,Female,24,Bokaro,Assam,2023-11-03
C01538,Gautam Bains,Female,59,Raurkela Industrial Township,Uttar Pradesh,2025-03-24
C01539,Bahadurjit Bassi,Female,28,Nandyal,Gujarat,2026-06-21
C01540,Maanas Sehgal,Male,67,Chapra,Goa,2022-04-18
C01541,Gavin Saran,Female,63,Alwar,Madhya Pradesh,2025-11-01
C01542,Xalak Sridhar,Male,41,Mumbai,Arunachal Pradesh,2022-09-14
C01543,Zayan Kota,Male,38,Panihati,Arunachal Pradesh,2022-09-07
C01544,Gautami Sahota,Male,23,Phagwara,Manipur,2023-06-08
C01545,Nathan Ahuja,Female,32,South Dumdum,Himachal Pradesh,2026-06-17
C01546,Dakshesh Krishna,Female,58,Giridih,Assam,2024-05-29
C01547,Gautami Chaudhary,Female,43,Madanapalle,Himachal Pradesh,2025-10-15
C01548,Alka Sha,Male,57,Kota,Chhattisgarh,2025-03-26
C01549,Zehaan Tripathi,Male,62,Jalgaon,West Bengal,2023-09-26
C01550,Upma Ghose,Male,67,Pimpri-Chinchwad,Meghalaya,2022-05-16
C01551,Dakshesh Chaudhari,Male,37,Satara,Tamil Nadu,2024-10-02
C01552,Aahana Saraf,Female,54,Dehri,Mizoram,2023-05-17
C01553,Vihaan Bakshi,Female,22,Proddatur,Assam,2026-01-24
C01554,Vincent Mall,Female,31,Gudivada,Maharashtra,2022-02-01
C01555,Avni Bhagat,Male,64,Jaunpur,Himachal Pradesh,2026-06-14
C01556,Jyoti Nanda,Female,66,Hazaribagh,Mizoram,2024-07-27
C01557,Baljiwan Chokshi,Female,48,Panipat,Uttar Pradesh,2022-01-06
C01558,Hemal Ravi,Female,49,Uluberia,Meghalaya,2022-05-26
C01559,Zaid Devan,Male,54,Firozabad,Uttarakhand,2025-07-29
C01560,Nathan Borra,Male,47,Rohtak,Odisha,2024-02-12
C01561,Libni Dani,Female,20,Bulandshahr,Uttar Pradesh,2023-09-16
C01562,Omkaar Boase,Female,54,Nagpur,Kerala,2023-07-01
C01563,Manan Kamdar,Female,48,Shimoga,Goa,2022-12-23
C01564,Girindra Bahri,Female,62,Bathinda,Jharkhand,2026-02-08
C01565,Manan Parmar,Male,47,Bharatpur,Goa,2023-05-17
C01566,Jeevika Vyas,Male,70,Aurangabad,Bihar,2023-05-05
C01567,Jagat Sampath,Male,18,Varanasi,Andhra Pradesh,2026-07-09
C01568,Qadim Oza,Male,32,Kozhikode,Himachal Pradesh,2024-07-25
C01569,Meera Boase,Male,26,Amritsar,West Bengal,2024-05-04
C01570,Praneel Narula,Female,20,Silchar,Nagaland,2024-04-16
C01571,Yatin Nagi,Male,33,Ajmer,Himachal Pradesh,2023-12-03
C01572,Jackson Gill,Male,68,Hajipur,Meghalaya,2022-12-11
C01573,Fariq Lata,Female,32,Bally,Uttarakhand,2022-10-11
C01574,Naksh Luthra,Male,21,Madhyamgram,Madhya Pradesh,2025-12-30
C01575,Finn Kota,Female,70,Gulbarga,West Bengal,2025-06-18
C01576,Imaran Bawa,Female,22,Udupi,Punjab,2024-03-22
C01577,Divya Rajagopalan,Female,22,Machilipatnam,Assam,2025-01-17
C01578,Yatan Iyengar,Female,24,Berhampur,Bihar,2022-05-25
C01579,Onveer Radhakrishnan,Male,49,Tirunelveli,Assam,2023-04-09
C01580,Arunima Deo,Female,27,Dibrugarh,Rajasthan,2025-04-28
C01581,Neel Kulkarni,Female,57,Panchkula,Andhra Pradesh,2025-07-14
C01582,Ijaya Goswami,Female,46,Mau,Tamil Nadu,2023-10-03
C01583,Bhanumati Handa,Male,70,Nashik,Mizoram,2022-08-12
C01584,Brinda Bala,Female,25,Loni,Karnataka,2026-02-27
C01585,Nachiket Contractor,Male,56,Indore,Tamil Nadu,2024-12-05
C01586,Chandran Wadhwa,Male,47,Fatehpur,Punjab,2024-07-05
C01587,Anita Kothari,Female,61,Sikar,Himachal Pradesh,2026-02-10
C01588,Onkar Raghavan,Female,48,Kollam,Andhra Pradesh,2024-08-12
C01589,Kiaan Sachdeva,Female,34,Secunderabad,Kerala,2023-07-12
C01590,Manthan Mani,Male,56,Nagaon,Kerala,2022-09-14
C01591,Madhav Sant,Female,44,Aurangabad,Nagaland,2024-05-20
C01592,Qabil Garg,Male,64,Satara,Tamil Nadu,2025-08-13
C01593,Sachi Vasa,Male,55,Berhampur,Manipur,2026-05-22
C01594,Bimala Pal,Male,40,Meerut,West Bengal,2024-04-06
C01595,Mohini Bhatti,Female,37,Pali,Uttarakhand,2023-02-08
C01596,Watika Dayal,Female,36,Burhanpur,Tripura,2023-07-30
C01597,Gayathri Menon,Male,69,Eluru,Uttar Pradesh,2023-11-05
C01598,Janaki Biswas,Male,70,Bhind,Goa,2026-04-24
C01599,Hredhaan Parsa,Male,55,Bilaspur,Kerala,2025-02-21
C01600,Ayush Bora,Male,49,Pimpri-Chinchwad,Andhra Pradesh,2024-12-23
C01601,Radhika Manne,Male,62,Hosur,Goa,2026-02-17
C01602,Elijah Vyas,Male,35,Dehradun,Nagaland,2023-11-17
C01603,Sneha Devi,Female,34,Kavali,Gujarat,2025-10-11
C01604,Advika Dube,Male,47,Howrah,Haryana,2024-08-27
C01605,Gaurang Kaur,Female,34,Ambattur,Uttarakhand,2025-12-29
C01606,Bhavna Gupta,Male,60,Secunderabad,Telangana,2022-09-18
C01607,Brijesh Doshi,Female,18,Madanapalle,Haryana,2022-11-21
C01608,Kritika Padmanabhan,Female,28,Panchkula,Meghalaya,2022-04-23
C01609,Naksh Randhawa,Male,21,Ratlam,Sikkim,2023-06-08
C01610,Gauri Tella,Male,25,Gudivada,Nagaland,2026-06-15
C01611,Harita Datta,Female,22,Bidar,Maharashtra,2021-08-28
C01612,Pavani Sehgal,Male,55,Hindupur,Goa,2021-11-06
C01613,Max Bhalla,Female,21,Panvel,Haryana,2024-07-03
C01614,Bimala Natt,Male,51,Fatehpur,Tripura,2022-06-07
C01615,Vasatika Borra,Female,62,Hospet,Haryana,2021-08-27
C01616,Gunbir Kashyap,Male,34,Ulhasnagar,Bihar,2021-09-06
C01617,Charles Dubey,Female,32,Bhusawal,West Bengal,2025-01-13
C01618,Farhan Sridhar,Male,61,Satna,Nagaland,2025-01-24
C01619,Orinder Parmer,Female,18,Narasaraopet,West Bengal,2023-02-10
C01620,Alexander Basu,Male,57,Morbi,Himachal Pradesh,2021-11-29
C01621,Qarin Patla,Female,54,Phusro,Madhya Pradesh,2025-03-25
C01622,Ryan Bandi,Male,40,Hazaribagh,Rajasthan,2021-10-17
C01623,Krish Dara,Male,24,Junagadh,Tamil Nadu,2023-09-19
C01624,Ishani Chatterjee,Male,29,Anantapur,Punjab,2021-07-24
C01625,William Kalla,Male,43,Jodhpur,Kerala,2026-05-14
C01626,Timothy Sarma,Female,18,Ballia,Nagaland,2025-11-29
C01627,Yashica Purohit,Male,61,Kamarhati,Assam,2021-10-30
C01628,Dayita Dass,Female,56,Yamunanagar,Sikkim,2024-08-29
C01629,Chameli Bahl,Female,29,Giridih,Nagaland,2022-09-05
C01630,Tristan Basak,Male,68,Durg,Uttarakhand,2024-04-04
C01631,Avni Bhakta,Male,35,Tenali,Madhya Pradesh,2025-06-05
C01632,Ekbal Shukla,Male,22,Orai,Bihar,2024-10-20
C01633,Atharv Pal,Male,22,Bally,Rajasthan,2026-01-11
C01634,Ira Bose,Male,43,Aurangabad,Haryana,2021-08-03
C01635,Gavin Mitra,Male,22,Rewa,Karnataka,2025-10-08
C01636,Parth Deo,Female,19,Satna,Madhya Pradesh,2022-07-21
C01637,Barkha Johal,Male,60,Nagaon,Meghalaya,2021-12-05
C01638,Krishna Baral,Male,57,Korba,Mizoram,2025-06-05
C01639,Bimala Mahal,Male,42,Mau,Kerala,2023-05-19
C01640,Netra Pillai,Male,44,Ambattur,Mizoram,2025-08-02
C01641,Viraj Deo,Female,21,Dhanbad,Rajasthan,2026-05-29
C01642,Naksh Dhar,Male,62,Siliguri,Rajasthan,2023-08-22
C01643,Triya Merchant,Female,25,Bahraich,Kerala,2023-02-27
C01644,Hredhaan Shetty,Male,52,Raurkela Industrial Township,Punjab,2024-04-16
C01645,Dayamai Sarna,Male,45,Guna,Himachal Pradesh,2025-10-09
C01646,Januja Deshmukh,Male,58,Dehradun,Mizoram,2022-11-30
C01647,Nirja Iyer,Female,53,Sikar,Tamil Nadu,2025-07-16
C01648,Veda Rama,Female,61,Raebareli,Gujarat,2022-09-26
C01649,Yashica Wable,Male,41,Jaunpur,Kerala,2023-09-11
C01650,Geetika Dua,Male,68,Mehsana,Meghalaya,2024-06-11
C01651,Dalbir Brar,Male,33,Nizamabad,Arunachal Pradesh,2021-08-06
C01652,Thomas Bal,Female,23,Adoni,Meghalaya,2025-07-06
C01653,Qadim Vohra,Female,54,Gudivada,Rajasthan,2024-05-28
C01654,Nathaniel Bassi,Female,51,Hajipur,Manipur,2022-08-17
C01655,Irya Deep,Female,28,Secunderabad,Uttarakhand,2022-12-21
C01656,Kritika Dhawan,Female,48,Mau,Goa,2022-08-14
C01657,Triveni Baria,Male,31,Narasaraopet,Tamil Nadu,2022-11-26
C01658,Adya Agrawal,Female,64,Kirari Suleman Nagar,Sikkim,2026-03-04
C01659,Raghav Sur,Female,33,Tezpur,Nagaland,2025-12-11
C01660,Frederick Varma,Male,21,Nizamabad,Manipur,2023-05-02
C01661,Charan Sood,Female,21,Unnao,Madhya Pradesh,2026-02-20
C01662,Watika Saini,Female,35,Mumbai,Rajasthan,2025-12-23
C01663,Aachal Nair,Male,62,Parbhani,Manipur,2023-09-06
C01664,Lekha Prakash,Female,42,Malda,Tripura,2025-06-10
C01665,Aditya Bhagat,Female,55,Aizawl,Himachal Pradesh,2023-02-21
C01666,Raghav Srivastava,Female,26,Thrissur,Rajasthan,2022-12-30
C01667,Janani Kaul,Male,38,Shimla,West Bengal,2021-12-19
C01668,Hardik Tank,Female,34,Anantapur,Manipur,2026-06-22
C01669,Amruta Venkatesh,Female,49,Bhavnagar,Tamil Nadu,2022-06-05
C01670,Jagat Sawhney,Male,46,Narasaraopet,Karnataka,2023-09-20
C01671,Ubika Bhattacharyya,Male,48,North Dumdum,Meghalaya,2025-06-16
C01672,Hamsini Bumb,Female,27,Pallavaram,Karnataka,2025-08-07
C01673,Yagnesh Ramesh,Female,34,Ranchi,Punjab,2022-11-29
C01674,Qabil Sinha,Female,19,Malegaon,Assam,2022-05-13
C01675,Nidhi Arora,Female,34,Ballia,Karnataka,2022-06-24
C01676,Onveer Memon,Male,18,Panvel,Gujarat,2025-05-06
C01677,Sudiksha Bhat,Male,67,Srinagar,Assam,2024-06-17
C01678,Sachi Sule,Male,35,Kamarhati,Jharkhand,2021-08-07
C01679,Yahvi Barad,Male,66,Avadi,Odisha,2021-07-31
C01680,Ekapad Contractor,Male,50,Mumbai,Madhya Pradesh,2025-12-06
C01681,Amruta Gola,Female,57,Ghaziabad,Assam,2022-01-10
C01682,Naveen Mody,Male,28,Patiala,Haryana,2024-08-12
C01683,David Sha,Male,45,Srikakulam,Gujarat,2021-07-31
C01684,Nachiket Krishnan,Female,21,Ballia,Mizoram,2023-05-15
C01685,Nitesh Rout,Female,58,Begusarai,Meghalaya,2021-08-24
C01686,Dhriti Parmar,Male,67,Rampur,West Bengal,2022-08-23
C01687,Avi Kalita,Female,44,Aurangabad,Telangana,2025-09-15
C01688,Arjun Bobal,Male,65,Bharatpur,Karnataka,2026-04-01
C01689,Liam Chakraborty,Female,54,Jalna,Punjab,2024-11-07
C01690,Arin Ramesh,Female,28,Baranagar,Uttar Pradesh,2024-01-20
C01691,Faris Murthy,Male,46,Kota,Haryana,2022-03-16
C01692,Balhaar Gaba,Female,37,Chittoor,Haryana,2026-06-05
C01693,Rehaan Master,Female,54,Shimoga,Arunachal Pradesh,2026-01-10
C01694,Ekavir Prabhakar,Female,28,Ahmednagar,Nagaland,2025-11-27
C01695,Zayyan Wagle,Female,41,Akola,Madhya Pradesh,2026-04-10
C01696,Tarak Iyengar,Male,22,Ludhiana,Maharashtra,2021-12-20
C01697,Christopher Chhabra,Male,62,Saharanpur,Andhra Pradesh,2024-04-21
C01698,Manan Boase,Male,33,Madurai,Andhra Pradesh,2021-07-31
C01699,Daniel Mani,Male,18,Bidar,Karnataka,2026-02-06
C01700,Isha Lad,Male,32,Jabalpur,Meghalaya,2022-10-17
C01701,Tanay Karan,Male,66,Hubli–Dharwad,Sikkim,2022-08-15
C01702,Nimrat Balan,Female,64,Dewas,Maharashtra,2024-06-28
C01703,Harita Khosla,Male,38,Bhiwandi,Manipur,2024-06-28
C01704,Watika Grewal,Male,22,Fatehpur,Jharkhand,2024-01-28
C01705,Fitan Muni,Female,28,Pune,Bihar,2025-05-16
C01706,Viraj Balay,Female,49,Bidar,Andhra Pradesh,2024-08-02
C01707,Nandini Chaudhry,Male,20,Mahbubnagar,Bihar,2023-08-10
C01708,Dipta Mitra,Female,41,Pondicherry,Rajasthan,2022-10-29
C01709,Pranav Tata,Female,43,Udaipur,Goa,2026-06-19
C01710,Ikbal Chopra,Female,39,Surat,Goa,2025-04-06
C01711,Adweta Devan,Female,33,Faridabad,Jharkhand,2023-10-31
C01712,Abdul Sheth,Male,39,Bikaner,Kerala,2025-04-25
C01713,Tamanna Kari,Female,22,Ramagundam,Uttarakhand,2023-08-27
C01714,Dhriti Gade,Male,43,Hazaribagh,West Bengal,2025-03-20
C01715,Megha Kant,Male,69,Ambattur,Madhya Pradesh,2026-06-21
C01716,Tejas Taneja,Male,69,Rohtak,Odisha,2024-11-16
C01717,Nimrat Sachdeva,Male,58,Bharatpur,Tamil Nadu,2023-12-23
C01718,Mahika Chacko,Male,46,Ghaziabad,Haryana,2023-04-07
C01719,Yasti Roy,Female,38,Gaya,Himachal Pradesh,2024-09-09
C01720,Yug Wali,Male,62,Ramgarh,Meghalaya,2024-10-13
C01721,Upkaar Bora,Female,30,Tirunelveli,Punjab,2023-01-10
C01722,Watika Agrawal,Male,52,Hubli–Dharwad,Goa,2024-09-06
C01723,Dayamai Brar,Male,45,Thane,Arunachal Pradesh,2024-09-04
C01724,Veda Karnik,Female,31,Durgapur,Madhya Pradesh,2025-10-25
C01725,Bimala Reddy,Female,45,Jodhpur,Sikkim,2024-07-19
C01726,Nathaniel Barad,Male,67,Nangloi Jat,Tamil Nadu,2022-05-07
C01727,Faris Chakraborty,Female,51,Uluberia,Meghalaya,2022-12-02
C01728,Onkar Goyal,Male,63,Narasaraopet,Andhra Pradesh,2021-09-27
C01729,Aryan Apte,Female,59,Thanjavur,Bihar,2023-07-04
C01730,Lakshmi Bhavsar,Female,32,Kirari Suleman Nagar,West Bengal,2025-12-10
C01731,Ayush Chacko,Female,54,Mira-Bhayandar,Chhattisgarh,2022-03-01
C01732,Ekalinga Tara,Male,35,Eluru,Punjab,2022-02-07
C01733,Alexander Rai,Male,33,Aurangabad,Uttarakhand,2026-06-24
C01734,Indira Kaul,Female,65,Tadipatri,Sikkim,2023-01-21
C01735,Kamya Shukla,Female,61,Salem,Tripura,2024-08-11
C01736,Nidra Sant,Female,24,Rohtak,Sikkim,2025-04-01
C01737,Samuel Venkataraman,Female,68,Dehradun,Haryana,2023-04-12
C01738,Mohammed Mohanty,Male,60,Dehri,Goa,2022-03-19
C01739,Nitesh Sastry,Female,43,Jaunpur,Sikkim,2022-02-12
C01740,Azad Balakrishnan,Female,66,Tiruchirappalli,Arunachal Pradesh,2023-05-08
C01741,Kavya Mann,Female,25,Narasaraopet,Chhattisgarh,2022-10-19
C01742,Advay Ganesan,Male,30,Jamshedpur,Uttar Pradesh,2024-01-03
C01743,Kashvi Prabhu,Male,56,Jalna,Karnataka,2025-02-22
C01744,Chameli Bhagat,Male,44,Sirsa,Assam,2023-05-29
C01745,Vrinda Bail,Female,37,Farrukhabad,Gujarat,2022-07-20
C01746,Thomas Vohra,Male,36,Mysore,Uttar Pradesh,2026-03-05
C01747,Nisha Anand,Male,70,Maheshtala,Tripura,2024-09-15
C01748,Logan Garde,Male,18,Bijapur,Nagaland,2025-03-15
C01749,Udant Sinha,Male,69,Tezpur,Punjab,2021-09-20
C01750,Dayita Bhattacharyya,Male,29,Pali,Andhra Pradesh,2021-09-16
C01751,Sanaya Sant,Male,24,Howrah,Karnataka,2023-04-29
C01752,Chanakya Comar,Female,37,Tadipatri,Himachal Pradesh,2022-10-19
C01753,Chaitaly Ahuja,Male,65,Dehradun,Tripura,2025-12-04
C01754,Qadim Anne,Female,38,Davanagere,Assam,2025-02-11
C01755,Wridesh Kohli,Female,21,Raurkela Industrial Township,Goa,2023-06-11
C01756,Abhimanyu Sane,Female,26,Tiruchirappalli,West Bengal,2025-05-05
C01757,Yahvi Master,Female,63,Gaya,Himachal Pradesh,2022-06-26
C01758,Ekta Gulati,Female,41,Coimbatore,Jharkhand,2024-09-13
C01759,Baljiwan Shankar,Male,41,Barasat,Kerala,2023-04-23
C01760,Arunima Ramaswamy,Male,63,Panchkula,Manipur,2022-08-16
C01761,Hamsini Krishna,Male,65,Nagercoil,Tripura,2024-10-10
C01762,Arunima Chakraborty,Male,19,Proddatur,Tamil Nadu,2025-01-11
C01763,Manya Nayak,Male,60,Jodhpur,Madhya Pradesh,2025-11-02
C01764,Sanya Handa,Female,67,Kanpur,Kerala,2022-04-17
C01765,Vedant Sen,Male,65,Bhiwandi,Bihar,2025-09-07
C01766,Shravya Sampath,Female,48,Bhilwara,Kerala,2022-05-23
C01767,Wahab Chand,Male,52,Nagercoil,Gujarat,2025-02-19
C01768,Sudiksha Hora,Female,18,Guwahati,Telangana,2021-12-18
C01769,Vasana Som,Female,18,Sasaram,Manipur,2026-02-17
C01770,Girindra Mody,Male,64,Muzaffarpur,Nagaland,2021-11-03
C01771,Riya Luthra,Female,32,Mahbubnagar,Telangana,2024-07-08
C01772,Vedhika Chanda,Male,52,Jaunpur,Odisha,2024-04-10
C01773,Ekbal Kannan,Male,34,Serampore,Andhra Pradesh,2024-05-16
C01774,Kavya Mahal,Male,38,Satara,Rajasthan,2024-11-15
C01775,Oliver Shanker,Female,62,Ramgarh,Nagaland,2022-02-11
C01776,Rachana Aurora,Male,61,Naihati,Jharkhand,2023-10-22
C01777,Indali Vaidya,Male,38,Dhanbad,Haryana,2022-03-10
C01778,Champak Shah,Female,33,Dewas,Goa,2022-11-10
C01779,Bhavika Chandran,Male,33,Adoni,Kerala,2026-06-22
C01780,Kabir Gole,Male,70,Kumbakonam,Odisha,2022-08-16
C01781,Vansha Sarkar,Male,66,Katni,Karnataka,2021-08-18
C01782,Faraj Murty,Female,26,Pallavaram,Punjab,2026-02-10
C01783,Pallavi Lal,Male,33,Satara,Odisha,2025-01-18
C01784,Viraj Mallick,Male,46,Nashik,Rajasthan,2025-08-10
C01785,Leena Cheema,Male,56,Alappuzha,West Bengal,2022-12-15
C01786,Triya Chandra,Male,29,Siliguri,Manipur,2025-08-05
C01787,Mitesh Magar,Female,26,Gurgaon,Uttarakhand,2026-04-08
C01788,Shravya Khanna,Female,61,Yamunanagar,Tamil Nadu,2022-05-18
C01789,Girik Sur,Male,50,Mango,Tripura,2022-10-15
C01790,Dalbir Anne,Female,64,Bellary,Kerala,2025-11-17
C01791,Radhika Dayal,Male,47,Jamalpur,Madhya Pradesh,2022-03-17
C01792,Qasim Kant,Male,19,Maheshtala,West Bengal,2026-05-21
C01793,Frederick Pandey,Male,22,Ranchi,Himachal Pradesh,2025-11-03
C01794,Megha Chawla,Male,35,Karnal,Bihar,2024-05-09
C01795,Mahika Hayer,Female,53,Bhilai,Haryana,2026-06-17
C01796,Omkaar Malhotra,Male,39,Deoghar,Meghalaya,2022-12-25
C01797,Zansi Sekhon,Male,57,Rohtak,Arunachal Pradesh,2021-11-19
C01798,Qabil Bose,Male,41,Erode,Madhya Pradesh,2022-06-09
C01799,Samaksh Brahmbhatt,Female,61,Gangtok,Sikkim,2026-05-17
C01800,Aadi Kala,Male,65,Allahabad,Meghalaya,2024-03-05
C01801,Logan Mahal,Male,50,Panihati,Tripura,2024-11-06
C01802,Frederick Mishra,Male,44,Chandrapur,Jharkhand,2025-12-25
C01803,Pooja Vohra,Female,52,Karnal,Mizoram,2025-01-20
C01804,Brijesh Kala,Female,26,Ongole,Uttarakhand,2022-09-26
C01805,Lekha Hari,Male,42,Dehri,Himachal Pradesh,2023-07-12
C01806,Nirja Prabhakar,Female,65,Meerut,Gujarat,2021-10-26
C01807,Isaiah Manda,Male,40,Tirunelveli,West Bengal,2024-08-11
C01808,Jairaj Ramaswamy,Male,55,Ballia,Karnataka,2022-09-04
C01809,Tanish Baria,Female,21,Hyderabad,West Bengal,2022-02-14
C01810,Tanish Handa,Female,33,Muzaffarpur,Telangana,2022-01-12
C01811,Januja Kakar,Male,51,Haridwar,Rajasthan,2026-04-10
C01812,Dhruv Sachdeva,Female,21,Nashik,Chhattisgarh,2025-08-28
C01813,Mekhala Mital,Male,36,Kakinada,Uttarakhand,2022-11-01
C01814,Alka Nayak,Female,29,Jhansi,Chhattisgarh,2021-11-09
C01815,Gagan Kamdar,Male,26,Amritsar,Arunachal Pradesh,2023-01-25
C01816,Azad Mangal,Female,62,Ongole,Chhattisgarh,2026-03-18
C01817,Vamakshi Kurian,Female,54,Saharsa,Chhattisgarh,2023-11-12
C01818,Zaid Majumdar,Male,23,Salem,Jharkhand,2024-08-20
C01819,Mitali Prashad,Female,40,Noida,Haryana,2024-04-27
C01820,Ridhi Reddy,Male,65,Anantapuram,Bihar,2026-01-23
C01821,Kamala Murthy,Male,48,Gudivada,Jharkhand,2023-10-07
C01822,Kashvi D’Alia,Female,29,Hospet,Uttar Pradesh,2025-08-26
C01823,Simon Wason,Male,19,Pune,Telangana,2022-04-07
C01824,Aarav Garg,Male,56,Rajkot,Tamil Nadu,2022-05-01
C01825,Xavier Rastogi,Female,65,Thanjavur,West Bengal,2023-06-25
C01826,Yutika Bhatnagar,Female,32,Karnal,Manipur,2024-07-12
C01827,Udyati Johal,Female,23,Pudukkottai,Andhra Pradesh,2024-01-05
C01828,Nitesh Brahmbhatt,Female,54,Ghaziabad,Uttarakhand,2026-01-26
C01829,Dev Minhas,Male,28,Vijayawada,Meghalaya,2021-12-30
C01830,Vaishnavi Suri,Female,20,Chandigarh,Meghalaya,2023-06-24
C01831,Ira Edwin,Male,34,Kollam,Jharkhand,2026-06-23
C01832,Advik Chakraborty,Male,31,Mehsana,Chhattisgarh,2023-10-17
C01833,Mekhala Hayre,Female,65,Phagwara,West Bengal,2025-10-26
C01834,Watika Murthy,Male,36,Bhagalpur,Bihar,2024-08-20
C01835,Hemani Sani,Male,20,Kharagpur,Madhya Pradesh,2026-02-24
C01836,Aahana Savant,Female,31,Mango,Mizoram,2026-04-03
C01837,Vrinda Biswas,Female,57,Bhubaneswar,Himachal Pradesh,2021-12-26
C01838,Samesh Gara,Male,65,Surat,Rajasthan,2026-07-06
C01839,Kashish Bhat,Male,38,Secunderabad,Rajasthan,2025-02-16
C01840,Yug Mittal,Female,61,Nizamabad,Manipur,2025-12-21
C01841,Baljiwan Arya,Male,44,Chandrapur,Chhattisgarh,2025-05-26
C01842,Abhimanyu Tank,Male,63,Kochi,Andhra Pradesh,2024-10-03
C01843,Aashi Bahl,Female,50,Berhampore,Kerala,2025-10-24
C01844,Eshana Sampath,Male,18,Medininagar,Madhya Pradesh,2023-10-23
C01845,Samesh Dhillon,Male,33,Hajipur,Himachal Pradesh,2023-10-09
C01846,Ati Misra,Female,60,Chennai,Assam,2025-05-20
C01847,Pushti Ramakrishnan,Female,59,Bhagalpur,Punjab,2023-06-07
C01848,Arya Subramaniam,Female,49,Tiruchirappalli,Haryana,2022-12-12
C01849,Tristan Srinivasan,Male,20,Aurangabad,Madhya Pradesh,2024-05-04
C01850,Jairaj Sule,Female,24,Danapur,Odisha,2022-02-23
C01851,Vasana Ganesh,Female,40,Nanded,Sikkim,2025-04-10
C01852,Aditya Halder,Female,47,Nanded,Nagaland,2026-05-15
C01853,Aarnav Wali,Female,54,Solapur,Madhya Pradesh,2026-05-11
C01854,Urvashi Hari,Female,31,Bhatpara,Telangana,2023-06-07
C01855,Anika Sen,Female,27,Dindigul,Odisha,2024-05-21
C01856,Anya Viswanathan,Female,59,Nanded,Tamil Nadu,2024-12-15
C01857,Yasti Butala,Male,50,Junagadh,Nagaland,2022-06-05
C01858,Balvan Bhatt,Female,61,Mathura,Bihar,2021-12-27
C01859,Ishita Borde,Male,22,Rajahmundry,Himachal Pradesh,2021-09-17
C01860,Sanaya Tailor,Female,57,Shimla,Uttarakhand,2023-06-18
C01861,Qadim Rana,Male,25,Mathura,Gujarat,2026-03-21
C01862,Meera Dash,Female,33,Mangalore,Chhattisgarh,2022-10-23
C01863,Aarnav Upadhyay,Male,61,Mirzapur,Chhattisgarh,2024-03-29
C01864,Ucchal Nagar,Female,27,Jammu,Arunachal Pradesh,2023-04-06
C01865,Upkaar Bedi,Male,70,Pali,Jharkhand,2023-10-13
C01866,Meghana Murty,Female,50,Bikaner,Bihar,2021-08-31
C01867,Kalpit Rege,Male,67,Farrukhabad,Tamil Nadu,2021-12-27
C01868,Chatresh Gade,Male,26,Bathinda,Manipur,2023-11-26
C01869,Nidra Mohan,Male,68,South Dumdum,Madhya Pradesh,2025-02-01
C01870,Timothy Bhandari,Female,32,Bhavnagar,Karnataka,2025-06-15
C01871,Sanaya Wason,Male,35,Bathinda,Assam,2024-08-19
C01872,Nicholas Sarin,Female,39,Madhyamgram,Andhra Pradesh,2022-11-05
C01873,Upma Shetty,Male,32,Bhatpara,Madhya Pradesh,2022-08-27
C01874,David Sunder,Male,27,Morena,Arunachal Pradesh,2023-04-16
C01875,Warda Magar,Female,55,Kumbakonam,Himachal Pradesh,2023-07-26
C01876,Praneel Vig,Female,19,Kozhikode,Haryana,2025-09-02
C01877,Nitesh Behl,Male,40,Jabalpur,Rajasthan,2021-08-15
C01878,Quincy Mukherjee,Male,56,Guna,Manipur,2023-07-11
C01879,Kashish Madan,Male,47,Dhanbad,Haryana,2024-06-21
C01880,Nimrat Narayan,Male,46,Hajipur,Madhya Pradesh,2026-01-04
C01881,Ekanta Lanka,Female,49,Bharatpur,Haryana,2026-05-18
C01882,Logan Madan,Male,24,Tiruppur,Mizoram,2023-09-13
C01883,Shaurya Srivastava,Male,22,Kavali,Meghalaya,2025-06-14
C01884,Vasatika Chakraborty,Female,56,Kavali,Maharashtra,2023-10-03
C01885,Ranveer Sastry,Female,40,Mumbai,Telangana,2025-02-01
C01886,Gaurika Rege,Female,45,Gudivada,Karnataka,2022-08-17
C01887,Krisha Shere,Female,47,Shahjahanpur,Mizoram,2023-07-03
C01888,Nachiket Suri,Female,38,Dewas,Karnataka,2021-08-17
C01889,Omaja Amble,Male,67,Siwan,Kerala,2024-02-09
C01890,Madhavi Narang,Female,39,Kavali,Arunachal Pradesh,2024-12-26
C01891,Luke Butala,Male,59,Medininagar,Chhattisgarh,2023-12-18
C01892,Maanav Lata,Male,48,Motihari,Odisha,2022-10-27
C01893,Nitara Boase,Female,26,Udaipur,Bihar,2024-01-13
C01894,Vamakshi Bumb,Male,53,South Dumdum,Mizoram,2021-08-02
C01895,Patrick Keer,Male,29,Jamshedpur,Assam,2024-09-09
C01896,Victor Gala,Male,20,Ramgarh,Assam,2022-03-21
C01897,Arjun Dalal,Female,20,Parbhani,Maharashtra,2024-04-21
C01898,Advay Chauhan,Female,23,Satara,Goa,2025-01-06
C01899,Jason Issac,Female,38,South Dumdum,Assam,2022-12-02
C01900,Balhaar Korpal,Female,20,Gulbarga,Mizoram,2025-07-01
C01901,Arin Bhagat,Female,25,Pimpri-Chinchwad,Odisha,2023-11-14
C01902,Yochana Modi,Male,26,Hyderabad,Sikkim,2022-01-27
C01903,Mitesh Nadkarni,Female,52,Kota,Goa,2025-02-03
C01904,George Jani,Female,27,Meerut,Jharkhand,2024-06-14
C01905,Rehaan Bir,Male,44,Noida,Assam,2023-03-21
C01906,Bachittar Narain,Female,40,Varanasi,Jharkhand,2023-06-14
C01907,Nathaniel Butala,Female,48,Imphal,Chhattisgarh,2023-05-08
C01908,Suhani Manne,Male,35,Hindupur,Maharashtra,2026-05-21
C01909,Neha Varma,Male,69,Nandyal,Uttar Pradesh,2024-11-06
C01910,Jeet Chad,Male,52,Alappuzha,Karnataka,2025-11-20
C01911,Hritik Raman,Male,27,Raiganj,Meghalaya,2024-06-16
C01912,Aashi Parekh,Male,29,Bangalore,Chhattisgarh,2024-04-18
C01913,Bimala Bhardwaj,Male,23,Bulandshahr,Uttarakhand,2025-07-06
C01914,Chandani Manne,Female,59,Bilaspur,Karnataka,2023-06-27
C01915,Pranav Aggarwal,Female,51,Kavali,Meghalaya,2024-10-23
C01916,Kabir Jaggi,Female,39,Hospet,Uttarakhand,2026-04-18
C01917,Bhavna Muni,Male,38,Jabalpur,Rajasthan,2025-07-02
C01918,Aradhana Varughese,Male,32,Ujjain,Maharashtra,2026-03-22
C01919,Qushi Kara,Male,63,Faridabad,Assam,2021-09-25
C01920,Ayaan Dutta,Female,29,Gulbarga,Manipur,2024-02-27
C01921,Amruta Shankar,Female,66,Madanapalle,Manipur,2023-10-21
C01922,Jagat Kari,Male,54,Cuttack,Madhya Pradesh,2022-12-16
C01923,Bachittar Golla,Female,19,Baranagar,Karnataka,2022-09-13
C01924,Vyanjana Nanda,Male,20,Bareilly,Jharkhand,2023-01-06
C01925,Pavani Munshi,Male,19,Singrauli,Sikkim,2023-02-03
C01926,Hamsini Koshy,Female,26,Kozhikode,Mizoram,2023-08-16
C01927,Manbir Bains,Female,19,Hubli–Dharwad,Chhattisgarh,2025-04-05
C01928,Anay Arya,Male,37,New Delhi,Kerala,2025-02-02
C01929,Fariq Magar,Male,68,Ujjain,Chhattisgarh,2022-05-26
C01930,Patrick Shere,Male,65,Bhiwani,Punjab,2022-01-30
C01931,Aarnav Sankar,Female,63,Dewas,Andhra Pradesh,2025-02-05
C01932,Eesha Lall,Male,23,Patiala,Haryana,2025-12-08
C01933,Aryan Bhandari,Female,29,Raebareli,Assam,2024-10-04
C01934,Rachita Devan,Male,55,Barasat,Maharashtra,2026-04-13
C01935,Saksham Kaul,Female,25,Gudivada,Haryana,2025-07-29
C01936,Owen Chanda,Female,25,Danapur,Himachal Pradesh,2024-11-03
C01937,Luke Pau,Female,34,Nizamabad,Haryana,2022-11-18
C01938,Waida Mammen,Female,70,Lucknow,Haryana,2022-05-15
C01939,Anmol Atwal,Female,58,Sagar,Gujarat,2024-09-29
C01940,Ayushman Suri,Male,55,South Dumdum,Manipur,2024-04-18
C01941,Aditya Gill,Female,48,Vellore,Tamil Nadu,2025-12-10
C01942,Orinder Nadig,Male,20,Bidhannagar,Haryana,2026-02-08
C01943,Bhanumati Dada,Female,41,Amroha,Punjab,2022-12-16
C01944,Frederick Sundaram,Male,61,Barasat,Haryana,2024-03-09
C01945,Anmol Samra,Female,53,Mango,Maharashtra,2026-05-17
C01946,Advik Biswas,Female,53,Tenali,Jharkhand,2023-06-03
C01947,Victor Kapur,Male,63,Bikaner,Goa,2026-06-28
C01948,Aarna Minhas,Male,56,Jhansi,Jharkhand,2026-06-27
C01949,Sara Murthy,Male,39,Raichur,Bihar,2024-01-29
C01950,Sanya Khosla,Female,24,Kolkata,Manipur,2025-08-01
C01951,Fiyaz Minhas,Female,31,Mumbai,Punjab,2025-04-11
C01952,Dalbir Bhargava,Male,47,Jalna,Assam,2026-04-14
C01953,Bhavna Prakash,Male,58,Jorhat,Andhra Pradesh,2025-01-28
C01954,Kamya Shah,Female,25,Shahjahanpur,Karnataka,2023-05-22
C01955,Madhav Verma,Male,29,Chandrapur,Telangana,2021-08-19
C01956,Maya Wadhwa,Female,58,Bijapur,Himachal Pradesh,2022-02-09
C01957,Gaurav Gupta,Female,44,Belgaum,Punjab,2025-09-29
C01958,Umang Nath,Female,29,Berhampore,Mizoram,2022-05-24
C01959,Max Yohannan,Female,51,Bhagalpur,Uttar Pradesh,2022-03-09
C01960,Oviya Jha,Male,39,Lucknow,Sikkim,2021-12-27
C01961,Krisha Maharaj,Female,29,Akola,Meghalaya,2023-05-20
C01962,Aradhana Oommen,Female,22,Raurkela Industrial Township,Gujarat,2022-03-04
C01963,Shivani Varughese,Female,35,Thiruvananthapuram,Jharkhand,2024-07-29
C01964,Sneha Oak,Male,70,Rourkela,Manipur,2022-10-14
C01965,Varenya Nagarajan,Male,46,Mangalore,Goa,2026-04-22
C01966,Quincy Kakar,Female,38,Malda,Manipur,2021-11-27
C01967,Lila Karnik,Male,24,Kolhapur,Uttar Pradesh,2026-04-27
C01968,Osha Wadhwa,Female,68,Munger,Karnataka,2025-06-14
C01969,Nachiket Lad,Male,25,Guntur,Himachal Pradesh,2026-07-23
C01970,Azad Bose,Male,63,Bhind,Bihar,2021-08-18
C01971,Faris Tella,Female,62,Patiala,Bihar,2025-05-25
C01972,Triya Lala,Female,41,Baranagar,Assam,2022-01-19
C01973,Yashica Varty,Female,65,Kochi,Bihar,2025-04-20
C01974,Pooja Keer,Male,65,Bhusawal,Tamil Nadu,2025-02-24
C01975,Kevin Shah,Female,32,Asansol,Jharkhand,2022-02-23
C01976,Ekta D’Alia,Male,45,Raipur,Madhya Pradesh,2023-05-22
C01977,Saanvi Kothari,Female,59,Nanded,Himachal Pradesh,2022-08-23
C01978,Joshua Mann,Male,23,Chennai,Manipur,2022-07-01
C01979,Utkarsh Natarajan,Female,39,Mira-Bhayandar,Odisha,2025-02-21
C01980,Chasmum Chokshi,Female,57,Udaipur,Rajasthan,2021-10-06
C01981,Ojasvi Bhavsar,Female,34,Nellore,Odisha,2025-02-03
C01982,Veda Rajagopalan,Female,44,Varanasi,Tripura,2023-12-22
C01983,Parth Mani,Female,67,Katihar,Assam,2022-03-16
C01984,Nidhi Puri,Female,53,Jabalpur,Tripura,2025-08-20
C01985,Patrick Bala,Male,42,Ahmedabad,Andhra Pradesh,2026-01-26
C01986,Geetika Muni,Male,37,Bulandshahr,Uttar Pradesh,2022-10-15
C01987,Tejas Varughese,Female,62,Nandyal,Sikkim,2021-11-05
C01988,Amrita Pingle,Male,38,Serampore,Uttar Pradesh,2023-02-13
C01989,Joshua Sampath,Male,20,Indore,Punjab,2025-06-04
C01990,Jairaj Bhalla,Female,35,Tadipatri,Meghalaya,2026-07-05
C01991,Rudra Nigam,Male,40,Serampore,Tamil Nadu,2023-04-30
C01992,Vidhi Kala,Male,31,New Delhi,Meghalaya,2022-02-24
C01993,Upadhriti Gola,Female,65,Mahbubnagar,Goa,2024-06-20
C01994,Aarav Bhandari,Female,59,Patna,Himachal Pradesh,2024-12-12
C01995,Yashodhara Yohannan,Female,18,Ongole,Bihar,2025-12-31
C01996,Matthew Deshpande,Female,65,Bokaro,Arunachal Pradesh,2024-03-23
C01997,Utkarsh Upadhyay,Female,41,Surendranagar Dudhrej,Chhattisgarh,2021-09-13
C01998,Bahadurjit Dutta,Male,43,Hapur,Uttar Pradesh,2026-07-01
C01999,Janaki Gole,Female,49,Asansol,Haryana,2023-04-26
C02000,Oliver Hayre,Male,19,Naihati,Meghalaya,2022-12-15
C02001,Falan Goel,Female,52,Gurgaon,Telangana,2025-07-09
C02002,Vamakshi Kalita,Male,38,Warangal,Haryana,2025-01-23
C02003,Chanchal Karpe,Female,65,Sultan Pur Majra,Gujarat,2025-04-07
C02004,Xiti Gade,Male,29,Guna,Nagaland,2024-05-18
C02005,Zaid Pillay,Female,49,Khandwa,Chhattisgarh,2024-03-06
C02006,Jagdish Ramachandran,Female,33,Kolhapur,Maharashtra,2022-07-25
C02007,Reva Shan,Female,21,Panipat,Uttar Pradesh,2026-03-08
C02008,Tripti Manne,Male,32,Gudivada,Kerala,2025-03-06
C02009,Meera Luthra,Female,20,Mau,Assam,2026-02-21
C02010,Tripti Jha,Female,50,Yamunanagar,Sikkim,2025-08-18
C02011,Tanvi Verma,Male,51,Proddatur,Bihar,2026-01-11
C02012,Michael Kata,Male,51,Siliguri,Uttarakhand,2023-04-11
C02013,Keya Rege,Female,62,Junagadh,Madhya Pradesh,2025-11-16
C02014,Vedant Rajagopal,Male,39,Raichur,Kerala,2023-04-29
C02015,Tara Mallick,Female,68,Nellore,Telangana,2022-04-30
C02016,Tanay Chandra,Female,62,Mysore,West Bengal,2024-04-23
C02017,Darika Butala,Male,64,Miryalaguda,Tripura,2023-12-04
C02018,Ganga Radhakrishnan,Female,70,Purnia,Nagaland,2025-12-06
C02019,Yug Sarraf,Male,44,Firozabad,Chhattisgarh,2024-10-03
C02020,Riya Menon,Female,64,Malegaon,Mizoram,2024-09-08
C02021,Nathan Solanki,Female,41,Tenali,Jharkhand,2025-07-20
C02022,Irya Bora,Male,36,Lucknow,Jharkhand,2024-04-06
C02023,Sneha Basak,Male,45,Chandrapur,West Bengal,2022-12-01
C02024,Ronith Mane,Male,47,Giridih,Himachal Pradesh,2021-10-26
C02025,Chanakya Muni,Male,27,Nandyal,Jharkhand,2025-11-17
C02026,Pushti Sarma,Female,21,Durgapur,Sikkim,2021-12-13
C02027,Daniel Om,Female,45,Panchkula,Uttarakhand,2023-02-22
C02028,Oliver Soni,Female,67,Shahjahanpur,Punjab,2023-09-06
C02029,Nakul Patla,Male,30,Sasaram,Gujarat,2026-05-29
C02030,Arin Rout,Female,42,Jalandhar,Rajasthan,2025-02-23
C02031,Ekavir Bhagat,Male,52,Hapur,Uttarakhand,2024-08-25
C02032,Aradhana Pant,Female,33,Deoghar,Haryana,2025-11-02
C02033,Dayita Comar,Male,39,Imphal,Karnataka,2024-11-06
C02034,Girindra Mohan,Male,56,Phusro,Chhattisgarh,2026-01-06
C02035,Ranveer Bhakta,Female,70,Bettiah,Madhya Pradesh,2024-08-30
C02036,Chaaya Kurian,Male,30,Erode,Gujarat,2024-09-18
C02037,Yug Sama,Female,50,Ghaziabad,Gujarat,2022-04-10
C02038,Bishakha Sathe,Male,53,Mahbubnagar,Punjab,2026-03-28
C02039,Kai Balasubramanian,Female,19,Maheshtala,West Bengal,2023-12-26
C02040,Samar Dutta,Male,33,Udupi,Punjab,2022-08-18
C02041,Ikbal Kohli,Female,37,Bulandshahr,Haryana,2023-02-18
C02042,Wriddhish Kapoor,Male,29,Ulhasnagar,Himachal Pradesh,2023-12-03
C02043,Mitali Koshy,Male,61,Mau,Meghalaya,2026-01-22
C02044,Ansh Bassi,Female,37,Akola,Telangana,2022-07-26
C02045,Oeshi Palla,Male,22,Ghaziabad,Maharashtra,2022-01-23
C02046,Yasti Chada,Male,66,Thane,Sikkim,2026-04-21
C02047,Banjeet Golla,Female,19,Tadepalligudem,Maharashtra,2022-09-09
C02048,Nikita Varghese,Male,67,Aurangabad,Maharashtra,2024-08-12
C02049,Gayathri Deo,Female,58,Yamunanagar,Uttar Pradesh,2024-07-16
C02050,Manthan Subramanian,Male,52,Agra,Mizoram,2021-09-11
C02051,Champak Sathe,Male,68,Durg,Manipur,2021-09-27
C02052,Indrajit Devan,Male,57,Hubli–Dharwad,Odisha,2024-05-01
C02053,Gauri Cherian,Male,45,Junagadh,West Bengal,2025-08-07
C02054,Amol Zacharia,Female,32,Buxar,Haryana,2023-12-09
C02055,Omisha Nagar,Male,29,Meerut,Nagaland,2023-09-28
C02056,Ishita Varkey,Male,56,Gurgaon,Karnataka,2025-08-29
C02057,Guneet Pai,Female,18,Noida,Arunachal Pradesh,2023-01-08
C02058,Jhalak Guha,Male,32,Dhanbad,Meghalaya,2023-03-04
C02059,Abhimanyu Dash,Female,33,Ranchi,Karnataka,2026-01-31
C02060,Dipta Krishnamurthy,Female,70,Ambala,Assam,2023-02-01
C02061,Naveen Dixit,Male,58,Bettiah,Manipur,2022-11-21
C02062,Aachal Sharaf,Male,60,Jaipur,Nagaland,2024-05-08
C02063,Gavin Dave,Female,66,Raichur,Himachal Pradesh,2023-10-19
C02064,Aachal Oommen,Female,57,Mira-Bhayandar,Chhattisgarh,2024-08-07
C02065,Ojas Sama,Female,40,Karimnagar,Assam,2024-12-23
C02066,Yatan Chhabra,Female,60,Jehanabad,Gujarat,2022-01-03
C02067,Ekanta Pillay,Male,18,Panvel,Assam,2025-12-08
C02068,Gaurangi Soman,Female,32,Shimoga,Maharashtra,2023-03-20
C02069,Max Batta,Male,18,Bhimavaram,Chhattisgarh,2025-09-25
C02070,Brinda Ganguly,Male,26,Malda,Maharashtra,2025-08-26
C02071,Liam Dhawan,Male,27,Mahbubnagar,Nagaland,2022-05-16
C02072,Zansi Nayak,Female,44,Orai,Himachal Pradesh,2024-07-09
C02073,Adweta Date,Male,24,Ozhukarai,Arunachal Pradesh,2022-04-26
C02074,Atharv Mohan,Female,28,Navi Mumbai,Arunachal Pradesh,2026-06-30
C02075,Amara Chanda,Male,38,Kavali,Madhya Pradesh,2022-03-01
C02076,Orinder Date,Male,68,Bellary,West Bengal,2023-12-06
C02077,Priya Dube,Female,20,Hubli–Dharwad,Telangana,2025-01-19
C02078,Lopa Gupta,Male,61,Secunderabad,Tripura,2024-01-03
C02079,Yagnesh Jaggi,Male,47,Bhind,Chhattisgarh,2022-12-10
C02080,Aachal Kala,Female,63,Secunderabad,Uttarakhand,2022-12-10
C02081,Megha Lalla,Male,49,Raichur,Rajasthan,2024-06-10
C02082,Upkaar Sunder,Female,38,Kakinada,Sikkim,2024-03-21
C02083,George Kulkarni,Female,45,Ambarnath,Himachal Pradesh,2026-07-17
C02084,Siya Sathe,Male,20,Nanded,Karnataka,2024-10-10
C02085,Anika Kara,Female,46,Vasai-Virar,Karnataka,2023-12-05
C02086,Xiti Kakar,Female,49,Vijayawada,Goa,2022-01-11
C02087,Gauri Mahal,Female,26,Sri Ganganagar,Kerala,2022-05-24
C02088,Tanish Ganguly,Male,34,Aurangabad,Madhya Pradesh,2025-10-02
C02089,Urvashi Bath,Male,55,Panipat,Uttarakhand,2026-07-05
C02090,Yash Murthy,Female,63,Ghaziabad,Telangana,2025-04-22
C02091,Raghav Doctor,Male,27,Gulbarga,Uttarakhand,2023-02-13
C02092,Ekiya Bhalla,Female,28,Katihar,Himachal Pradesh,2026-05-02
C02093,Tarak Kala,Male,19,Vasai-Virar,Maharashtra,2024-12-09
C02094,Fiyaz Sachdeva,Male,42,Alwar,Chhattisgarh,2024-01-01
C02095,Jackson Lala,Female,51,Gudivada,Tripura,2023-05-17
C02096,Ikbal Goyal,Male,23,Karaikudi,Arunachal Pradesh,2024-03-14
C02097,Zaid Jaggi,Male,43,Aurangabad,Sikkim,2024-08-21
C02098,Abeer Ramaswamy,Female,38,Kadapa,Bihar,2024-10-19
C02099,Yoshita Chaudhari,Female,63,Barasat,Madhya Pradesh,2022-01-05
C02100,Reyansh Rao,Female,52,Anantapuram,Goa,2024-11-09
C02101,Chameli Singh,Female,48,Warangal,Bihar,2023-02-22
C02102,Shivani Sheth,Female,19,Junagadh,Himachal Pradesh,2024-07-10
C02103,Nitara Ramachandran,Female,37,Rourkela,Uttar Pradesh,2022-07-01
C02104,Meera Om,Female,46,Tiruchirappalli,Kerala,2025-04-30
C02105,Vrinda Varkey,Female,50,Satna,Andhra Pradesh,2026-05-19
C02106,Parth Taneja,Male,43,Durgapur,Jharkhand,2022-06-17
C02107,Qushi Swamy,Female,60,Ramagundam,Sikkim,2025-03-23
C02108,Zinal Prakash,Female,29,Etawah,Uttarakhand,2022-04-15
C02109,Yatan Kumer,Female,40,Srikakulam,Assam,2022-07-06
C02110,Triveni Mohan,Female,62,Bhavnagar,Nagaland,2024-05-27
C02111,Bhavna Sama,Male,30,Gwalior,Assam,2022-07-08
C02112,Neel Saha,Female,42,Udupi,Uttarakhand,2024-11-17
C02113,Victor Barad,Male,67,Dindigul,Himachal Pradesh,2026-05-24
C02114,Henry Sant,Female,61,Dhanbad,Rajasthan,2025-08-31
C02115,Veer Chhabra,Male,51,Panipat,Gujarat,2023-02-09
C02116,Lavanya Sundaram,Female,50,Proddatur,Goa,2023-10-02
C02117,Saumya Nadig,Male,20,Tumkur,Mizoram,2026-02-20
C02118,Simon Verma,Male,31,New Delhi,Haryana,2025-10-19
C02119,Ishanvi Gopal,Female,66,Bidar,Arunachal Pradesh,2024-08-10
C02120,Wazir Hayre,Female,70,Kulti,Mizoram,2023-07-02
C02121,Pushti Bose,Male,20,Hospet,West Bengal,2023-04-07
C02122,Lavanya Chada,Female,34,Udaipur,Maharashtra,2025-01-11
C02123,Girish Dara,Male,62,Anantapur,Meghalaya,2026-06-20
C02124,Harsh Karnik,Female,54,Burhanpur,Chhattisgarh,2022-01-28
C02125,Fiyaz Rout,Female,36,Saharanpur,Tripura,2023-03-26
C02126,Tristan Naik,Female,31,Agra,Karnataka,2023-02-04
C02127,Mitali Divan,Female,44,Kalyan-Dombivli,Chhattisgarh,2021-08-23
C02128,Onveer Singhal,Female,55,Nandyal,Chhattisgarh,2023-04-19
C02129,Ayush Shroff,Female,60,Sirsa,Manipur,2022-10-29
C02130,Radhika Jayaraman,Female,41,Rajahmundry,Gujarat,2022-08-18
C02131,Abhiram Khosla,Female,44,Khammam,West Bengal,2022-05-02
C02132,Yashoda Babu,Male,19,Surat,Gujarat,2023-02-25
C02133,Noah Parmar,Female,60,Jamalpur,Assam,2021-12-25
C02134,Ishani Batra,Female,67,Ajmer,Andhra Pradesh,2023-06-20
C02135,Waida Vyas,Female,61,Madanapalle,Himachal Pradesh,2022-09-24
C02136,Saksham Tara,Male,19,Chandrapur,Arunachal Pradesh,2025-09-12
C02137,Nicholas Kanda,Male,32,Agartala,Kerala,2021-10-22
C02138,Barkha Dewan,Male,52,Dehri,Karnataka,2022-09-19
C02139,Zaitra Kurian,Male,30,Karawal Nagar,Tamil Nadu,2022-03-17
C02140,Zayyan Purohit,Female,35,Rajkot,Meghalaya,2023-03-10
C02141,Bhavani Raja,Male,65,Mau,Uttar Pradesh,2024-06-02
C02142,Hamsini Mall,Male,21,Unnao,Sikkim,2025-12-05
C02143,Varsha Warrior,Female,22,Bangalore,Manipur,2025-01-02
C02144,Januja Edwin,Male,30,Aizawl,Chhattisgarh,2021-10-07
C02145,Abdul Uppal,Male,29,Proddatur,Karnataka,2024-05-21
C02146,Amaira Behl,Female,26,Sambhal,Bihar,2026-07-12
C02147,Samesh Bhardwaj,Female,39,Aurangabad,Rajasthan,2023-04-03
C02148,Anjali Dani,Male,23,Karaikudi,Bihar,2022-07-07
C02149,Arunima Chhabra,Female,31,Arrah,Haryana,2021-08-31
C02150,Wahab Menon,Female,62,Danapur,West Bengal,2023-02-11
C02151,Samuel Bal,Male,45,Kollam,Himachal Pradesh,2022-11-11
C02152,Harita Rau,Male,46,Tadepalligudem,Meghalaya,2022-03-17
C02153,Raksha Narayan,Female,47,Delhi,Punjab,2024-10-18
C02154,Lohit De,Male,43,Ramagundam,Mizoram,2021-10-11
C02155,Karan Tiwari,Male,33,Tenali,Himachal Pradesh,2023-12-20
C02156,Nilima Ray,Male,66,Rajpur Sonarpur,Gujarat,2024-04-03
C02157,Chakradhar Chatterjee,Female,33,Varanasi,Chhattisgarh,2025-09-28
C02158,Sanya Morar,Male,53,Davanagere,Assam,2025-04-26
C02159,Anthony Rajagopalan,Female,53,Kirari Suleman Nagar,Chhattisgarh,2025-08-04
C02160,Viraj Mukherjee,Male,55,Shimoga,Nagaland,2023-03-05
C02161,Vidhi Ganesh,Female,22,Solapur,Punjab,2023-07-18
C02162,Mitali Nayar,Female,25,Shivpuri,Maharashtra,2025-11-24
C02163,Kabir Kamdar,Female,52,Medininagar,Punjab,2024-02-03
C02164,Ikshita Hayre,Female,57,Varanasi,Kerala,2025-11-16
C02165,Aadhya Behl,Male,34,Bidhannagar,Jharkhand,2021-11-11
C02166,Watika Basak,Female,41,Cuttack,Arunachal Pradesh,2023-12-12
C02167,Amaira Bhagat,Female,47,Madurai,Rajasthan,2021-08-03
C02168,Fitan Tata,Male,62,Jammu,Assam,2026-04-21
C02169,Kashish Sachdeva,Male,56,Chapra,Bihar,2023-05-06
C02170,Patrick Mitter,Male,54,Naihati,Arunachal Pradesh,2026-04-10
C02171,Shivani Mannan,Female,48,Bhavnagar,Bihar,2026-05-14
C02172,Warda Soman,Female,34,Nagaon,Bihar,2022-01-27
C02173,Yatin Prakash,Female,43,Tirupati,Maharashtra,2024-02-09
C02174,Aarini Tripathi,Female,33,Dhule,Andhra Pradesh,2022-05-16
C02175,Ishita Sarraf,Male,63,Sambhal,West Bengal,2022-12-08
C02176,Gunbir Wable,Female,54,Aizawl,Maharashtra,2024-10-31
C02177,Raksha Sampath,Female,25,Panvel,Sikkim,2024-12-15
C02178,Avi Mital,Male,61,Anantapur,Meghalaya,2023-04-23
C02179,Rajata Hari,Male,42,Shivpuri,West Bengal,2021-10-08
C02180,Advay Chakrabarti,Female,24,Thanjavur,Meghalaya,2022-08-21
C02181,Amrita Mukhopadhyay,Male,20,Bhimavaram,Kerala,2022-05-05
C02182,Aarna Som,Male,39,Karawal Nagar,Tripura,2024-10-27
C02183,Upma Sawhney,Male,42,Gurgaon,Uttarakhand,2024-07-31
C02184,Vritti Sanghvi,Male,39,Amroha,Kerala,2021-11-11
C02185,Jackson Nagi,Male,26,Hyderabad,Haryana,2022-07-27
C02186,Frado Raval,Female,59,Dewas,Bihar,2022-08-19
C02187,Nitara Subramanian,Male,70,Karimnagar,Jharkhand,2026-06-01
C02188,Devansh Merchant,Female,27,Bongaigaon,Bihar,2023-02-27
C02189,Saumya Bahri,Male,66,Bahraich,Nagaland,2026-04-13
C02190,Upkaar Barman,Female,21,Bathinda,Madhya Pradesh,2025-06-04
C02191,Chandresh Bassi,Female,51,Raichur,Tripura,2026-07-22
C02192,Rajata Deol,Male,36,Srinagar,Mizoram,2023-08-17
C02193,Henry Sidhu,Female,52,Bhusawal,Odisha,2023-06-02
C02194,Varsha Deshmukh,Male,49,Jabalpur,Tamil Nadu,2023-11-09
C02195,Janani Aurora,Male,45,Mau,Jharkhand,2021-08-07
C02196,Vihaan Merchant,Male,41,Dehradun,Assam,2025-11-30
C02197,Abeer Keer,Female,62,Navi Mumbai,Goa,2024-04-14
C02198,Ishani Nadkarni,Male,22,Aizawl,Arunachal Pradesh,2023-10-26
C02199,Ishanvi Kapadia,Male,30,Bangalore,Maharashtra,2022-03-21
C02200,Ayaan Morar,Female,33,Gandhidham,Arunachal Pradesh,2022-09-02
C02201,Dalaja Kamdar,Female,70,Kochi,Sikkim,2024-06-15
C02202,Isaac Chad,Female,65,Phusro,Odisha,2024-04-30
C02203,Zansi Deol,Male,37,Sirsa,Sikkim,2024-02-02
C02204,Shivansh Mukherjee,Female,32,Dharmavaram,Meghalaya,2024-04-27
C02205,Ronith Nagarajan,Female,65,Etawah,Tamil Nadu,2026-04-01
C02206,Radha Banerjee,Female,46,Ballia,Odisha,2022-02-13
C02207,Karan Gill,Female,21,Ambarnath,Bihar,2022-10-03
C02208,Tanish Thaker,Female,21,Bongaigaon,Tamil Nadu,2023-01-26
C02209,Yashica Dhar,Male,31,Aligarh,Arunachal Pradesh,2022-11-11
C02210,Qadim Minhas,Female,24,Bhalswa Jahangir Pur,Tripura,2025-07-19
C02211,Abdul Ghosh,Male,23,Bhavnagar,Madhya Pradesh,2023-12-12
C02212,Watika Gola,Male,35,Kollam,Kerala,2024-05-23
C02213,Arya Dass,Male,24,Rampur,Andhra Pradesh,2025-04-06
C02214,Girik Palla,Male,19,Etawah,Telangana,2025-11-14
C02215,Jonathan Morar,Male,59,Agartala,Maharashtra,2023-03-17
C02216,Lohit Sarraf,Female,19,Nandyal,Assam,2025-11-07
C02217,Frederick Doctor,Female,27,Raichur,Himachal Pradesh,2021-10-19
C02218,Frado Gera,Female,28,Aurangabad,Nagaland,2024-09-07
C02219,Agastya Batta,Male,33,Panipat,Rajasthan,2023-03-16
C02220,Jagdish Sharaf,Female,42,Shimla,Madhya Pradesh,2026-07-17
C02221,Wriddhish Kalita,Female,56,Haldia,Telangana,2022-04-12
C02222,Banjeet Chauhan,Female,28,Bhubaneswar,Andhra Pradesh,2024-10-07
C02223,Dhruv Varughese,Female,57,Bathinda,Maharashtra,2025-08-26
C02224,Widisha Nair,Male,55,Karimnagar,Punjab,2026-01-31
C02225,Ishita Sarna,Female,54,Ramgarh,Manipur,2024-10-20
C02226,Odika Hans,Female,42,Sri Ganganagar,Madhya Pradesh,2022-08-14
C02227,Bahadurjit Dara,Female,34,Junagadh,Odisha,2024-11-28
C02228,Jalsa Oak,Male,69,Berhampore,Karnataka,2026-02-16
C02229,Devansh Goswami,Female,67,Vasai-Virar,Haryana,2022-01-26
C02230,Warda Wadhwa,Female,55,Hazaribagh,Odisha,2023-12-30
C02231,Upkaar Prakash,Female,41,Hubli–Dharwad,Gujarat,2023-06-19
C02232,Urvashi Desai,Female,58,Orai,Uttar Pradesh,2025-06-19
C02233,Warinder Khare,Female,25,Gandhidham,Tripura,2021-08-02
C02234,Agastya Bhargava,Male,19,Saharanpur,Tamil Nadu,2023-05-31
C02235,Yahvi Subramanian,Male,58,Mirzapur,Bihar,2025-12-19
C02236,Bhavna Rout,Female,60,Karawal Nagar,Andhra Pradesh,2026-07-20
C02237,Reva Tandon,Female,65,Madurai,Maharashtra,2026-01-13
C02238,Advaith Rai,Male,34,Ghaziabad,Rajasthan,2024-04-13
C02239,Hritik Sule,Female,48,Nagpur,Meghalaya,2025-12-30
C02240,Dalaja Mukhopadhyay,Female,38,Chennai,Telangana,2024-03-25
C02241,Pranav Sathe,Female,31,Bally,Tamil Nadu,2025-02-20
C02242,Kritika Rama,Male,44,Jaunpur,Tamil Nadu,2023-12-22
C02243,Jagdish Rastogi,Female,64,Giridih,Manipur,2024-02-16
C02244,Jagat Sami,Female,62,Sasaram,Odisha,2022-09-21
C02245,Bhavani Swaminathan,Male,61,Tiruchirappalli,West Bengal,2022-08-16
C02246,Banjeet Sankar,Male,63,Sri Ganganagar,Madhya Pradesh,2022-10-25
C02247,Radhika Mander,Male,34,Chandrapur,Kerala,2021-12-15
C02248,Pratyush Jani,Female,43,Aurangabad,Mizoram,2022-07-03
C02249,Vanya Kuruvilla,Female,60,Kolhapur,Nagaland,2026-07-05
C02250,Advika Ahuja,Male,42,Davanagere,Kerala,2023-03-07
C02251,Qabil Dhar,Male,70,Ichalkaranji,Nagaland,2024-11-20
C02252,Rehaan Peri,Male,70,Ambattur,Rajasthan,2022-02-01
C02253,Arunima Bhatia,Female,39,Solapur,Chhattisgarh,2023-03-02
C02254,Rushil Choudhury,Male,20,Jalgaon,Arunachal Pradesh,2022-07-04
C02255,Gautami Dara,Female,20,Rourkela,Punjab,2022-09-15
C02256,Kala Bains,Female,38,Jehanabad,Goa,2024-08-07
C02257,Zaid Palla,Female,64,Ramgarh,Maharashtra,2023-03-21
C02258,Xalak Mistry,Female,41,Solapur,Himachal Pradesh,2022-05-10
C02259,Warinder Sane,Male,51,Korba,Haryana,2023-07-25
C02260,Tara Karan,Male,62,Korba,Andhra Pradesh,2022-10-10
C02261,Faras Joshi,Male,29,Morbi,Haryana,2025-09-21
C02262,Gayathri Dewan,Male,50,Tenali,Chhattisgarh,2025-01-25
C02263,Panini Kadakia,Female,47,Tadepalligudem,Uttar Pradesh,2024-06-08
C02264,Faris Din,Female,31,Bhubaneswar,Gujarat,2025-05-13
C02265,Amara Kothari,Male,50,Hazaribagh,Kerala,2024-12-10
C02266,Eesha Bhattacharyya,Male,18,Jalgaon,Karnataka,2022-04-08
C02267,Damini Venkataraman,Male,62,Belgaum,Arunachal Pradesh,2024-08-15
C02268,Jagrati Char,Male,33,Maheshtala,Karnataka,2023-08-27
C02269,Charan Deo,Male,27,Rajahmundry,Mizoram,2022-07-31
C02270,Vrinda Kala,Male,49,Bhiwani,West Bengal,2022-01-19
C02271,Utkarsh Kamdar,Female,27,Kochi,Telangana,2022-09-26
C02272,Vrishti Minhas,Female,42,Ghaziabad,Assam,2024-05-04
C02273,Girik Parekh,Female,54,Sultan Pur Majra,Rajasthan,2026-05-06
C02274,Garima Tak,Female,66,Nanded,Meghalaya,2026-05-31
C02275,Chaitaly Sane,Female,47,Khora ,Tamil Nadu,2023-02-17
C02276,Bishakha Rattan,Male,31,Bilaspur,Karnataka,2026-04-20
C02277,Vrishti Vyas,Male,33,Purnia,Karnataka,2023-04-21
C02278,Gauri Dayal,Female,43,Haldia,Manipur,2022-04-14
C02279,Manbir Naidu,Male,48,Bhopal,Mizoram,2021-10-01
C02280,Saanvi Chaudry,Male,63,Satara,Rajasthan,2023-12-27
C02281,Rishi Kibe,Male,48,Karnal,Telangana,2023-10-13
C02282,Max Bava,Female,25,Uluberia,Arunachal Pradesh,2022-10-18
C02283,Kala Saran,Male,68,Maheshtala,Meghalaya,2024-08-11
C02284,Dalaja Dhawan,Female,30,Dhanbad,Uttarakhand,2023-02-16
C02285,Sara Wagle,Female,18,Orai,Karnataka,2023-10-06
C02286,Naveen Bhakta,Female,35,Kurnool,Andhra Pradesh,2022-08-13
C02287,Gaurangi Joshi,Male,46,Navi Mumbai,Kerala,2025-01-17
C02288,Rachana Wali,Male,46,Guna,Himachal Pradesh,2024-03-14
C02289,Bhavya Magar,Female,36,Katihar,Madhya Pradesh,2025-10-15
C02290,Vinaya Babu,Male,59,Katni,Goa,2021-09-04
C02291,Charvi Garg,Female,36,Ratlam,Telangana,2025-03-26
C02292,Ishanvi Upadhyay,Female,65,Fatehpur,Arunachal Pradesh,2023-01-20
C02293,Gagan Suri,Female,43,Ichalkaranji,Nagaland,2023-12-13
C02294,Vansha Mitra,Male,23,Rajahmundry,Tripura,2022-12-18
C02295,Vedhika Nair,Female,27,Nagercoil,Gujarat,2021-08-14
C02296,Chanchal Mishra,Male,25,Nagaon,Chhattisgarh,2025-04-16
C02297,Benjamin Viswanathan,Male,41,Srikakulam,Tamil Nadu,2025-10-13
C02298,Vivaan Buch,Male,29,Bilaspur,Tamil Nadu,2023-10-12
C02299,Samar Gara,Male,31,Guntur,Tripura,2021-09-04
C02300,Umang Saraf,Male,18,Bhind,Jharkhand,2024-01-08
C02301,Upasna Jani,Female,29,Kota,Goa,2023-02-22
C02302,Omya Soni,Female,60,Khandwa,Gujarat,2022-05-28
C02303,Manbir Narain,Male,62,Mangalore,Manipur,2025-01-07
C02304,Azaan Ghosh,Male,24,Mira-Bhayandar,Assam,2025-07-15
C02305,Chandran Chadha,Male,39,Sri Ganganagar,Gujarat,2025-06-02
C02306,Yug Chakraborty,Male,58,Katni,Uttar Pradesh,2025-05-21
C02307,Qarin Dani,Male,68,Udupi,Mizoram,2024-01-03
C02308,Robert Wali,Male,44,Gudivada,Manipur,2025-01-04
C02309,Yatan Sane,Male,30,Gulbarga,Sikkim,2023-02-10
C02310,Kiaan Naik,Male,39,Kharagpur,Assam,2026-04-25
C02311,Qushi Sachdeva,Female,51,Rewa,Kerala,2025-06-06
C02312,Zayan Wagle,Male,61,Aligarh,Maharashtra,2023-06-28
C02313,Baljiwan Bansal,Male,65,Eluru,Arunachal Pradesh,2024-09-09
C02314,Ijaya Palla,Female,68,Buxar,Karnataka,2022-12-01
C02315,Nitara Kala,Male,52,Gopalpur,Chhattisgarh,2024-05-26
C02316,Girish Mane,Female,47,Haldia,Maharashtra,2026-04-27
C02317,Dakshesh Hayer,Male,20,Aurangabad,Karnataka,2024-05-26
C02318,Victor Kuruvilla,Female,48,Kozhikode,Meghalaya,2026-01-27
C02319,Advik Murthy,Female,21,Khammam,Rajasthan,2022-11-28
C02320,Libni Sandal,Male,68,Singrauli,Jharkhand,2024-12-04
C02321,Kiaan Nagi,Male,65,Tumkur,Odisha,2023-06-05
C02322,Suhani Sachar,Male,20,Panipat,Odisha,2023-07-13
C02323,Chaman Ganguly,Male,29,Dibrugarh,Nagaland,2021-10-03
C02324,Ati Saini,Female,57,Jabalpur,Nagaland,2025-12-18
C02325,Anmol Narula,Female,50,South Dumdum,Nagaland,2024-11-14
C02326,Jackson Merchant,Male,20,Bahraich,Rajasthan,2022-07-05
C02327,Varenya Cherian,Female,48,Mira-Bhayandar,Punjab,2023-05-24
C02328,Nimrat Kalla,Female,21,Sonipat,Jharkhand,2021-10-24
C02329,Forum Raval,Female,62,Munger,Tamil Nadu,2023-11-02
C02330,Finn Karpe,Male,59,Jabalpur,Telangana,2025-07-15
C02331,Nilima Handa,Male,40,Salem,Bihar,2025-11-07
C02332,Janani Bawa,Female,31,Latur,Goa,2024-03-13
C02333,Sara Mandal,Female,25,Ambattur,Odisha,2023-08-26
C02334,Gaurang Rajagopal,Female,63,Bareilly,Punjab,2025-09-18
C02335,Vaishnavi Shah,Female,58,Siwan,Bihar,2026-03-13
C02336,Radhika Deo,Male,26,Etawah,Gujarat,2025-09-23
C02337,Chandran Bhakta,Male,33,North Dumdum,Karnataka,2023-06-29
C02338,Darsh Tripathi,Male,48,Pallavaram,Bihar,2026-02-19
C02339,Zansi Wason,Female,48,Chandigarh,Madhya Pradesh,2024-10-11
C02340,Nihal Bedi,Male,47,Nizamabad,Andhra Pradesh,2023-03-05
C02341,Jagvi Padmanabhan,Male,20,Sri Ganganagar,Madhya Pradesh,2022-06-20
C02342,Oeshi De,Female,69,Bhiwandi,Arunachal Pradesh,2022-09-07
C02343,Hritik Sama,Male,23,Baranagar,Himachal Pradesh,2024-09-27
C02344,Nisha Bera,Female,59,Maheshtala,Odisha,2023-02-18
C02345,Falak Mannan,Male,31,Bareilly,Kerala,2023-06-11
C02346,Radhika Khanna,Female,20,Aizawl,Gujarat,2026-04-15
C02347,Turvi Varughese,Female,61,Jodhpur,Sikkim,2024-04-22
C02348,Janani Bhalla,Male,69,Raebareli,Jharkhand,2024-09-30
C02349,Pavani Bhatti,Male,27,Siwan,Assam,2022-03-21
C02350,Chandran Chandran,Male,38,Mysore,Mizoram,2021-12-27
C02351,Ira Brahmbhatt,Male,19,Rajahmundry,Nagaland,2025-08-28
C02352,Bimala Chowdhury,Male,36,Aurangabad,Jharkhand,2023-05-05
C02353,Samar Sheth,Female,32,Shahjahanpur,Haryana,2022-12-18
C02354,Wridesh Jaggi,Female,18,Mahbubnagar,Odisha,2025-10-31
C02355,Kabir Mohanty,Male,37,Madanapalle,Odisha,2022-05-22
C02356,Riya Dass,Female,68,Rajpur Sonarpur,Madhya Pradesh,2022-12-01
C02357,Rohan Banik,Male,36,Karimnagar,Tamil Nadu,2022-03-28
C02358,Gayathri Khanna,Male,39,Kurnool,West Bengal,2026-06-07
C02359,Udyati Sandal,Female,51,Pondicherry,Goa,2024-11-19
C02360,Daniel D’Alia,Female,59,Danapur,Telangana,2024-07-28
C02361,Ishaan Sura,Male,44,Shahjahanpur,West Bengal,2026-03-11
C02362,Vansha Toor,Male,28,Udaipur,Tripura,2022-11-13
C02363,Faqid Gaba,Female,47,Pimpri-Chinchwad,Tripura,2025-08-06
C02364,Rachit Naik,Male,48,Mumbai,Karnataka,2026-07-05
C02365,Yoshita Wali,Female,35,Jamshedpur,Goa,2024-02-26
C02366,Oviya Memon,Male,29,Nangloi Jat,Telangana,2026-03-04
C02367,Meera Sarraf,Male,63,Moradabad,Manipur,2024-01-21
C02368,Prisha Chacko,Male,57,Saharanpur,Punjab,2023-03-06
C02369,Hemani Loke,Male,29,Chittoor,Nagaland,2023-08-04
C02370,Viraj Sachar,Female,18,Sasaram,Manipur,2026-02-12
C02371,Harinakshi Vasa,Female,25,Firozabad,Arunachal Pradesh,2026-05-18
C02372,Kritika Ghosh,Female,22,Panvel,Odisha,2023-10-06
C02373,Ekantika Atwal,Female,49,Solapur,Sikkim,2025-06-29
C02374,Nikita Tella,Female,46,Bhalswa Jahangir Pur,Chhattisgarh,2023-09-28
C02375,Lipika Thakur,Male,50,Bokaro,Assam,2025-11-24
C02376,Suhani Kala,Female,65,Jhansi,Karnataka,2025-10-15
C02377,Amara Natt,Female,38,Shahjahanpur,Tamil Nadu,2026-04-02
C02378,Warhi Sood,Male,46,Kota,Himachal Pradesh,2026-02-23
C02379,Dakshesh Doctor,Male,37,Amritsar,Manipur,2024-08-28
C02380,Warda Bhasin,Male,69,Khandwa,Karnataka,2023-12-13
C02381,Oeshi Korpal,Female,30,Ongole,Jharkhand,2021-10-06
C02382,Lakshit Tiwari,Male,66,Kalyan-Dombivli,Gujarat,2022-08-02
C02383,Bimala Sodhi,Female,43,Thrissur,Gujarat,2024-04-22
C02384,Hemangini Wason,Female,48,Tiruchirappalli,Punjab,2022-11-23
C02385,Jeremiah Kalita,Male,52,Amravati,Manipur,2022-06-16
C02386,Andrew Nayak,Female,18,Guntur,Punjab,2026-05-23
C02387,Yochana Sankar,Female,30,Guntur,Rajasthan,2023-02-15
C02388,Mohini Manne,Female,49,Ambarnath,Punjab,2023-04-12
C02389,Adweta Sura,Male,39,Rohtak,Gujarat,2021-10-14
C02390,Zansi Mohan,Female,43,Ulhasnagar,West Bengal,2024-12-27
C02391,Anirudh Devan,Male,64,Patiala,Uttarakhand,2022-11-13
C02392,Faqid Dewan,Male,28,Satna,Haryana,2025-09-16
C02393,Aashi Keer,Male,26,Guntakal,Assam,2025-01-26
C02394,Harrison Chopra,Female,54,Satara,Maharashtra,2024-02-06
C02395,Siddharth Mane,Male,57,Gudivada,Telangana,2022-10-15
C02396,Harsh Chaudhari,Male,66,Bokaro,Chhattisgarh,2022-10-22
C02397,Ira Koshy,Male,64,Vasai-Virar,Gujarat,2023-08-23
C02398,Peter Halder,Female,56,Dharmavaram,Nagaland,2024-01-05
C02399,Prisha Vohra,Male,50,Udupi,Arunachal Pradesh,2026-07-01
C02400,Dhruv Kunda,Male,61,Ramagundam,Bihar,2023-07-13
C02401,Janani Vaidya,Male,35,Srikakulam,Haryana,2023-11-06
C02402,Idika Nagar,Male,68,Guntur,Andhra Pradesh,2023-06-23
C02403,Inaya Wali,Male,33,Katni,Andhra Pradesh,2024-03-19
C02404,Jai Din,Female,45,Mathura,Haryana,2024-04-19
C02405,Ekapad Kapur,Male,24,Asansol,Karnataka,2022-12-03
C02406,Gagan Toor,Female,69,Chandigarh,Sikkim,2024-04-21
C02407,Hemang Nigam,Female,62,Bongaigaon,Maharashtra,2023-09-21
C02408,Wridesh Singh,Male,27,Tinsukia,Odisha,2026-04-13
C02409,Gaurangi Guha,Female,19,Jaipur,Karnataka,2022-08-18
C02410,Robert Batta,Female,20,Ongole,Arunachal Pradesh,2023-12-05
C02411,Anamika Doshi,Male,57,Aizawl,Gujarat,2022-09-22
C02412,Falan Kohli,Female,37,Ambattur,Meghalaya,2026-04-16
C02413,Ishita Bumb,Male,28,Adoni,Kerala,2022-03-20
C02414,Abdul More,Female,45,Mahbubnagar,Arunachal Pradesh,2025-07-10
C02415,Gaurangi Mahal,Male,29,Chapra,Haryana,2025-11-20
C02416,Idika Balakrishnan,Male,64,Unnao,Telangana,2024-05-04
C02417,Sai Salvi,Female,47,Amritsar,Himachal Pradesh,2023-01-16
C02418,Qabil Bandi,Female,57,Mysore,Andhra Pradesh,2025-09-08
C02419,Abdul Gala,Male,58,South Dumdum,Uttarakhand,2022-07-24
C02420,Vanya Rao,Male,56,Kurnool,Rajasthan,2025-09-30
C02421,Bhavika Bal,Female,55,Cuttack,Goa,2024-09-05
C02422,Amaira Nagarajan,Male,69,Hyderabad,Himachal Pradesh,2023-05-11
C02423,Anirudh Chacko,Male,28,Firozabad,Rajasthan,2023-07-21
C02424,Nathan Natt,Male,50,Coimbatore,Telangana,2022-10-04
C02425,Lipika Banerjee,Female,54,Amroha,Telangana,2024-11-28
C02426,Hemani Bhatt,Male,62,Jammu,Kerala,2024-09-23
C02427,Dhruv Agrawal,Male,41,Varanasi,Assam,2024-06-26
C02428,Chandresh Sachdev,Male,46,Sangli-Miraj & Kupwad,Bihar,2026-06-12
C02429,Jacob Chawla,Female,50,Faridabad,Jharkhand,2023-06-06
C02430,Aashi Mannan,Male,21,Lucknow,Jharkhand,2022-09-06
C02431,Onkar Yogi,Male,57,Sagar,Sikkim,2026-07-19
C02432,Bhanumati Tella,Male,53,Ahmedabad,Meghalaya,2022-11-06
C02433,Vritti Subramaniam,Female,70,Kolhapur,Tamil Nadu,2026-07-14
C02434,Ladli Patla,Female,63,Mumbai,Chhattisgarh,2025-03-19
C02435,Yashoda Behl,Female,45,Tadepalligudem,Uttarakhand,2022-01-08
C02436,Ishaan Balasubramanian,Male,24,Jhansi,Mizoram,2023-05-31
C02437,Aarnav Baria,Male,22,Adoni,Bihar,2023-04-30
C02438,Jagat Gupta,Male,36,Agra,Meghalaya,2024-09-25
C02439,Christopher Rattan,Male,62,Amroha,Karnataka,2021-12-08
C02440,Chanakya Mukherjee,Female,29,Deoghar,Sikkim,2021-09-19
C02441,Maanav Mittal,Male,19,Mumbai,West Bengal,2023-03-16
C02442,Warda Oak,Male,22,Khandwa,Arunachal Pradesh,2025-09-27
C02443,Bhavani Kari,Female,18,Bhind,Jharkhand,2025-08-13
C02444,Avni Shere,Female,51,Gandhinagar,Kerala,2024-10-07
C02445,Yug Tara,Male,50,Hospet,Jharkhand,2022-11-22
C02446,Sanaya Krishnan,Male,60,Cuttack,Odisha,2023-10-08
C02447,Ayushman Kamdar,Female,59,Bharatpur,Gujarat,2024-07-10
C02448,Neel Kulkarni,Female,40,Ramgarh,Chhattisgarh,2023-03-22
C02449,Daksha Chana,Male,34,Howrah,Goa,2023-09-25
C02450,Jai Murty,Female,64,Imphal,Bihar,2026-04-10
C02451,Chaitanya Viswanathan,Male,45,Amravati,Andhra Pradesh,2022-04-26
C02452,Balendra Sahni,Male,68,Kota,Tripura,2023-07-07
C02453,Yashawini Dave,Female,26,Lucknow,Manipur,2023-02-27
C02454,Abhimanyu Acharya,Male,24,Guwahati,Tamil Nadu,2026-04-09
C02455,Jagdish Som,Female,66,Malegaon,Bihar,2025-09-18
C02456,Kashvi Lad,Female,23,Shimla,Odisha,2024-09-19
C02457,Nitara Chaudhari,Female,57,Jalandhar,Nagaland,2026-01-11
C02458,Rachita Bahl,Female,46,Hubli–Dharwad,Uttar Pradesh,2022-12-19
C02459,Frado Chanda,Female,39,Loni,Himachal Pradesh,2024-04-28
C02460,Dhriti Ahuja,Male,26,Nagaon,Goa,2024-03-11
C02461,Priya Gala,Female,59,Rohtak,Rajasthan,2025-01-09
C02462,Ikshita Rege,Male,60,Pondicherry,Haryana,2021-10-20
C02463,Bhavna Bhasin,Female,18,Surendranagar Dudhrej,Assam,2026-02-13
C02464,Hredhaan Rau,Female,48,Moradabad,Rajasthan,2025-08-03
C02465,Veer Chaudhari,Female,40,Madhyamgram,Nagaland,2022-10-05
C02466,Jatin Bhardwaj,Female,68,Tirupati,Goa,2022-02-08
C02467,Hemal Kibe,Male,48,Tadepalligudem,Kerala,2021-09-17
C02468,Upasna Sathe,Female,32,Mau,Haryana,2023-05-12
C02469,Ishaan Zachariah,Female,70,Jodhpur,Madhya Pradesh,2023-10-02
C02470,Nimrat Hora,Male,37,Ambala,Nagaland,2023-09-05
C02471,Ekaraj Sood,Female,48,Mahbubnagar,Andhra Pradesh,2022-08-21
C02472,Laksh Jani,Male,36,Mumbai,Karnataka,2025-07-03
C02473,Dakshesh Kanda,Male,18,Vijayawada,Himachal Pradesh,2023-07-16
C02474,Nihal Balan,Female,59,Hajipur,Uttar Pradesh,2022-04-04
C02475,Jonathan Kurian,Male,63,Bulandshahr,Madhya Pradesh,2025-04-07
C02476,Kevin Chand,Male,26,Dehradun,Tripura,2023-05-17
C02477,Charles Sangha,Male,35,Kurnool,Tamil Nadu,2023-08-07
C02478,Nitesh Seshadri,Male,64,New Delhi,Meghalaya,2025-12-19
C02479,Suhani Dave,Male,29,Varanasi,Goa,2024-06-04
C02480,Advika Sahni,Male,26,Madhyamgram,Himachal Pradesh,2021-10-26
C02481,Yuvraj Dada,Male,23,Uluberia,Telangana,2022-10-15
C02482,Krishna Badal,Male,25,Aizawl,Andhra Pradesh,2022-07-28
C02483,Devansh Krishnan,Female,56,Chandrapur,Haryana,2024-07-16
C02484,Krishna Korpal,Female,63,Secunderabad,Madhya Pradesh,2026-01-13
C02485,Lipika Keer,Male,53,Tiruchirappalli,Sikkim,2022-01-21
C02486,Thomas Narasimhan,Female,54,Amaravati,Bihar,2023-04-26
C02487,Dhruv Pradhan,Female,35,Giridih,Sikkim,2024-03-23
C02488,Ekapad Wable,Male,55,Raichur,Meghalaya,2025-06-01
C02489,Lavanya Basu,Male,31,Mysore,Tripura,2023-04-04
C02490,Nakul D’Alia,Female,51,Nangloi Jat,Gujarat,2022-06-30
C02491,Raghav Prakash,Female,29,Moradabad,Jharkhand,2023-11-07
C02492,Bhavini Handa,Male,33,Junagadh,Mizoram,2023-07-06
C02493,Chandani Comar,Female,27,Madhyamgram,Sikkim,2025-08-28
C02494,Bhavna Vaidya,Female,70,Varanasi,Mizoram,2025-08-26
C02495,Jhalak Sharaf,Female,47,Thane,Assam,2025-09-07
C02496,Rajeshri Prabhakar,Female,59,Hubli–Dharwad,Uttarakhand,2023-09-01
C02497,Rachita Chokshi,Female,42,Shimoga,Arunachal Pradesh,2023-02-22
C02498,Aayush Tara,Female,23,Hubli–Dharwad,West Bengal,2023-06-15
C02499,Aryan Bail,Male,49,Ambala,Manipur,2026-06-05
C02500,Kamala Rai,Male,40,Bharatpur,Goa,2024-01-12
C02501,Tristan Bhakta,Female,39,Mango,Kerala,2022-12-30
C02502,Kashish More,Male,51,Singrauli,Jharkhand,2022-03-08
C02503,Arin Sha,Male,65,Ghaziabad,Manipur,2025-01-12
C02504,Mitesh Nagy,Male,36,Akola,Karnataka,2023-07-27
C02505,Warda Bir,Female,37,Silchar,Kerala,2025-05-17
C02506,Amaira Kumer,Female,58,Khora ,Nagaland,2021-11-24
C02507,Ishaan Bhattacharyya,Male,59,Ahmednagar,Chhattisgarh,2025-07-03
C02508,Zayyan Dyal,Female,45,Rajpur Sonarpur,Telangana,2024-01-28
C02509,Anirudh Mody,Male,34,Surat,Uttarakhand,2022-06-22
C02510,Ekansh Lata,Male,49,Tiruppur,Madhya Pradesh,2026-03-27
C02511,Reva Kant,Male,34,Dehradun,Andhra Pradesh,2023-09-09
C02512,Amruta Prabhakar,Male,51,Kulti,Rajasthan,2023-03-15
C02513,Ekani Shah,Male,60,Anand,Jharkhand,2024-05-23
C02514,Irya Sehgal,Female,33,Malegaon,Tamil Nadu,2026-07-13
C02515,Ranveer Jayaraman,Female,70,Gwalior,Meghalaya,2021-09-24
C02516,Anya Doshi,Male,40,Ranchi,Arunachal Pradesh,2025-02-04
C02517,Hamsini Mani,Male,34,Silchar,Karnataka,2022-11-29
C02518,Nirja Karan,Male,40,Katni,Tripura,2025-02-18
C02519,Shaurya Mandal,Female,19,Jammu,Karnataka,2021-08-18
C02520,Jeet Ramanathan,Female,63,Patiala,Punjab,2026-05-21
C02521,Gayathri Chopra,Male,49,Jamshedpur,Jharkhand,2022-08-15
C02522,Urishilla Parmar,Female,41,Gaya,Himachal Pradesh,2026-02-23
C02523,Rudra Chacko,Female,34,Nangloi Jat,Madhya Pradesh,2023-08-07
C02524,Jason Modi,Female,54,Thane,Gujarat,2022-01-25
C02525,Aishani Sankaran,Male,65,Jorhat,Goa,2025-11-27
C02526,Ekavir Mani,Male,29,Purnia,Madhya Pradesh,2023-04-10
C02527,Gauri Chowdhury,Male,21,Mehsana,Tripura,2026-01-13
C02528,Madhav Shukla,Male,53,Udupi,Karnataka,2024-02-13
C02529,Nilima Kamdar,Male,56,Tiruppur,Uttar Pradesh,2026-02-14
C02530,Damyanti Swaminathan,Male,67,Jhansi,Uttar Pradesh,2022-02-24
C02531,Balhaar Jayaraman,Female,36,Mira-Bhayandar,Himachal Pradesh,2021-10-10
C02532,Janani Sami,Female,47,Asansol,Maharashtra,2025-05-02
C02533,Bhavini Rana,Female,32,Munger,Jharkhand,2023-08-01
C02534,Gaurang Choudhry,Male,28,Aligarh,Assam,2024-04-29
C02535,Sara Chad,Female,24,Moradabad,Meghalaya,2022-09-04
C02536,Chasmum Atwal,Female,31,Patna,Arunachal Pradesh,2022-02-01
C02537,Victor Sastry,Female,52,Suryapet,Assam,2025-10-03
C02538,George Dayal,Male,57,Ajmer,Kerala,2023-04-07
C02539,Nimrat Memon,Male,43,Alappuzha,Madhya Pradesh,2022-10-14
C02540,Abeer Banik,Male,51,Nanded,Tripura,2025-01-16
C02541,Qasim Buch,Female,61,Giridih,Tripura,2024-11-10
C02542,Pratyush Bali,Female,30,Satna,Meghalaya,2024-04-17
C02543,Widisha Devi,Male,37,Sambalpur,Sikkim,2026-01-01
C02544,Girik Sethi,Male,20,Allahabad,Uttar Pradesh,2026-05-25
C02545,Vincent Iyer,Male,52,Kolkata,Manipur,2026-04-03
C02546,Harrison Wagle,Male,22,Nagpur,Odisha,2024-11-13
C02547,Vedika Palla,Female,67,Bidar,Bihar,2023-12-18
C02548,Chanchal Manne,Female,55,Secunderabad,Tripura,2024-02-28
C02549,Avni Kapur,Male,57,Rohtak,Sikkim,2023-07-17
C02550,Manbir Kashyap,Female,65,Panihati,Gujarat,2024-11-16
C02551,Nitara Vyas,Female,49,Bardhaman,Manipur,2024-04-04
C02552,Tanay Bala,Female,50,Ranchi,Telangana,2024-04-28
C02553,Samaksh Kata,Female,50,Kollam,Assam,2022-09-22
C02554,Advay Sachdev,Male,51,Jhansi,Punjab,2024-11-07
C02555,Yashoda Toor,Female,54,Rourkela,Meghalaya,2021-09-21
C02556,Vritti Jhaveri,Female,31,Dehri,Nagaland,2025-04-11
C02557,Mitali Shanker,Male,22,Loni,Uttarakhand,2024-11-24
C02558,Hema Mangal,Male,37,Sirsa,Andhra Pradesh,2021-12-05
C02559,Vedika Bhattacharyya,Male,50,Hazaribagh,Chhattisgarh,2022-04-15
C02560,Kalpit Prabhu,Female,45,Nangloi Jat,Gujarat,2026-05-26
C02561,Damyanti Rege,Female,41,Gudivada,Tamil Nadu,2021-08-07
C02562,Kashvi Sharma,Male,68,Barasat,Tamil Nadu,2026-02-26
C02563,Forum Sarna,Female,49,Medininagar,West Bengal,2025-09-23
C02564,Frederick Pingle,Male,62,Guntakal,Rajasthan,2025-11-22
C02565,Ekbal Minhas,Female,38,Sonipat,Tamil Nadu,2021-09-26
C02566,Nidhi Patla,Female,61,Rewa,Tamil Nadu,2025-01-08
C02567,Mekhala Agate,Male,67,Raebareli,Arunachal Pradesh,2026-02-17
C02568,Zarna Gokhale,Male,27,Ahmedabad,Manipur,2024-06-21
C02569,Farhan Agrawal,Female,19,Tadipatri,Odisha,2023-10-28
C02570,Vasatika Bansal,Male,22,Kavali,Gujarat,2022-12-28
C02571,Pushti Om,Female,69,Kharagpur,Arunachal Pradesh,2023-11-03
C02572,Raagini Koshy,Male,34,Vellore,Kerala,2024-06-14
C02573,Brinda Taneja,Female,64,Chinsurah,Karnataka,2023-06-27
C02574,Liam Boase,Male,26,Rampur,Goa,2024-12-07
C02575,Andrew Gandhi,Female,32,Raebareli,Maharashtra,2025-07-06
C02576,Irya Pingle,Female,26,Pimpri-Chinchwad,Nagaland,2023-02-27
C02577,Dalbir Buch,Female,70,Gangtok,Meghalaya,2026-07-16
C02578,Jatin Pingle,Female,37,Kota,Odisha,2025-01-03
C02579,Nidra Jaggi,Male,39,Cuttack,Punjab,2024-09-20
C02580,Zaitra Subramaniam,Female,24,Jehanabad,Odisha,2024-11-18
C02581,Mason Dhaliwal,Male,66,Berhampore,Mizoram,2025-04-11
C02582,Elijah Gola,Male,69,Gaya,Madhya Pradesh,2025-04-25
C02583,Nilima Parmer,Male,26,Gopalpur,Himachal Pradesh,2024-08-19
C02584,Triya Sule,Male,42,Muzaffarnagar,Sikkim,2021-12-03
C02585,Anmol Chopra,Male,65,Rajahmundry,Kerala,2026-04-26
C02586,Pushti Mahal,Female,19,Thoothukudi,Meghalaya,2021-09-06
C02587,Zilmil Ravel,Female,42,Tadipatri,Sikkim,2024-03-17
C02588,Ryan Bobal,Female,69,Bhind,Assam,2021-10-23
C02589,Quincy Grewal,Female,36,Darbhanga,Uttarakhand,2025-04-23
C02590,Alexander Kade,Male,60,Tenali,Goa,2023-01-21
C02591,Noah Taneja,Female,21,Vijayawada,Uttarakhand,2025-07-03
C02592,Nidra Khurana,Male,44,Erode,Kerala,2026-06-13
C02593,Tanish Sundaram,Male,49,Allahabad,West Bengal,2021-12-20
C02594,Ayushman Parikh,Female,26,Patna,Uttarakhand,2024-07-28
C02595,Gunbir Golla,Female,21,Karnal,Punjab,2023-03-29
C02596,Mekhala Dhar,Male,62,Karaikudi,Manipur,2022-01-01
C02597,Rushil Golla,Male,44,Secunderabad,Madhya Pradesh,2024-01-01
C02598,Teerth Konda,Male,20,Tiruvottiyur,Chhattisgarh,2023-02-07
C02599,Deepa Panchal,Male,68,Ludhiana,Punjab,2023-04-10
C02600,Nimrat Prabhakar,Male,52,Karaikudi,Assam,2024-09-18
C02601,Aadhya Chatterjee,Male,33,Aurangabad,West Bengal,2023-10-11
C02602,Chaaya Krishna,Male,24,Yamunanagar,Punjab,2021-11-11
C02603,Gavin Rajagopal,Male,59,Gorakhpur,Mizoram,2026-04-12
C02604,Aahana Palla,Female,32,Shahjahanpur,Odisha,2022-09-01
C02605,Amrita Wadhwa,Female,39,Silchar,Nagaland,2025-10-21
C02606,Hitesh Iyer,Female,24,Chennai,Uttar Pradesh,2021-11-11
C02607,Rachana Kaul,Male,61,Nagaon,Maharashtra,2025-08-30
C02608,Krish Dua,Male,34,Unnao,Mizoram,2024-11-30
C02609,Jeremiah Dave,Female,44,Gopalpur,Manipur,2024-12-27
C02610,Nicholas Bawa,Male,66,Guntakal,Kerala,2024-11-16
C02611,Gaurang Kuruvilla,Female,46,Kolkata,Maharashtra,2025-06-29
C02612,Parth Palan,Female,38,Bilaspur,Tamil Nadu,2024-10-25
C02613,Damyanti Parikh,Female,20,Bokaro,Assam,2024-11-24
C02614,Nandini Seshadri,Male,55,Bettiah,Gujarat,2023-07-06
C02615,Janya Menon,Female,53,Jhansi,Goa,2023-10-05
C02616,Idika Bawa,Female,43,Karawal Nagar,Jharkhand,2024-12-26
C02617,Mitesh Bobal,Male,44,Imphal,Nagaland,2022-05-07
C02618,Vansha Rajagopalan,Male,44,Madurai,Sikkim,2022-11-18
C02619,Ishani Deol,Male,25,Bhiwandi,Arunachal Pradesh,2026-03-19
C02620,Laksh Balay,Male,18,Jhansi,Meghalaya,2022-12-22
C02621,Falak Kara,Male,30,Naihati,Uttar Pradesh,2026-04-30
C02622,Panini Date,Female,59,Dindigul,Haryana,2026-07-24
C02623,Idika Bala,Female,22,Miryalaguda,Manipur,2022-12-25
C02624,Wyatt Verma,Female,52,Nagercoil,Odisha,2026-06-17
C02625,Dominic Singh,Female,28,Raipur,Tamil Nadu,2023-02-15
C02626,Adweta Narang,Male,33,Jaunpur,Mizoram,2022-10-25
C02627,Balvan Gaba,Male,54,Nagercoil,Bihar,2024-09-29
C02628,Guneet Rao,Female,20,Karaikudi,Gujarat,2023-10-31
C02629,Avni Aggarwal,Male,46,Chandrapur,Meghalaya,2026-06-21
C02630,Gaurang Sandal,Female,40,Siliguri,Rajasthan,2023-07-02
C02631,Keya Garde,Male,25,Amritsar,Manipur,2024-08-31
C02632,Jason Pai,Male,45,Kolkata,Kerala,2024-10-22
C02633,Jason Lalla,Male,20,Nagercoil,Bihar,2026-03-17
C02634,Rohan Panchal,Male,23,Mathura,Mizoram,2026-02-20
C02635,Mohammed Amble,Male,32,Ambattur,Arunachal Pradesh,2024-04-24
C02636,Turvi Munshi,Male,35,Ujjain,Telangana,2025-02-28
C02637,Urishilla Sethi,Male,42,Dehradun,Andhra Pradesh,2026-07-24
C02638,Indira D’Alia,Male,29,Rajkot,Tamil Nadu,2022-03-11
C02639,Nathan Kata,Female,25,Jorhat,Telangana,2022-11-16
C02640,Umang Ravel,Male,26,Bilaspur,Assam,2024-11-25
C02641,Balhaar Din,Female,26,Muzaffarnagar,Mizoram,2021-08-15
C02642,Ishani Sachdev,Female,27,Malda,Kerala,2024-11-06
C02643,Xiti Hora,Male,70,Begusarai,Uttarakhand,2022-06-18
C02644,Gauri Murthy,Female,34,Gaya,Himachal Pradesh,2024-09-21
C02645,Osha Suri,Female,60,Gorakhpur,Tripura,2023-08-15
C02646,Geetika Khanna,Female,67,Hapur,Arunachal Pradesh,2025-05-28
C02647,Peter Gulati,Male,65,Thiruvananthapuram,Odisha,2024-07-30
C02648,Nidra Iyengar,Female,64,Bettiah,Bihar,2024-04-09
C02649,Eesha Vasa,Female,42,Bhalswa Jahangir Pur,Punjab,2026-04-13
C02650,Amrita Malhotra,Female,41,Kishanganj,Tamil Nadu,2026-01-09
C02651,Vanya Golla,Female,27,Phusro,Mizoram,2025-07-12
C02652,Varenya Kari,Female,67,Chittoor,Arunachal Pradesh,2023-12-25
C02653,Gunbir Kant,Female,22,Kavali,Haryana,2024-09-30
C02654,Parth Ratti,Female,57,Bhilai,Himachal Pradesh,2025-06-13
C02655,Dalaja Keer,Female,51,Gurgaon,Mizoram,2021-09-20
C02656,Ishanvi Johal,Female,26,Bettiah,West Bengal,2025-11-19
C02657,Chandani Deo,Female,65,Jorhat,Rajasthan,2022-09-17
C02658,Jason Din,Female,41,Ramgarh,Jharkhand,2026-05-28
C02659,Maya Merchant,Male,20,Anantapuram,Mizoram,2022-12-08
C02660,Krisha De,Female,20,Surat,Jharkhand,2026-06-11
C02661,Zaid Mistry,Male,50,Gulbarga,Nagaland,2022-12-21
C02662,Mohini Soman,Female,50,Dehradun,Chhattisgarh,2025-04-07
C02663,Bhavini Kumer,Female,68,Agartala,Uttar Pradesh,2024-09-22
C02664,Chaitaly Shetty,Male,53,Jalna,Karnataka,2025-07-01
C02665,Michael Kant,Female,30,Tadipatri,Assam,2022-08-29
C02666,Radhika Vasa,Male,41,Thiruvananthapuram,West Bengal,2026-02-23
C02667,Rachana Raval,Male,34,Hospet,Himachal Pradesh,2021-09-16
C02668,Bhanumati Butala,Female,32,Tenali,Uttar Pradesh,2023-12-13
C02669,Nachiket Pradhan,Male,56,Nashik,Maharashtra,2026-04-26
C02670,Abhimanyu Choudhry,Male,25,Nagpur,Jharkhand,2024-03-23
C02671,Baljiwan Bath,Female,21,Mango,Punjab,2021-12-07
C02672,Bhavna Koshy,Female,58,Chandigarh,Madhya Pradesh,2023-07-08
C02673,Ladli Bava,Female,19,Ghaziabad,Uttar Pradesh,2021-10-22
C02674,Timothy Yadav,Male,64,Meerut,Chhattisgarh,2023-11-11
C02675,Varsha Raval,Male,54,Chinsurah,Gujarat,2021-10-16
C02676,Raksha Dey,Male,62,Hindupur,Arunachal Pradesh,2026-02-15
C02677,Mahika Keer,Male,44,Bihar Sharif,Tripura,2024-11-07
C02678,Yahvi Madan,Male,28,Hosur,Mizoram,2022-03-09
C02679,Chandani Bhagat,Male,29,Miryalaguda,Goa,2023-02-03
C02680,Aahana Trivedi,Male,51,Gopalpur,Telangana,2025-07-07
C02681,Nidra Roy,Female,44,Sasaram,Assam,2025-12-02
C02682,Tanmayi Garg,Female,66,Shimla,Arunachal Pradesh,2026-01-14
C02683,Janani Mammen,Female,63,Arrah,Manipur,2026-03-17
C02684,Odika Setty,Male,67,Yamunanagar,Odisha,2024-11-14
C02685,Ubika Kapadia,Female,60,Madanapalle,Telangana,2023-09-06
C02686,Faras Pradhan,Male,45,Bhubaneswar,Maharashtra,2021-09-28
C02687,Aarini Jayaraman,Male,57,Vijayanagaram,Chhattisgarh,2021-08-24
C02688,Yagnesh Lata,Female,44,Sangli-Miraj & Kupwad,Haryana,2022-09-26
C02689,Kabir Raj,Male,64,Asansol,West Bengal,2024-05-24
C02690,Garima Bhargava,Female,20,Junagadh,Mizoram,2023-05-11
C02691,Varenya Sethi,Female,47,Bhatpara,Goa,2022-03-05
C02692,Ayush Magar,Female,23,Kharagpur,Himachal Pradesh,2025-12-28
C02693,Yagnesh Dave,Female,53,Saharsa,Karnataka,2024-10-06
C02694,Udyati Sridhar,Male,69,Hapur,Assam,2024-12-08
C02695,Benjamin Mall,Female,32,Bhagalpur,Bihar,2022-05-16
C02696,Wakeeta Hayer,Male,39,Hapur,Telangana,2025-09-23
C02697,Aadi Luthra,Male,25,Kamarhati,Haryana,2023-04-27
C02698,Widisha Bhattacharyya,Male,53,Jamshedpur,Maharashtra,2026-02-14
C02699,Vihaan Butala,Female,47,Rajkot,Rajasthan,2025-01-13
C02700,Kai Misra,Male,66,Navi Mumbai,Karnataka,2025-09-15
C02701,Henry Halder,Male,34,Mira-Bhayandar,Gujarat,2025-11-13
C02702,Avi Thakur,Male,51,Tadepalligudem,Assam,2026-04-09
C02703,Yatan Dutt,Female,67,Ambarnath,Punjab,2026-07-12
C02704,Jeet Varkey,Male,56,Bathinda,Himachal Pradesh,2022-08-25
C02705,Pranit Samra,Male,18,Pimpri-Chinchwad,Arunachal Pradesh,2022-08-13
C02706,Gautam Bhagat,Male,26,Mirzapur,Rajasthan,2025-02-21
C02707,Omaja Madan,Male,39,Mira-Bhayandar,Maharashtra,2022-10-26
C02708,Om Pai,Female,23,Kumbakonam,Tripura,2024-10-04
C02709,Arjun Dubey,Female,42,Kumbakonam,Kerala,2023-04-13
C02710,Nilima Ghose,Male,53,Bally,Madhya Pradesh,2023-03-27
C02711,Netra Hayer,Male,42,Amroha,Maharashtra,2022-03-13
C02712,Oscar Reddy,Male,69,Bally,Gujarat,2025-01-14
C02713,Ikbal Panchal,Female,68,Tiruppur,Uttar Pradesh,2024-12-25
C02714,Gaurav Dutta,Male,63,Kakinada,Kerala,2025-05-09
C02715,Shivani Gera,Female,66,Jabalpur,Punjab,2024-03-04
C02716,Siddharth Raja,Female,27,Lucknow,Arunachal Pradesh,2026-05-15
C02717,Ira Kadakia,Female,54,Tiruvottiyur,Rajasthan,2022-02-12
C02718,Jagdish Swamy,Female,41,Miryalaguda,Madhya Pradesh,2025-10-15
C02719,Tanvi Divan,Male,36,Ozhukarai,Mizoram,2023-02-08
C02720,Ayush Yogi,Male,36,Pudukkottai,Tripura,2023-07-20
C02721,Tamanna Pau,Female,35,Thoothukudi,Punjab,2023-03-10
C02722,Girindra Kade,Female,63,Hajipur,Chhattisgarh,2023-02-17
C02723,Aradhana Kant,Female,43,Amravati,Haryana,2021-08-26
C02724,Yug Sheth,Female,37,Mango,Maharashtra,2025-12-10
C02725,Gautami Suri,Female,52,Mysore,Madhya Pradesh,2025-10-11
C02726,Falguni Kaur,Male,58,Dharmavaram,West Bengal,2022-08-10
C02727,Gagan Solanki,Female,68,Chapra,Odisha,2025-04-24
C02728,Hamsini Pillay,Male,26,Kishanganj,West Bengal,2026-01-30
C02729,Gavin Amble,Male,24,Hajipur,Kerala,2024-07-24
C02730,Gauri Walla,Male,35,Panvel,Telangana,2026-03-25
C02731,Viraj Patil,Male,41,Gulbarga,Uttarakhand,2024-02-20
C02732,Anirudh Dora,Male,50,Jaunpur,Mizoram,2024-04-05
C02733,Thomas Oak,Male,39,Jalna,Tripura,2025-12-26
C02734,Baghyawati Varughese,Female,22,Ramagundam,Goa,2025-06-25
C02735,Ishanvi Babu,Female,34,Orai,Kerala,2026-02-11
C02736,Anvi Mammen,Female,24,Yamunanagar,Tripura,2023-08-09
C02737,Elijah Narayanan,Female,52,Medininagar,West Bengal,2023-05-15
C02738,Dayita Oak,Male,37,Mangalore,Andhra Pradesh,2024-03-11
C02739,Chatura Ratti,Female,41,Delhi,Uttarakhand,2023-01-28
C02740,Siya Mishra,Male,31,Bhavnagar,Assam,2023-09-30
C02741,Yatan Reddy,Male,18,Hindupur,Tamil Nadu,2025-04-29
C02742,Mason Contractor,Female,18,Bellary,Rajasthan,2026-04-09
C02743,Oliver Lad,Female,64,Jamalpur,Karnataka,2022-06-29
C02744,Chatresh Pathak,Female,46,Purnia,Himachal Pradesh,2022-04-14
C02745,Arya Majumdar,Female,66,Gulbarga,Odisha,2022-10-13
C02746,Bimala Das,Male,29,Bahraich,Himachal Pradesh,2025-07-25
C02747,Ati Prabhu,Male,54,Hajipur,Gujarat,2023-01-08
C02748,Umang Bumb,Male,26,Ranchi,Tripura,2025-03-01
C02749,Zansi Varkey,Male,18,Kanpur,Tamil Nadu,2024-10-30
C02750,Manya Bir,Female,59,Dhanbad,Kerala,2022-05-17
C02751,Vrishti Rastogi,Male,36,Raebareli,Arunachal Pradesh,2023-08-05
C02752,Manya Rai,Male,23,Karaikudi,Kerala,2023-08-05
C02753,Gopal Kannan,Female,28,Chandrapur,West Bengal,2024-05-03
C02754,Christopher Pau,Male,51,Delhi,Goa,2025-04-25
C02755,Niharika Mohanty,Female,45,Indore,Punjab,2023-07-07
C02756,Krish Bhat,Female,18,Hapur,Maharashtra,2023-01-05
C02757,Lila Dalal,Female,25,Kalyan-Dombivli,Meghalaya,2025-10-05
C02758,Akshay Saini,Female,26,Coimbatore,Meghalaya,2022-12-04
C02759,Gaurika Dayal,Male,21,Nagaon,Uttar Pradesh,2021-08-08
C02760,Aahana Kade,Female,18,Bihar Sharif,Gujarat,2024-11-28
C02761,Ekaraj Bumb,Female,63,Chandigarh,Jharkhand,2022-04-05
C02762,Urvashi Sama,Male,58,Giridih,Himachal Pradesh,2026-06-26
C02763,Charita Pal,Female,56,New Delhi,Chhattisgarh,2025-05-06
C02764,Thomas Chakrabarti,Male,48,Karimnagar,Tamil Nadu,2022-04-30
C02765,Wakeeta Dua,Female,29,Erode,Uttarakhand,2023-02-24
C02766,Yuvraj Konda,Male,50,Mysore,Himachal Pradesh,2022-09-01
C02767,Fitan Kale,Male,60,Sirsa,West Bengal,2022-06-16
C02768,Ikshita Balasubramanian,Female,23,Pune,Uttarakhand,2024-04-27
C02769,Nachiket Agarwal,Female,44,Khora ,Nagaland,2021-08-02
C02770,Frado Char,Male,64,Bharatpur,Sikkim,2025-11-06
C02771,Jonathan Nadig,Female,22,Saharanpur,Assam,2024-01-18
C02772,Patrick Sani,Female,21,Ludhiana,Sikkim,2025-03-15
C02773,Mekhala Shetty,Male,56,Tiruppur,Arunachal Pradesh,2023-09-13
C02774,Girindra Ranganathan,Female,65,Agartala,Assam,2021-10-12
C02775,Anusha Parikh,Male,54,Unnao,Punjab,2022-09-07
C02776,Daksh Tiwari,Female,53,Durg,Uttar Pradesh,2023-12-20
C02777,Dipta Rama,Male,24,Ujjain,Chhattisgarh,2024-09-23
C02778,Aayush Sridhar,Male,18,Ballia,Manipur,2024-10-05
C02779,Owen Dhaliwal,Male,28,Ulhasnagar,Kerala,2021-12-29
C02780,Aadi Sani,Male,41,Ballia,Nagaland,2024-06-11
C02781,Yutika Rajagopalan,Male,29,Navi Mumbai,Nagaland,2024-11-29
C02782,Neha Sehgal,Male,55,Shahjahanpur,Odisha,2021-08-27
C02783,Aarna Shroff,Male,63,Uluberia,Karnataka,2026-01-12
C02784,Vaishnavi Jayaraman,Female,53,Sonipat,Uttar Pradesh,2024-01-04
C02785,Andrew Salvi,Male,54,Raichur,Maharashtra,2021-10-04
C02786,Teerth Randhawa,Female,61,Bahraich,Assam,2023-01-15
C02787,Ubika Borah,Female,52,Kanpur,Assam,2024-05-19
C02788,Hemani Banerjee,Male,34,Machilipatnam,West Bengal,2023-05-19
C02789,Anita Pillai,Female,65,Etawah,Andhra Pradesh,2021-12-30
C02790,Tripti Sha,Male,38,Guwahati,Manipur,2024-03-09
C02791,Darsh Aggarwal,Female,53,Hajipur,Chhattisgarh,2023-02-13
C02792,Gagan Bir,Female,39,Dewas,Meghalaya,2022-07-26
C02793,Chaitaly Hora,Male,20,Vasai-Virar,Meghalaya,2021-10-14
C02794,Viraj Zachariah,Female,54,Karnal,Manipur,2024-08-23
C02795,Pushti Kannan,Female,53,Katihar,Manipur,2022-01-06
C02796,Nilima Dube,Male,67,Gwalior,Bihar,2022-07-24
C02797,Yachana Dewan,Male,67,Machilipatnam,Rajasthan,2021-12-11
C02798,Abhimanyu Swaminathan,Male,45,Avadi,Mizoram,2025-05-31
C02799,Azad Mane,Female,18,Sambalpur,Uttar Pradesh,2025-03-10
C02800,Nidra Sami,Female,56,Loni,Tamil Nadu,2023-02-07
C02801,Eesha Jaggi,Male,66,Sambalpur,Tamil Nadu,2026-03-05
C02802,George Bora,Male,34,Jhansi,Telangana,2025-06-15
C02803,Pranav Manda,Male,48,Haldia,Tripura,2024-11-26
C02804,Vincent Guha,Female,32,Sikar,Odisha,2023-03-17
C02805,Nimrat Sehgal,Female,47,Nanded,Odisha,2024-05-23
C02806,Harinakshi Trivedi,Female,31,Howrah,Chhattisgarh,2024-01-26
C02807,Nisha Sampath,Female,57,Delhi,Tamil Nadu,2021-08-26
C02808,Chanchal Bhat,Female,22,Mira-Bhayandar,Rajasthan,2024-04-23
C02809,Aarav Solanki,Male,26,Phagwara,Meghalaya,2026-06-28
C02810,Priya Palla,Male,67,Nagpur,Himachal Pradesh,2023-12-19
C02811,Urishilla Basu,Female,25,Bally,Andhra Pradesh,2023-09-07
C02812,Yagnesh Kakar,Male,34,Coimbatore,Andhra Pradesh,2021-11-16
C02813,Lila Ahluwalia,Female,43,Surendranagar Dudhrej,Madhya Pradesh,2021-07-26
C02814,Ucchal Sarraf,Female,41,Pudukkottai,Odisha,2023-03-26
C02815,Sneha Pandit,Male,63,Jalgaon,Bihar,2022-01-23
C02816,Nachiket Raval,Male,67,Bellary,Telangana,2024-12-21
C02817,Gautam Amble,Male,67,Kirari Suleman Nagar,Sikkim,2024-10-20
C02818,Caleb Rajagopalan,Male,56,Mira-Bhayandar,Assam,2022-11-01
C02819,Gavin Dhar,Male,35,Shivpuri,Sikkim,2022-01-14
C02820,Rachit Ratti,Male,28,Secunderabad,Arunachal Pradesh,2024-10-26
C02821,Nimrat Murty,Female,27,Ratlam,Goa,2025-07-21
C02822,Ekiya Hari,Male,51,Yamunanagar,Chhattisgarh,2026-04-05
C02823,Qadim Bahl,Male,39,Mathura,Karnataka,2024-06-12
C02824,Manthan Bajwa,Male,69,Ongole,Uttar Pradesh,2022-05-01
C02825,Mason Bhavsar,Male,35,Nadiad,Tamil Nadu,2024-05-18
C02826,Anirudh Dayal,Female,39,Kavali,Mizoram,2021-07-28
C02827,Dev Ravi,Male,49,Guntakal,Meghalaya,2021-08-13
C02828,Ethan Mall,Male,67,Bally,Haryana,2025-07-22
C02829,Baghyawati Ahuja,Female,35,Phusro,Kerala,2026-05-31
C02830,Atharv Mallick,Female,33,Kottayam,Goa,2022-09-20
C02831,Banjeet Sabharwal,Female,25,Unnao,Himachal Pradesh,2022-07-13
C02832,Yuvraj Kade,Female,42,Coimbatore,Rajasthan,2022-05-31
C02833,Adya Srinivasan,Male,55,Guntakal,Kerala,2022-10-31
C02834,Imaran Nagar,Male,65,Vijayanagaram,Maharashtra,2025-05-15
C02835,Yashodhara Modi,Female,24,Loni,Bihar,2025-11-07
C02836,Yagnesh Saran,Male,46,Malda,Meghalaya,2025-05-02
C02837,Vyanjana Ray,Female,27,Salem,Goa,2023-06-28
C02838,Ati Baral,Female,44,Pali,Meghalaya,2025-10-27
C02839,Riya Devan,Male,49,Surendranagar Dudhrej,Bihar,2024-11-27
C02840,Urvi Gera,Male,41,Jehanabad,Goa,2026-04-02
C02841,Eesha Mander,Male,41,Phusro,Sikkim,2024-06-08
C02842,Baghyawati Batta,Female,39,Serampore,Kerala,2023-09-24
C02843,Harrison Dara,Female,55,Bhopal,Karnataka,2022-04-24
C02844,Yashvi Kapur,Male,29,Karawal Nagar,Manipur,2024-05-18
C02845,Oliver Dhar,Male,57,Nizamabad,Haryana,2025-01-31
C02846,Ojas Suresh,Female,28,New Delhi,Telangana,2024-09-01
C02847,Balveer Mall,Male,27,Kharagpur,Haryana,2022-11-23
C02848,Faraj Shukla,Female,57,Navi Mumbai,Uttar Pradesh,2023-03-12
C02849,Janya Jayaraman,Female,44,Sambhal,Mizoram,2025-06-02
C02850,Elijah Lad,Male,62,Malda,Arunachal Pradesh,2021-10-07
C02851,Advik Dube,Female,37,Siwan,Telangana,2025-11-12
C02852,Caleb Rajagopal,Female,30,Jalandhar,Gujarat,2021-12-21
C02853,Balvan Mistry,Female,63,Bhavnagar,Meghalaya,2021-11-13
C02854,Zaid Sunder,Male,35,Dibrugarh,Maharashtra,2025-08-19
C02855,Omisha Banerjee,Male,45,Pudukkottai,Gujarat,2024-08-18
C02856,Aarav Dash,Male,69,Vasai-Virar,Assam,2025-04-30
C02857,Oeshi Walia,Male,50,Satna,Manipur,2025-05-04
C02858,Anamika Mannan,Male,35,Bhimavaram,Tripura,2024-05-13
C02859,Avi Chad,Female,36,Dharmavaram,Haryana,2023-09-21
C02860,Qabil Srinivasan,Female,63,Karaikudi,Rajasthan,2023-12-22
C02861,Rachana Soman,Male,35,Bihar Sharif,Rajasthan,2026-01-04
C02862,Wakeeta Modi,Female,67,Berhampore,Assam,2024-09-03
C02863,Viraj Khatri,Male,33,Silchar,Haryana,2026-01-30
C02864,Riya Sunder,Male,33,Jaipur,West Bengal,2023-06-04
C02865,Abhiram Chand,Female,55,Ichalkaranji,Nagaland,2022-05-01
C02866,Ronith Mukhopadhyay,Male,56,Udaipur,Goa,2022-09-30
C02867,Veer Aggarwal,Female,34,Pimpri-Chinchwad,Arunachal Pradesh,2026-03-28
C02868,Hemang Dugar,Female,56,Amravati,Kerala,2024-12-15
C02869,Jagdish De,Female,30,Naihati,Rajasthan,2024-03-08
C02870,Faras Bhagat,Male,18,Guntur,West Bengal,2024-11-01
C02871,Frederick Chopra,Male,51,Mira-Bhayandar,West Bengal,2023-05-08
C02872,Fariq Hegde,Female,64,Panipat,Goa,2025-07-17
C02873,Upadhriti Shenoy,Male,59,Deoghar,Goa,2022-09-06
C02874,Zilmil Pathak,Female,26,Nizamabad,Chhattisgarh,2021-11-28
C02875,Hardik Manne,Female,37,Jorhat,Karnataka,2022-08-14
C02876,Aashi Saha,Female,29,Malegaon,Uttar Pradesh,2023-04-29
C02877,Chaitaly Zacharia,Female,36,Muzaffarpur,Manipur,2025-07-09
C02878,Jackson Garde,Female,27,Indore,West Bengal,2025-12-05
C02879,Agastya Loyal,Female,30,Chennai,Tripura,2025-01-28
C02880,Zaitra Bumb,Female,18,Ratlam,Telangana,2023-07-08
C02881,Baghyawati Pradhan,Male,30,Baranagar,Meghalaya,2026-01-11
C02882,Upasna Mani,Female,47,Mahbubnagar,Kerala,2023-06-20
C02883,Chaman Deol,Female,66,Jamshedpur,Goa,2025-10-05
C02884,Tanay Mallick,Female,41,Nagercoil,Kerala,2023-08-17
C02885,Ekbal Golla,Male,57,Satna,Haryana,2024-01-28
C02886,Henry Boase,Female,49,Guna,Goa,2024-04-17
C02887,Lila Sheth,Male,23,Orai,Karnataka,2022-09-15
C02888,Divya Mani,Male,69,Mahbubnagar,Goa,2023-05-21
C02889,Yochana Samra,Female,32,Pondicherry,Odisha,2024-09-13
C02890,Faraj Bhargava,Female,39,Bharatpur,Mizoram,2022-11-09
C02891,Fariq Chad,Male,60,Darbhanga,Meghalaya,2024-03-27
C02892,Vasana Sastry,Female,61,Kumbakonam,Manipur,2022-03-20
C02893,Amrita Butala,Female,25,Dhanbad,Assam,2024-02-02
C02894,Wazir Gola,Female,45,Jorhat,Manipur,2024-02-22
C02895,Watika Venkatesh,Male,28,Sikar,Andhra Pradesh,2024-09-20
C02896,Vamakshi Mukherjee,Male,43,Panipat,Uttar Pradesh,2024-04-05
C02897,Logan Sani,Male,26,Karawal Nagar,Telangana,2024-07-17
C02898,Vritti Aurora,Male,39,Sikar,Sikkim,2024-03-31
C02899,Anay Anand,Female,22,Bhind,Assam,2024-09-17
C02900,Hemal Balasubramanian,Female,20,Lucknow,Haryana,2025-12-19
C02901,Samarth Dani,Female,24,Moradabad,Meghalaya,2024-01-20
C02902,Darsh Bhatnagar,Male,61,Kochi,Assam,2025-12-06
C02903,Vedhika Dhar,Male,46,Deoghar,West Bengal,2024-01-16
C02904,Urishilla Barad,Male,51,Tadipatri,Haryana,2024-06-20
C02905,Dipta Ramanathan,Female,47,Bilaspur,West Bengal,2023-07-25
C02906,Aarini Jha,Female,46,Navi Mumbai,Arunachal Pradesh,2022-09-17
C02907,Bina Badal,Female,46,Chandigarh,Chhattisgarh,2024-08-02
C02908,Tejas Prabhu,Female,20,Panchkula,Jharkhand,2021-11-25
C02909,Anusha Dutta,Female,26,Gorakhpur,Kerala,2024-12-25
C02910,Aarnav Handa,Male,54,Thiruvananthapuram,Himachal Pradesh,2026-04-01
C02911,Aryan Bandi,Male,56,South Dumdum,Andhra Pradesh,2026-03-06
C02912,Triya Srinivasan,Male,47,Sambalpur,Mizoram,2026-03-10
C02913,Champak Prasad,Female,45,Serampore,Punjab,2025-03-04
C02914,Falak Amble,Male,30,Pallavaram,Gujarat,2026-01-12
C02915,Pahal Ganguly,Female,23,Khora ,Goa,2024-02-20
C02916,Rajata Narain,Male,32,Jabalpur,Maharashtra,2023-10-23
C02917,Daksh Dhillon,Male,69,Howrah,Odisha,2026-01-21
C02918,Wahab Savant,Male,29,Thrissur,Uttar Pradesh,2021-11-07
C02919,Neel Patla,Male,21,Mangalore,Chhattisgarh,2022-11-20
C02920,Dev Sarna,Male,41,Khora ,Himachal Pradesh,2023-01-14
C02921,Kai Mittal,Female,47,Dibrugarh,Mizoram,2024-12-20
C02922,Samuel Choudhry,Male,69,Patna,Jharkhand,2024-12-12
C02923,George Radhakrishnan,Female,19,Jamnagar,Uttarakhand,2023-07-26
C02924,Hritik Venkatesh,Male,48,Junagadh,Chhattisgarh,2023-03-31
C02925,Chandresh Deshmukh,Female,26,Shivpuri,Mizoram,2021-10-10
C02926,Mekhala Choudhary,Female,25,Sambalpur,Goa,2026-03-09
C02927,Lila Chand,Female,33,Bardhaman,Punjab,2024-05-28
C02928,Garima Chandran,Male,32,Karnal,Jharkhand,2025-11-02
C02929,Vansha Mangat,Male,60,South Dumdum,Meghalaya,2025-05-06
C02930,Triveni Garde,Male,28,Malda,Madhya Pradesh,2023-01-20
C02931,Netra Muni,Female,56,Miryalaguda,Odisha,2025-11-02
C02932,Shaurya Bhargava,Female,56,Bhalswa Jahangir Pur,Nagaland,2025-05-01
C02933,Chatura Dash,Female,31,Gorakhpur,Bihar,2021-11-29
C02934,Zaitra Som,Female,40,Dindigul,Rajasthan,2025-05-23
C02935,Jeremiah Wason,Male,18,Vijayanagaram,Himachal Pradesh,2023-09-15
C02936,Victor Khurana,Female,51,Ghaziabad,Tamil Nadu,2026-06-17
C02937,Niharika Mannan,Female,50,Patiala,Andhra Pradesh,2025-08-11
C02938,Neelima Boase,Male,46,Karnal,Manipur,2025-09-25
C02939,Gayathri Dhar,Female,70,Hyderabad,Jharkhand,2024-02-05
C02940,Jasmit Mitter,Male,48,Bharatpur,Tamil Nadu,2025-08-09
C02941,Chakradev Dada,Male,42,Chennai,Kerala,2024-11-27
C02942,Raghav Srivastava,Male,21,Pali,Nagaland,2023-01-17
C02943,Maya Dada,Male,27,Jamalpur,Tripura,2024-09-08
C02944,Ekiya Loke,Male,42,Muzaffarpur,Mizoram,2022-03-11
C02945,Zayan Mammen,Male,62,Jorhat,Sikkim,2021-10-06
C02946,Charvi Mani,Male,41,Medininagar,Uttar Pradesh,2023-10-21
C02947,Samesh Pathak,Male,45,Raurkela Industrial Township,Kerala,2024-08-09
C02948,Samarth Lalla,Male,39,Ramagundam,Jharkhand,2021-07-25
C02949,Ishani Agate,Male,54,Hazaribagh,Uttar Pradesh,2021-09-10
C02950,Ekbal Menon,Male,38,Kota,West Bengal,2022-06-14
C02951,Janya Sunder,Male,65,Avadi,Kerala,2025-06-18
C02952,Diya Sawhney,Male,18,Vasai-Virar,Himachal Pradesh,2025-02-26
C02953,Abha Das,Female,60,Malegaon,Arunachal Pradesh,2025-05-20
C02954,Harini Sagar,Male,36,Sambhal,Meghalaya,2022-01-13
C02955,Qarin Bajaj,Female,70,Barasat,Goa,2022-02-01
C02956,Banjeet Dash,Female,55,Thane,Meghalaya,2023-10-24
C02957,Ekalinga Kaul,Male,51,Firozabad,Jharkhand,2022-02-14
C02958,Ekiya Balan,Female,57,Vadodara,Jharkhand,2025-11-30
C02959,Lipika Kibe,Female,51,Nashik,Uttar Pradesh,2023-07-13
C02960,Amaira Datta,Female,20,Pune,Karnataka,2025-12-12
C02961,Ojasvi Ben,Female,37,Cuttack,Kerala,2025-03-08
C02962,Anay Sundaram,Female,59,Thane,Chhattisgarh,2022-10-16
C02963,Mitesh Soni,Male,53,Fatehpur,Uttar Pradesh,2021-12-08
C02964,Dalbir Jha,Male,65,Khora ,Uttarakhand,2023-06-24
C02965,Rishi Batta,Male,36,Shivpuri,Maharashtra,2024-12-20
C02966,Triya Goel,Female,64,Bangalore,Nagaland,2025-05-08
C02967,Faris Basu,Male,45,Nandyal,Arunachal Pradesh,2023-03-14
C02968,Omaja Deshpande,Male,43,Vadodara,Assam,2023-01-04
C02969,Oni Boase,Male,39,Hapur,Bihar,2025-10-30
C02970,Yochana Deshmukh,Female,33,Gwalior,Maharashtra,2025-10-30
C02971,Naveen Rajan,Female,25,Nangloi Jat,Himachal Pradesh,2022-12-01
C02972,Ikshita Parmer,Male,24,Nizamabad,Manipur,2021-12-26
C02973,Alexander Desai,Male,27,Phusro,Telangana,2022-10-12
C02974,Hardik Kumar,Female,31,Bhavnagar,Maharashtra,2023-03-23
C02975,Yahvi Mandal,Male,21,Amravati,Madhya Pradesh,2025-03-12
C02976,Henry Rajagopal,Female,57,Allahabad,Chhattisgarh,2024-04-29
C02977,Libni Barad,Female,47,Uluberia,Arunachal Pradesh,2021-09-24
C02978,Yutika Aggarwal,Male,33,Jhansi,Arunachal Pradesh,2023-07-13
C02979,Harrison Sharaf,Female,42,Giridih,Arunachal Pradesh,2022-08-25
C02980,Niharika Wason,Male,62,Ramagundam,Maharashtra,2022-10-19
C02981,Forum Kumer,Female,62,Hyderabad,Assam,2022-08-18
C02982,Henry Tailor,Male,47,Dehradun,Assam,2021-11-08
C02983,Sathvik Ghose,Female,39,Khammam,Nagaland,2024-02-10
C02984,Shivansh Gola,Male,59,Sambalpur,Arunachal Pradesh,2025-02-01
C02985,Jalsa Konda,Male,22,Belgaum,West Bengal,2022-08-29
C02986,Vritti Sawhney,Male,37,Bulandshahr,Assam,2022-07-10
C02987,Advay Nanda,Male,49,Pondicherry,Andhra Pradesh,2023-11-29
C02988,Baghyawati Rastogi,Female,31,Anand,Gujarat,2021-08-11
C02989,Frederick Amble,Male,56,Haridwar,Sikkim,2022-10-15
C02990,Rehaan Gill,Female,61,Bihar Sharif,Karnataka,2025-04-14
C02991,Upkaar Kaur,Female,31,Madhyamgram,Nagaland,2022-06-04
C02992,Ekanta Dube,Male,58,Nangloi Jat,Manipur,2023-11-26
C02993,Aditya Chhabra,Female,44,Karaikudi,Tamil Nadu,2022-02-21
C02994,Harinakshi Kulkarni,Female,60,Pudukkottai,West Bengal,2025-01-04
C02995,Priya Chaudhary,Female,55,Mirzapur,Karnataka,2025-04-26
C02996,Isha Kaul,Female,33,Berhampore,Maharashtra,2024-12-24
C02997,Falan Apte,Female,19,Dindigul,Odisha,2025-08-27
C02998,Triya Varghese,Female,59,Shimoga,West Bengal,2024-10-09
C02999,Chakradev Sahota,Female,44,Amravati,Chhattisgarh,2022-01-09
C03000,Advaith De,Male,67,Vadodara,Maharashtra,2025-12-31
C03001,Isaiah Mani,Male,32,Uluberia,Punjab,2021-10-12
C03002,Girik Om,Female,58,Rohtak,Bihar,2025-10-27
C03003,Ira Upadhyay,Female,69,Davanagere,Haryana,2022-12-12
C03004,Yadavi Chadha,Female,39,Etawah,Goa,2021-09-26
C03005,Reyansh Rege,Female,62,Anantapuram,Rajasthan,2025-07-03
C03006,Yashodhara Rastogi,Male,28,Navi Mumbai,Manipur,2023-12-21
C03007,Varenya Deshpande,Male,66,Karawal Nagar,Tamil Nadu,2026-02-06
C03008,Yashvi Ratta,Female,40,Nagpur,Kerala,2025-03-29
C03009,Nandini Tak,Female,49,Khandwa,Tripura,2025-03-26
C03010,Quincy Dugar,Male,69,Kharagpur,Andhra Pradesh,2025-12-16
C03011,Pranav Khanna,Male,37,Khandwa,Rajasthan,2023-03-12
C03012,Abdul Patla,Female,23,Anand,Chhattisgarh,2023-05-01
C03013,Sai Shan,Male,29,Pali,Gujarat,2022-04-08
C03014,Falak Devi,Male,35,Tadipatri,Sikkim,2023-01-13
C03015,Sarthak Mahajan,Female,31,Serampore,Andhra Pradesh,2022-12-23
C03016,Omisha Pingle,Female,31,Bally,Himachal Pradesh,2022-06-09
C03017,Jack Sinha,Female,62,Jammu,Punjab,2025-02-22
C03018,Avi Pau,Female,47,Chapra,Bihar,2025-10-14
C03019,Oliver Seshadri,Female,27,Saharanpur,Bihar,2023-05-31
C03020,Faris Venkatesh,Female,29,Nagaon,Jharkhand,2026-01-07
C03021,Arunima Kapoor,Male,61,Dewas,Sikkim,2025-03-22
C03022,Pranav Luthra,Female,45,Bhalswa Jahangir Pur,Gujarat,2022-06-18
C03023,Samuel Minhas,Female,66,Sikar,West Bengal,2024-03-26
C03024,Wriddhish Borde,Male,27,Tiruchirappalli,Maharashtra,2026-06-29
C03025,Nisha Mukhopadhyay,Male,18,Dindigul,Telangana,2022-09-26
C03026,Veda Varghese,Female,21,Kamarhati,Telangana,2025-03-01
C03027,Zayan Raghavan,Male,39,Bathinda,Mizoram,2024-05-11
C03028,Simon Srinivas,Male,54,Bhusawal,Karnataka,2025-07-13
C03029,Rachit Kant,Female,35,Nagpur,Madhya Pradesh,2022-06-06
C03030,Bimala Chahal,Female,58,Thiruvananthapuram,Jharkhand,2024-10-18
C03031,Priya Pai,Female,23,Nellore,Chhattisgarh,2023-06-24
C03032,Qushi Mammen,Male,27,Ratlam,Meghalaya,2026-07-02
C03033,Arjun Bora,Female,38,Karawal Nagar,Haryana,2023-07-11
C03034,Frado Morar,Female,51,Narasaraopet,Nagaland,2025-03-13
C03035,Amara Korpal,Female,55,Cuttack,Jharkhand,2026-06-17
C03036,Kashvi Dutt,Female,63,Kishanganj,Nagaland,2022-05-17
C03037,Qushi Batra,Male,23,Guntakal,Nagaland,2022-09-24
C03038,Ubika Hari,Male,20,Guntur,Assam,2024-07-22
C03039,Jhalak Ram,Female,47,Chapra,Jharkhand,2024-12-30
C03040,Ubika Ratta,Male,52,Kishanganj,Telangana,2025-05-09
C03041,Yatan Joshi,Male,45,Guntur,Mizoram,2024-08-19
C03042,Madhavi Shanker,Male,53,Kota,Manipur,2023-06-23
C03043,Chatresh Gupta,Female,45,Giridih,Telangana,2023-12-30
C03044,Darsh Pillay,Male,30,Erode,Goa,2022-04-14
C03045,Ryan Sunder,Male,31,Bhilwara,Odisha,2026-06-01
C03046,Janani Agate,Female,56,Naihati,Bihar,2025-11-10
C03047,Ekansh Saha,Male,58,Rourkela,Maharashtra,2025-06-30
C03048,Yash Wable,Male,26,Bhopal,Arunachal Pradesh,2023-11-25
C03049,Mitali Comar,Female,44,Katihar,Uttarakhand,2024-05-09
C03050,Zansi Peri,Female,59,Bhagalpur,Rajasthan,2022-11-10
C03051,Adweta Sangha,Female,65,Bhatpara,Gujarat,2022-07-20
C03052,Hardik Nadig,Male,68,Surendranagar Dudhrej,Telangana,2023-07-18
C03053,Gopal Lanka,Male,66,Barasat,Goa,2025-11-16
C03054,Yahvi Sachar,Female,19,Davanagere,Tamil Nadu,2022-04-26
C03055,Vedhika Krishnan,Female,31,Tadepalligudem,Himachal Pradesh,2021-12-03
C03056,Aadi Dyal,Female,67,Nizamabad,Chhattisgarh,2023-05-01
C03057,Ekalinga Thaman,Male,60,Amaravati,Gujarat,2023-10-02
C03058,Udarsh Borra,Female,53,Ranchi,West Bengal,2024-02-01
C03059,Hritik Nair,Male,35,Mau,Goa,2025-10-30
C03060,Lipika Sagar,Female,23,Raiganj,Assam,2023-06-17
C03061,Tanay Jain,Female,49,Vadodara,Karnataka,2023-07-02
C03062,Chaman Deshmukh,Male,23,Nagpur,Karnataka,2026-06-12
C03063,Vasatika Contractor,Male,62,Khammam,Manipur,2025-05-06
C03064,Falak Agate,Female,41,Tadepalligudem,Bihar,2022-07-20
C03065,Yashawini Chanda,Female,60,Muzaffarnagar,Telangana,2024-05-08
C03066,Sai Chhabra,Female,65,Bhind,Meghalaya,2022-06-04
C03067,Falguni Bhagat,Female,70,Bellary,Himachal Pradesh,2023-05-05
C03068,Vedhika Dora,Male,31,New Delhi,Chhattisgarh,2024-06-03
C03069,Kashish Arya,Male,53,Khandwa,Goa,2026-05-13
C03070,Eesha Shukla,Female,61,Alappuzha,Punjab,2023-09-17
C03071,Kritika Bhatia,Female,61,South Dumdum,Bihar,2023-02-16
C03072,Ekavir Kala,Male,34,Moradabad,Karnataka,2022-12-24
C03073,Frederick Sankar,Female,38,Kottayam,Mizoram,2023-03-18
C03074,Warhi Iyengar,Female,46,Chennai,Himachal Pradesh,2025-12-04
C03075,Jacob Bhatnagar,Male,23,Dewas,Maharashtra,2025-11-27
C03076,Samar Parsa,Female,19,Mathura,Goa,2025-07-13
C03077,Gaurika Raghavan,Female,62,Ulhasnagar,Tamil Nadu,2023-07-16
C03078,Udyati Narasimhan,Male,49,Bhubaneswar,Karnataka,2022-04-27
C03079,Simon Ahluwalia,Female,26,Bathinda,Bihar,2025-12-09
C03080,Hamsini Chaudry,Female,52,Bidhannagar,Sikkim,2021-08-13
C03081,Riya Sheth,Male,55,Berhampore,Telangana,2023-05-04
C03082,Luke Nadkarni,Male,62,Khandwa,Goa,2023-06-28
C03083,Ishita Nagi,Male,66,Tenali,Sikkim,2022-06-28
C03084,Kavya Agarwal,Male,21,Kozhikode,Chhattisgarh,2022-09-19
C03085,Daniel Modi,Female,61,Aligarh,West Bengal,2026-02-12
C03086,Eesha Chadha,Male,36,Warangal,Assam,2025-12-08
C03087,Balendra Goswami,Female,54,Jaipur,Punjab,2024-01-10
C03088,Xavier Vala,Female,48,Kolhapur,Jharkhand,2023-08-19
C03089,Aryan Desai,Male,54,Aurangabad,Manipur,2023-04-28
C03090,Nidra Tripathi,Female,66,Raiganj,Nagaland,2022-03-25
C03091,Sneha Oza,Female,18,Shimoga,Nagaland,2026-02-02
C03092,Ria Mishra,Male,18,Sambhal,Himachal Pradesh,2026-07-07
C03093,Aarav Dave,Female,36,Ongole,Haryana,2021-09-27
C03094,Anmol Sanghvi,Female,55,Mysore,Nagaland,2024-10-13
C03095,Lila Sood,Male,28,Muzaffarpur,Assam,2023-10-07
C03096,Hemal Hayre,Female,31,Mirzapur,Telangana,2024-11-29
C03097,Dhruv Mitter,Male,46,Nagaon,Assam,2023-01-03
C03098,Bhavani Bhakta,Female,35,Rajahmundry,Arunachal Pradesh,2026-06-11
C03099,Champak Prabhu,Female,33,Tinsukia,Mizoram,2024-10-02
C03100,Mahika Bajaj,Female,39,Bathinda,Himachal Pradesh,2025-12-17
C03101,Hemal Kurian,Male,55,Karawal Nagar,Punjab,2024-05-06
C03102,Abdul Korpal,Male,43,Coimbatore,Karnataka,2024-01-10
C03103,Leela Talwar,Male,43,Katihar,Karnataka,2024-11-17
C03104,Victor Iyengar,Female,55,Ambala,Haryana,2025-07-08
C03105,Abhimanyu Kota,Male,47,Dhule,Arunachal Pradesh,2022-02-13
C03106,Darpan Kala,Male,23,Eluru,Kerala,2025-08-17
C03107,Mugdha Barad,Male,63,Durgapur,Haryana,2021-07-28
C03108,Nidra Chaudhary,Female,70,Tiruvottiyur,Chhattisgarh,2023-12-31
C03109,Balendra Nair,Male,64,Silchar,Andhra Pradesh,2023-12-05
C03110,Bina Setty,Male,19,Siwan,Telangana,2022-11-12
C03111,Sai Srivastava,Male,48,Anantapuram,Jharkhand,2024-03-18
C03112,Jyoti Sem,Male,32,Kadapa,Himachal Pradesh,2022-03-01
C03113,Libni Kapadia,Male,50,Ongole,Manipur,2021-09-09
C03114,Azad Cherian,Male,58,Barasat,Rajasthan,2022-05-05
C03115,Ishanvi Contractor,Male,18,Narasaraopet,Gujarat,2023-01-14
C03116,Adweta Garg,Female,50,Kurnool,Uttarakhand,2025-11-08
C03117,Nihal Bora,Female,45,Bhagalpur,Karnataka,2025-01-04
C03118,Chavvi Nazareth,Female,26,Bidar,Maharashtra,2023-10-10
C03119,Noah Ravi,Male,51,Kolhapur,Chhattisgarh,2026-04-07
C03120,Chaitanya Lata,Male,27,Silchar,Assam,2022-10-16
C03121,Ronith Saraf,Male,61,Hubli–Dharwad,Tripura,2022-12-29
C03122,Nimrat Bajaj,Female,50,Gudivada,Tripura,2024-02-02
C03123,Geetika Sahota,Male,46,Jalgaon,Gujarat,2024-12-22
C03124,Vrishti Desai,Female,35,Bhimavaram,Nagaland,2024-04-23
C03125,Rayaan Bhavsar,Female,66,Kamarhati,Mizoram,2021-11-04
C03126,Pranav Oza,Male,26,Ozhukarai,Haryana,2023-07-27
C03127,Anmol Singh,Female,22,Patiala,Uttarakhand,2024-08-26
C03128,Niharika Patla,Male,18,Nagpur,Haryana,2023-10-15
C03129,Azad Parmer,Female,18,Mysore,Gujarat,2023-09-22
C03130,Charan Walla,Female,57,Kishanganj,Mizoram,2025-02-25
C03131,Zaitra Cherian,Female,29,Shahjahanpur,Odisha,2023-05-12
C03132,Nihal Tripathi,Female,44,Unnao,Gujarat,2025-01-17
C03133,Samuel Balakrishnan,Male,26,Eluru,Karnataka,2024-10-18
C03134,Leela Prabhakar,Male,58,Kirari Suleman Nagar,Sikkim,2022-06-08
C03135,Vihaan Dhingra,Male,19,Nadiad,Manipur,2023-12-30
C03136,Lekha Ramanathan,Female,60,Bhiwani,Mizoram,2026-01-09
C03137,Chatresh Lala,Female,45,Bhatpara,Goa,2025-07-17
C03138,Upkaar Kapoor,Male,24,Kota,West Bengal,2026-06-04
C03139,Jeet Brahmbhatt,Female,70,Shimla,Nagaland,2023-05-13
C03140,Quincy Naik,Female,26,Fatehpur,Rajasthan,2026-03-24
C03141,Chasmum Mall,Female,18,Singrauli,Gujarat,2025-03-12
C03142,Anmol Raman,Male,55,Raichur,Himachal Pradesh,2025-05-19
C03143,Warhi Ramachandran,Male,47,Vadodara,Kerala,2022-07-24
C03144,Finn Barad,Male,55,Coimbatore,Madhya Pradesh,2022-04-21
C03145,Girik Walla,Male,55,Amaravati,Kerala,2022-04-25
C03146,Alka Chakraborty,Female,53,Erode,Jharkhand,2025-10-11
C03147,Liam Barman,Female,62,Durg,Madhya Pradesh,2022-09-03
C03148,Hritik Balakrishnan,Female,38,Jalna,Uttar Pradesh,2023-10-11
C03149,Aryan Ramakrishnan,Male,45,Hosur,Haryana,2025-08-24
C03150,David Halder,Female,57,Bhilwara,Maharashtra,2023-02-05
C03151,Hemangini Shere,Female,26,Jabalpur,Himachal Pradesh,2025-04-07
C03152,Yashoda Ravel,Male,30,Burhanpur,Arunachal Pradesh,2023-06-25
C03153,Reyansh Chacko,Male,54,Kulti,Jharkhand,2023-02-05
C03154,Anirudh Kuruvilla,Female,59,Jamnagar,Goa,2024-08-19
C03155,Ayushman Dube,Female,26,Pimpri-Chinchwad,Meghalaya,2024-12-14
C03156,Manya Bajaj,Female,60,Patiala,Rajasthan,2025-11-12
C03157,Samar Sami,Male,57,Bathinda,Uttar Pradesh,2022-12-14
C03158,Nirja Narasimhan,Female,25,Jamshedpur,Arunachal Pradesh,2025-09-09
C03159,Champak Deo,Male,18,Latur,Sikkim,2023-05-30
C03160,Yutika Kale,Male,19,Katni,Uttarakhand,2024-02-23
C03161,Nicholas Dewan,Male,70,Vasai-Virar,Tamil Nadu,2023-07-02
C03162,Hamsini Pingle,Male,34,Muzaffarpur,Meghalaya,2024-09-13
C03163,Waida Mallick,Female,25,Munger,Meghalaya,2025-10-18
C03164,Anamika Parekh,Male,35,Tumkur,Madhya Pradesh,2022-04-24
C03165,Manthan Ramesh,Male,38,Katni,Maharashtra,2023-12-07
C03166,Chatresh Baria,Male,51,Bhiwandi,West Bengal,2022-08-04
C03167,Qadim Warrior,Male,27,Erode,Gujarat,2025-07-25
C03168,Faqid Sood,Female,21,Rewa,Sikkim,2021-08-18
C03169,Vivaan Madan,Male,38,Jalandhar,Madhya Pradesh,2022-08-05
C03170,Leena Khosla,Female,50,Narasaraopet,Manipur,2023-07-04
C03171,Garima Shankar,Male,23,Ramagundam,Maharashtra,2022-05-09
C03172,Jhalak Dara,Female,62,Hospet,Sikkim,2025-10-16
C03173,Maanav Hans,Male,64,Jaunpur,Gujarat,2026-05-07
C03174,Bishakha Edwin,Female,32,Udaipur,Kerala,2021-12-02
C03175,Lila Kala,Female,33,Rewa,Goa,2024-10-04
C03176,Jhalak Arya,Male,26,Baranagar,Rajasthan,2022-08-02
C03177,Sara Amble,Male,70,Dharmavaram,Uttar Pradesh,2022-02-06
C03178,Zayyan Mahajan,Female,49,Mehsana,Punjab,2025-01-25
C03179,Dev Khare,Female,32,Mahbubnagar,Manipur,2026-06-06
C03180,Oliver Chopra,Female,33,Ujjain,Arunachal Pradesh,2021-10-07
C03181,Bhavya Dara,Male,44,Amritsar,Tripura,2023-05-04
C03182,Prisha Srinivas,Male,50,Karawal Nagar,Tripura,2025-01-07
C03183,Jason Kapoor,Male,52,Baranagar,Sikkim,2024-04-04
C03184,Yamini Chatterjee,Male,56,Jamnagar,Jharkhand,2025-01-11
C03185,Radha Jha,Male,18,Tadepalligudem,Tripura,2026-02-11
C03186,Victor Sangha,Female,53,Asansol,Tripura,2023-12-17
C03187,Gunbir Gupta,Male,53,North Dumdum,Punjab,2022-09-17
C03188,Dalaja Halder,Male,67,Berhampore,Chhattisgarh,2022-06-10
C03189,Isha Goel,Male,44,Kochi,Goa,2022-06-06
C03190,Mugdha Parikh,Female,60,Tirupati,Madhya Pradesh,2023-04-29
C03191,Dayita Lala,Male,48,Kamarhati,Uttarakhand,2026-04-09
C03192,Chatura Jha,Male,25,Tadipatri,Sikkim,2022-03-11
C03193,Bhavani Nagarajan,Female,54,Hajipur,Karnataka,2025-10-31
C03194,Aarav Agrawal,Male,31,Suryapet,Bihar,2021-09-03
C03195,Jackson Karan,Male,49,Dhule,Chhattisgarh,2022-08-17
C03196,Lohit Sha,Male,39,Arrah,Haryana,2021-08-07
C03197,Ishani Khurana,Male,55,Raiganj,Punjab,2025-08-11
C03198,Warhi Amble,Male,37,Nashik,Nagaland,2025-10-15
C03199,Sanaya Mann,Female,41,Raipur,Chhattisgarh,2022-09-07
C03200,David Sachdeva,Female,42,Ballia,Punjab,2025-12-09
C03201,Vivaan Mishra,Female,19,Kollam,Bihar,2025-12-27
C03202,Patrick Chhabra,Female,26,Berhampore,Tamil Nadu,2025-09-03
C03203,Imaran Sachdeva,Female,32,Ballia,Arunachal Pradesh,2025-02-07
C03204,Tripti Dara,Female,68,Kolhapur,Uttar Pradesh,2022-12-15
C03205,Gagan Din,Male,56,Vadodara,Mizoram,2025-10-24
C03206,Zehaan Bhatia,Male,58,Bettiah,Uttarakhand,2021-11-02
C03207,Isaac Bobal,Female,40,Bidhannagar,Kerala,2026-07-17
C03208,Eiravati Mannan,Female,28,Jaipur,Punjab,2022-03-01
C03209,Sarthak Kara,Female,52,Imphal,Jharkhand,2023-05-04
C03210,Oliver Chaudhuri,Female,48,Amaravati,Odisha,2023-12-03
C03211,Samar Narula,Male,36,Moradabad,West Bengal,2025-01-09
C03212,Zinal Kannan,Female,58,Korba,Madhya Pradesh,2024-01-04
C03213,Matthew Vohra,Male,38,Gaya,Assam,2024-12-17
C03214,Harinakshi Iyer,Male,43,Medininagar,Assam,2023-07-20
C03215,Simon Murthy,Female,57,Madhyamgram,Rajasthan,2025-04-11
C03216,Nihal Barad,Male,53,Gulbarga,Manipur,2026-06-26
C03217,Chanakya Ramachandran,Male,48,Chennai,Manipur,2026-04-13
C03218,Madhavi Gour,Female,37,Surat,Chhattisgarh,2022-09-29
C03219,Rushil Varty,Female,51,Udupi,West Bengal,2022-08-28
C03220,Upadhriti Sundaram,Female,60,Bangalore,Uttar Pradesh,2025-11-17
C03221,Zashil Kaur,Male,25,Gopalpur,Bihar,2025-06-22
C03222,Krisha Bal,Female,26,Motihari,Odisha,2022-01-19
C03223,Yuvraj Mand,Male,46,Khandwa,Uttarakhand,2024-07-10
C03224,Balhaar Dave,Female,26,Suryapet,Meghalaya,2023-09-22
C03225,Upkaar Lanka,Female,50,Nagercoil,Uttarakhand,2022-02-26
C03226,Mugdha Suresh,Female,40,Udupi,Chhattisgarh,2022-09-16
C03227,Balendra Dhaliwal,Male,57,Bihar Sharif,Mizoram,2026-01-21
C03228,Nandini Sachar,Female,32,Tiruppur,Tamil Nadu,2023-05-19
C03229,Gautam Goswami,Male,36,Kota,Tamil Nadu,2022-10-23
C03230,Jasmit Karnik,Female,46,Tirupati,Haryana,2026-02-19
C03231,Gabriel Dass,Female,44,Kamarhati,Karnataka,2022-04-13
C03232,Ekansh Som,Male,21,Bhiwandi,Telangana,2021-11-11
C03233,Waida Balakrishnan,Female,62,Tinsukia,Rajasthan,2025-08-04
C03234,Eshana Muni,Male,46,Thane,Rajasthan,2024-08-02
C03235,Simon Oommen,Female,35,Thane,Uttarakhand,2023-08-15
C03236,Radhika Dhar,Female,66,Rourkela,Punjab,2024-06-28
C03237,Warda Trivedi,Female,29,Kishanganj,Maharashtra,2023-01-25
C03238,Aarush Sharma,Female,19,Ulhasnagar,Punjab,2021-08-06
C03239,Sachi Vora,Female,43,Ghaziabad,Chhattisgarh,2024-12-30
C03240,Kevin Narain,Female,40,Patna,Haryana,2022-08-19
C03241,Sathvik Malhotra,Male,48,Lucknow,Karnataka,2025-10-25
C03242,Chakradev Nair,Male,67,Unnao,Gujarat,2025-06-10
C03243,Mekhala Shere,Male,18,Jammu,Madhya Pradesh,2022-05-19
C03244,Amara Lad,Female,59,Kolhapur,Karnataka,2021-09-11
C03245,Brinda Raval,Female,47,Gorakhpur,Jharkhand,2023-01-27
C03246,Neel Edwin,Female,68,Alappuzha,Tamil Nadu,2025-05-08
C03247,Isaac Srinivasan,Female,55,Machilipatnam,Andhra Pradesh,2023-07-28
C03248,Manan Varty,Male,21,Mathura,Rajasthan,2024-03-28
C03249,Oviya Din,Female,22,Dharmavaram,Bihar,2025-08-14
C03250,Benjamin Varghese,Female,24,Sirsa,Nagaland,2024-01-27
C03251,Laban Vig,Female,55,Bhilai,Manipur,2021-12-01
C03252,Aadhya Batta,Female,42,Nangloi Jat,Assam,2022-04-16
C03253,Anusha Rajagopalan,Male,70,Purnia,Madhya Pradesh,2022-07-03
C03254,Hardik Bahri,Female,48,Surendranagar Dudhrej,Bihar,2026-04-03
C03255,Sachi Kurian,Female,48,Dehri,Manipur,2022-03-08
C03256,Theodore Bassi,Male,55,Kurnool,Andhra Pradesh,2026-06-03
C03257,Divya Sampath,Male,66,Kalyan-Dombivli,Goa,2022-03-30
C03258,Harrison Sura,Male,35,Tinsukia,Punjab,2023-02-04
C03259,Manan Bajwa,Male,63,Bharatpur,Maharashtra,2022-05-07
C03260,Patrick Date,Male,20,Sagar,Uttar Pradesh,2023-05-08
C03261,Umang Comar,Male,58,Panihati,Sikkim,2024-08-04
C03262,Qasim Mann,Female,49,Sonipat,Andhra Pradesh,2025-09-19
C03263,Nicholas Oommen,Male,19,Durgapur,Tripura,2023-01-12
C03264,Harsh Thaker,Male,60,Kulti,Sikkim,2024-09-18
C03265,Henry Yadav,Male,39,Nashik,Mizoram,2025-08-28
C03266,Pavani Solanki,Female,44,Jorhat,Arunachal Pradesh,2024-07-17
C03267,Banjeet Bajaj,Female,25,Ahmednagar,Nagaland,2022-09-30
C03268,Ansh Sant,Female,19,Chandrapur,Andhra Pradesh,2024-02-26
C03269,Peter Borah,Male,63,Visakhapatnam,Nagaland,2024-05-09
C03270,Saumya Gole,Male,63,Vasai-Virar,Tripura,2024-11-17
C03271,Vinaya Banerjee,Male,61,Gangtok,Karnataka,2023-12-05
C03272,Rajeshri Mahal,Female,24,Sagar,Karnataka,2024-04-11
C03273,Zaitra Kala,Female,20,Chapra,Gujarat,2022-12-11
C03274,Ekani Chowdhury,Female,64,Jalgaon,Himachal Pradesh,2025-02-20
C03275,Ekavir Anne,Female,19,Madhyamgram,Tamil Nadu,2024-04-11
C03276,Ira Kadakia,Female,70,Gorakhpur,Tripura,2024-12-10
C03277,Wakeeta Sur,Male,43,Raipur,Tripura,2022-02-16
C03278,Yashawini Chauhan,Male,47,Giridih,Odisha,2023-01-25
C03279,Maanav Murthy,Male,18,Ghaziabad,Uttarakhand,2025-03-12
C03280,Aashi Nadig,Male,68,Bihar Sharif,Tripura,2026-02-15
C03281,Chandran Tank,Male,67,Akola,Maharashtra,2026-04-15
C03282,Reyansh Madan,Female,44,Agartala,Uttar Pradesh,2022-12-31
C03283,Turvi Kant,Female,49,Suryapet,Telangana,2022-05-10
C03284,Gaurika Devi,Male,35,Amritsar,Goa,2022-02-07
C03285,Chavvi Mistry,Female,25,Gorakhpur,Chhattisgarh,2025-10-02
C03286,Eiravati Mitra,Male,41,Rewa,Assam,2024-07-15
C03287,Bhanumati Dani,Male,36,Jammu,Kerala,2024-10-04
C03288,Ronith Dhillon,Female,34,Madanapalle,Himachal Pradesh,2022-04-01
C03289,Lajita Kothari,Female,38,Udupi,Goa,2022-02-21
C03290,Vanya Subramanian,Male,48,Uluberia,Himachal Pradesh,2022-09-24
C03291,Shivansh Venkatesh,Male,57,Muzaffarpur,Andhra Pradesh,2025-11-13
C03292,Hredhaan Shan,Male,20,Gwalior,Bihar,2025-01-03
C03293,Raksha Pandey,Male,53,Thrissur,Uttarakhand,2024-08-04
C03294,Ira Sachar,Female,32,Kota,Maharashtra,2026-03-21
C03295,Urvashi Shenoy,Male,21,Dharmavaram,West Bengal,2024-02-16
C03296,Riya Gulati,Male,61,Kanpur,Bihar,2024-09-02
C03297,Teerth Kuruvilla,Male,58,Ambarnath,Mizoram,2022-09-13
C03298,Dakshesh Narasimhan,Female,55,Bardhaman,Jharkhand,2023-11-25
C03299,Luke Deep,Female,26,Shivpuri,Jharkhand,2025-03-08
C03300,Darpan Sankar,Male,41,Barasat,Uttarakhand,2025-11-04
C03301,Rishi Palla,Male,37,Thrissur,Manipur,2024-07-18
C03302,Xavier Raman,Male,56,Jamshedpur,Manipur,2021-08-27
C03303,Ekaraj Varma,Female,31,Madurai,Haryana,2023-12-31
C03304,Siya Dhar,Female,69,Mathura,Telangana,2024-11-05
C03305,Neha Jaggi,Female,28,Morbi,Rajasthan,2022-10-01
C03306,Kritika Srivastava,Female,38,Malegaon,Goa,2022-04-04
C03307,Krish Gandhi,Female,31,Begusarai,Karnataka,2025-09-20
C03308,Indrajit Gandhi,Female,36,Kamarhati,Himachal Pradesh,2022-09-30
C03309,Vansha Thakkar,Female,63,Nanded,Meghalaya,2024-11-05
C03310,Vasatika Mann,Female,44,Ozhukarai,Chhattisgarh,2024-01-24
C03311,Quincy Vala,Male,38,Meerut,Assam,2022-11-05
C03312,Harinakshi De,Male,55,Ahmednagar,Tripura,2023-02-27
C03313,Madhavi Om,Female,30,Ulhasnagar,Rajasthan,2025-02-17
C03314,Wyatt Doctor,Female,64,Ghaziabad,Maharashtra,2025-04-16
C03315,Arin Dora,Male,32,Junagadh,Assam,2025-09-01
C03316,Vansha Ramachandran,Male,41,Maheshtala,Haryana,2023-10-16
C03317,Yashawini Panchal,Female,33,Baranagar,Uttar Pradesh,2024-11-16
C03318,Fitan Zachariah,Female,55,Latur,Punjab,2023-08-08
C03319,Praneel Banerjee,Female,21,Bhusawal,Rajasthan,2025-09-20
C03320,Girish Chad,Male,32,Bokaro,Uttarakhand,2023-10-08
C03321,Rajata Bedi,Male,27,Pimpri-Chinchwad,Goa,2023-02-17
C03322,Charan Pathak,Female,26,Bihar Sharif,Uttarakhand,2025-09-24
C03323,Warinder Deshpande,Female,65,Suryapet,Goa,2025-12-08
C03324,Qushi Krish,Female,70,Bhiwani,Nagaland,2021-12-19
C03325,Yashodhara Master,Male,67,Akola,Mizoram,2025-12-26
C03326,Watika Lalla,Female,38,Mangalore,Mizoram,2021-12-08
C03327,Samarth Vyas,Male,33,Noida,Manipur,2023-05-12
C03328,Simon Tank,Female,62,Kulti,Kerala,2025-03-03
C03329,Aarna Rao,Male,69,Kumbakonam,Sikkim,2025-06-24
C03330,Shivani Agate,Female,21,Kakinada,Chhattisgarh,2026-03-22
C03331,Aishani Sandhu,Female,45,Proddatur,Bihar,2024-01-18
C03332,Dalaja Palan,Female,46,Asansol,Rajasthan,2024-03-22
C03333,Madhav Maharaj,Male,18,Panchkula,Punjab,2026-01-13
C03334,Manan Agrawal,Female,35,Bellary,Sikkim,2021-09-01
C03335,Yash Bawa,Male,19,Jaipur,Haryana,2023-07-03
C03336,Nicholas Mohan,Male,51,Warangal,Meghalaya,2024-09-11
C03337,Ethan Borra,Male,70,Siliguri,Haryana,2024-09-20
C03338,Amaira Konda,Female,18,Latur,Himachal Pradesh,2022-01-23
C03339,Jack Solanki,Male,41,Sasaram,Karnataka,2023-01-13
C03340,Nathan Dixit,Female,39,Unnao,West Bengal,2023-08-29
C03341,Charan Parsa,Female,51,Udaipur,Uttar Pradesh,2024-03-06
C03342,Anthony Basu,Male,60,Thoothukudi,Mizoram,2026-03-13
C03343,Arin Bir,Female,39,Buxar,Kerala,2022-08-04
C03344,Mohini Brahmbhatt,Female,70,Ghaziabad,Telangana,2022-03-27
C03345,Omaja Nanda,Male,26,Aligarh,Maharashtra,2022-03-29
C03346,Darika Nadkarni,Male,31,Ghaziabad,Manipur,2021-10-26
C03347,Lakshmi Keer,Male,34,Bhilwara,Nagaland,2025-10-16
C03348,Abdul Vyas,Male,47,Karawal Nagar,Nagaland,2023-12-06
C03349,Faraj Srinivasan,Female,32,Bathinda,Nagaland,2025-11-16
C03350,Dalaja Banik,Male,54,Hajipur,Tamil Nadu,2022-08-24
C03351,Nilima Barad,Male,68,Danapur,Haryana,2022-08-07
C03352,Chatresh Sura,Female,29,Karnal,Uttarakhand,2026-05-19
C03353,Anjali Prabhakar,Female,25,Gaya,Chhattisgarh,2025-06-07
C03354,Tripti Sathe,Female,22,Akola,Arunachal Pradesh,2023-01-19
C03355,Kalpit Ben,Female,22,Narasaraopet,Uttar Pradesh,2021-10-12
C03356,Xiti Naik,Female,42,Kottayam,Madhya Pradesh,2025-07-10
C03357,Kamala Sharaf,Female,43,Ramagundam,Madhya Pradesh,2025-05-28
C03358,Rushil Sanghvi,Female,26,Malda,Meghalaya,2025-07-29
C03359,Falguni Tailor,Female,42,Mysore,Jharkhand,2023-01-18
C03360,Ekani Ravi,Female,24,Thane,West Bengal,2021-10-08
C03361,Rushil Khare,Female,54,Tadipatri,Uttar Pradesh,2023-10-04
C03362,Rohan Lal,Male,37,Dharmavaram,Meghalaya,2022-12-07
C03363,Hitesh Agarwal,Male,63,Nangloi Jat,Sikkim,2025-02-04
C03364,Azaan Johal,Male,54,Delhi,Jharkhand,2022-08-07
C03365,Rohan Raju,Male,63,Thrissur,Punjab,2024-12-20
C03366,Vritti Mohan,Female,20,Satna,Chhattisgarh,2022-03-09
C03367,Darika Hans,Male,54,Katihar,Rajasthan,2023-10-31
C03368,Urvashi Patel,Female,33,Morbi,Haryana,2024-02-04
C03369,Aarav Ghose,Female,68,Bidhannagar,Maharashtra,2026-04-13
C03370,Ria Cherian,Female,51,Satara,Telangana,2022-03-19
C03371,Baljiwan Nagy,Female,64,Singrauli,Kerala,2026-03-23
C03372,Agastya Kannan,Male,22,Chennai,Mizoram,2026-01-04
C03373,Faris Acharya,Male,25,Tiruppur,Manipur,2024-04-18
C03374,Advaith Vohra,Male,64,Chinsurah,Uttarakhand,2022-10-29
C03375,Avi Lanka,Female,26,Dhule,Uttarakhand,2022-12-16
C03376,Abeer Barman,Male,51,Rajpur Sonarpur,Tripura,2023-03-06
C03377,Aashi Raman,Male,65,Bardhaman,Andhra Pradesh,2025-12-17
C03378,Vasana Chanda,Female,27,Ujjain,Uttarakhand,2024-09-02
C03379,Vansha Lata,Male,34,Bikaner,Telangana,2026-03-13
C03380,Advik Anne,Male,69,Bally,Assam,2024-09-09
C03381,Aditya Suresh,Female,66,Hospet,Meghalaya,2024-10-15
C03382,Gautami Sampath,Male,43,Mathura,Meghalaya,2023-03-07
C03383,Amara Sahota,Male,42,Bhusawal,Telangana,2022-05-13
C03384,Upma Choudhury,Female,66,Kollam,Punjab,2023-01-19
C03385,Michael Nair,Male,48,Eluru,Meghalaya,2026-05-16
C03386,Aryan Tandon,Male,64,Durgapur,Rajasthan,2021-08-06
C03387,Zehaan Gola,Female,33,Sagar,Himachal Pradesh,2024-02-19
C03388,Arunima Ghose,Male,20,Kirari Suleman Nagar,Maharashtra,2021-11-23
C03389,Darsh Kashyap,Male,49,Dewas,Telangana,2023-07-29
C03390,Atharv Vasa,Female,35,Nellore,Bihar,2022-11-25
C03391,Shravya Nazareth,Male,24,Davanagere,Telangana,2022-04-07
C03392,Yatin Sahni,Male,35,Bareilly,Tripura,2023-08-19
C03393,Chavvi Aurora,Male,25,Ulhasnagar,Mizoram,2026-07-10
C03394,Yashawini Narayan,Male,62,Shivpuri,Sikkim,2025-07-08
C03395,Vasana Sinha,Male,22,Suryapet,Karnataka,2024-12-13
C03396,Warda Solanki,Male,48,Kalyan-Dombivli,Kerala,2023-04-24
C03397,Faqid Khalsa,Male,27,Anand,Tamil Nadu,2022-06-20
C03398,Bhanumati Jani,Male,69,Delhi,Madhya Pradesh,2022-07-25
C03399,Rayaan Dugal,Male,23,Kalyan-Dombivli,Uttar Pradesh,2023-03-21
C03400,Azad Ramachandran,Male,42,Etawah,Kerala,2021-10-22
C03401,Upkaar Sani,Female,54,Hospet,Kerala,2022-03-26
C03402,Zaitra Sengupta,Female,40,Tumkur,Gujarat,2023-04-22
C03403,David Walia,Female,27,Jorhat,Telangana,2021-08-25
C03404,Shaurya Raj,Male,45,Hubli–Dharwad,Gujarat,2026-01-19
C03405,Sathvik Vasa,Female,69,Vasai-Virar,Karnataka,2023-12-07
C03406,Matthew Mandal,Female,64,Karimnagar,Bihar,2021-09-26
C03407,Benjamin Chaudry,Female,25,Bathinda,Kerala,2024-03-10
C03408,Xiti Ghosh,Female,29,Nellore,Uttarakhand,2024-05-03
C03409,Azad Ranganathan,Male,25,Sambalpur,Sikkim,2021-11-22
C03410,Sanaya Handa,Male,69,Begusarai,West Bengal,2022-10-09
C03411,Dalbir Bhattacharyya,Female,32,Jorhat,Rajasthan,2022-11-28
C03412,Guneet Hegde,Female,23,Maheshtala,Arunachal Pradesh,2023-04-24
C03413,Tejas Solanki,Male,18,Ambala,Jharkhand,2023-10-21
C03414,Charan Sami,Male,52,Amritsar,Manipur,2023-02-12
C03415,Bachittar Rastogi,Female,42,Raichur,Tamil Nadu,2025-04-30
C03416,Hardik Kannan,Male,29,Bulandshahr,Manipur,2023-01-13
C03417,Waida Nanda,Female,20,Bijapur,Himachal Pradesh,2021-08-11
C03418,Lila Zacharia,Male,47,Ulhasnagar,Odisha,2023-07-29
C03419,Anvi Kota,Male,30,Orai,Kerala,2025-07-28
C03420,Rachit Pai,Female,55,Kavali,Telangana,2024-06-30
C03421,Vivaan Halder,Female,22,Shahjahanpur,Kerala,2021-11-15
C03422,Shivansh Bassi,Male,28,Bhilwara,Telangana,2021-12-26
C03423,Omisha Sharma,Female,22,Rewa,Jharkhand,2025-03-03
C03424,Lohit Patil,Female,38,Tiruchirappalli,Tripura,2023-01-24
C03425,Ojasvi Memon,Male,58,Erode,Uttarakhand,2025-06-08
C03426,Gaurav Dara,Female,20,Satara,Nagaland,2025-04-04
C03427,Dalbir Chakrabarti,Male,52,Bhalswa Jahangir Pur,Mizoram,2024-06-03
C03428,Sarthak Lalla,Male,34,Haldia,Sikkim,2024-10-23
C03429,Mohini Thaker,Male,56,Ludhiana,Punjab,2025-07-12
C03430,Abhiram Dewan,Male,56,Rajpur Sonarpur,Nagaland,2023-12-19
C03431,Faqid Madan,Female,57,Bhagalpur,Bihar,2024-07-21
C03432,Nilima Reddy,Female,70,Tinsukia,Manipur,2025-01-29
C03433,Neelima Mody,Female,35,Ramgarh,Uttarakhand,2022-11-01
C03434,Charan Parmar,Female,23,Katni,Goa,2023-05-29
C03435,Pooja Kala,Female,50,Bhimavaram,Nagaland,2025-06-24
C03436,Yashasvi Basak,Male,19,Tirupati,Andhra Pradesh,2022-01-20
C03437,Aarini Mukherjee,Male,38,Bahraich,Andhra Pradesh,2025-07-20
C03438,Waida Sama,Male,23,Rewa,Sikkim,2024-04-12
C03439,Watika Khatri,Female,34,Barasat,Uttar Pradesh,2024-05-26
C03440,Qasim Mital,Female,37,Vellore,Chhattisgarh,2025-10-11
C03441,Onveer Borra,Male,50,Gandhidham,Karnataka,2024-07-09
C03442,Zarna Maharaj,Female,25,Kishanganj,Tripura,2022-10-16
C03443,Maanav Dayal,Female,42,Erode,Sikkim,2024-02-08
C03444,Pahal Viswanathan,Female,49,Aizawl,Kerala,2025-06-23
C03445,Alka Dora,Male,45,Kadapa,Rajasthan,2026-06-24
C03446,Ekta Gaba,Female,55,Saharsa,Odisha,2023-12-08
C03447,Sanya Brahmbhatt,Female,35,Bilaspur,Bihar,2026-07-15
C03448,Robert Gole,Male,49,Bahraich,Haryana,2025-12-03
C03449,Brinda Chaudhuri,Female,57,Serampore,Goa,2024-11-24
C03450,Megha Khanna,Female,61,Gangtok,Uttar Pradesh,2025-05-21
C03451,Ekapad Gaba,Female,46,Ajmer,Uttarakhand,2023-11-04
C03452,Pranav Singhal,Male,57,Navi Mumbai,Goa,2025-10-10
C03453,Upasna Chaudhry,Male,20,Alwar,Bihar,2025-01-26
C03454,Arjun Nagi,Female,47,Gudivada,Rajasthan,2025-04-18
C03455,Janaki Nayar,Male,34,Allahabad,Karnataka,2024-01-27
C03456,Azaan Bora,Male,70,Hapur,Manipur,2026-02-23
C03457,Zehaan Dalal,Male,29,Ambarnath,Maharashtra,2025-08-28
C03458,Balhaar Sabharwal,Female,35,Narasaraopet,Chhattisgarh,2022-09-27
C03459,Ekantika Chacko,Female,19,Ramgarh,Manipur,2026-04-26
C03460,Jagrati Hegde,Female,36,Bhiwani,Manipur,2023-11-19
C03461,Hemangini Narayan,Male,45,Anantapuram,Himachal Pradesh,2023-04-27
C03462,Farhan Prabhakar,Male,33,Hubli–Dharwad,Bihar,2025-01-24
C03463,Ekani Minhas,Male,24,Etawah,Odisha,2022-12-08
C03464,Adweta Agrawal,Male,64,Rohtak,Rajasthan,2023-06-24
C03465,Wyatt Kaul,Female,29,Mehsana,Tripura,2026-02-25
C03466,Oeshi Kakar,Female,29,Ozhukarai,Punjab,2021-09-22
C03467,Sneha Ben,Female,27,Deoghar,Telangana,2023-12-27
C03468,Robert Prashad,Female,39,Bihar Sharif,Uttarakhand,2021-09-21
C03469,Sneha Mitter,Male,46,Mau,Haryana,2021-08-02
C03470,Vyanjana Rege,Male,55,Kumbakonam,Odisha,2023-04-17
C03471,Chanchal Batra,Male,41,Sonipat,Telangana,2023-12-13
C03472,Logan Gupta,Male,48,Rewa,Uttarakhand,2023-05-20
C03473,Vivaan Agrawal,Male,65,Kishanganj,Punjab,2024-01-24
C03474,Manya Soni,Male,37,Karimnagar,Himachal Pradesh,2025-02-07
C03475,Indrajit Sawhney,Male,28,Sikar,Bihar,2023-02-19
C03476,Dayamai Chahal,Male,30,Phagwara,Bihar,2024-12-08
C03477,Michael Sahota,Male,25,Kavali,Gujarat,2021-08-03
C03478,Lipika Tandon,Male,42,Imphal,Tripura,2023-10-19
C03479,Darika Murthy,Female,23,Gandhidham,Manipur,2022-04-14
C03480,Radhika Rajagopal,Male,44,Kollam,Gujarat,2023-09-11
C03481,Krisha Sandal,Female,36,Fatehpur,Uttarakhand,2023-03-13
C03482,Yashvi Vaidya,Female,54,Junagadh,Punjab,2023-01-23
C03483,Saksham Srinivasan,Female,55,Vasai-Virar,Haryana,2022-02-11
C03484,Deepa Keer,Female,22,Alappuzha,Madhya Pradesh,2021-10-22
C03485,Indali Dhillon,Male,35,Gopalpur,Sikkim,2022-08-02
C03486,Oviya Mallick,Female,34,Amroha,Mizoram,2026-01-19
C03487,Champak Tella,Female,56,Darbhanga,Odisha,2021-09-06
C03488,Dhriti Mahajan,Male,37,Narasaraopet,Tripura,2024-09-20
C03489,Garima Bhagat,Female,47,Tezpur,Arunachal Pradesh,2021-08-11
C03490,Dhruv Pandya,Female,25,Raebareli,Bihar,2024-05-07
C03491,Sai Mahajan,Male,61,Nagercoil,Uttarakhand,2023-04-02
C03492,Ethan Iyer,Male,19,Jorhat,Himachal Pradesh,2024-07-28
C03493,Upkaar Kaul,Male,37,Malda,Manipur,2023-09-06
C03494,Kritika Pandya,Female,52,Mathura,Karnataka,2022-07-01
C03495,Oviya Bhattacharyya,Male,33,Karaikudi,Tripura,2026-06-04
C03496,Indira Sani,Male,59,Chapra,Tamil Nadu,2026-03-07
C03497,Viraj Sodhi,Female,63,Karimnagar,Haryana,2023-01-18
C03498,Yadavi Narain,Male,53,Nagercoil,Haryana,2026-02-25
C03499,Hemangini Merchant,Male,61,Bahraich,Maharashtra,2023-09-18
C03500,Ekansh Hayre,Female,47,Naihati,Gujarat,2025-03-08
C03501,Wahab Loyal,Male,32,Tadipatri,Karnataka,2022-12-10
C03502,Ishwar Srivastava,Female,55,Jalna,Madhya Pradesh,2022-09-13
C03503,Dhriti Sama,Male,34,Guntakal,Punjab,2026-06-08
C03504,Radhika Basak,Male,27,Agartala,Kerala,2023-09-15
C03505,Indrajit Mitra,Female,52,Surat,Mizoram,2022-03-17
C03506,Shivansh Sem,Female,49,Durgapur,Gujarat,2023-09-27
C03507,Gopal Korpal,Female,60,Phagwara,Goa,2022-07-31
C03508,Nicholas Dhawan,Female,34,Mahbubnagar,Mizoram,2024-01-25
C03509,Balendra Bal,Male,46,Bidhannagar,Sikkim,2022-06-16
C03510,Rohan Yohannan,Female,24,Jamshedpur,Goa,2022-11-20
C03511,Omkaar Chokshi,Female,42,Thanjavur,Goa,2022-01-10
C03512,Luke Bawa,Female,63,Muzaffarpur,West Bengal,2024-12-18
C03513,Leela Chaudhry,Male,54,Bidhannagar,Gujarat,2022-05-13
C03514,Yashasvi Jayaraman,Male,44,Mangalore,Karnataka,2025-10-17
C03515,Thomas Shroff,Female,43,Bongaigaon,Tripura,2023-07-19
C03516,Falak Shetty,Male,29,Ludhiana,Mizoram,2023-03-26
C03517,Nisha Lanka,Male,70,Ambarnath,Bihar,2022-10-07
C03518,Dayita Sangha,Female,66,Nagaon,Goa,2021-10-16
C03519,Nikita Natt,Male,24,Dehri,Manipur,2024-04-27
C03520,Nitara Tandon,Male,51,Rewa,Uttar Pradesh,2022-12-12
C03521,Zehaan Deshmukh,Female,59,Pimpri-Chinchwad,Nagaland,2024-01-20
C03522,Rudra Talwar,Male,22,Tadepalligudem,Tamil Nadu,2023-02-12
C03523,Girish Varma,Male,32,Delhi,Arunachal Pradesh,2025-08-06
C03524,Shravya Suri,Female,21,Belgaum,Goa,2023-11-10
C03525,Hitesh Seth,Male,40,Delhi,Assam,2026-07-08
C03526,Charvi Chhabra,Male,55,Kochi,Meghalaya,2024-08-16
C03527,Sanya Rajagopal,Female,44,Gopalpur,West Bengal,2026-02-24
C03528,Chasmum Bajwa,Female,26,Satara,Manipur,2025-11-03
C03529,Yashoda Dave,Male,30,Mehsana,Telangana,2023-11-23
C03530,Parth Chatterjee,Male,70,Guntakal,Tripura,2026-04-02
C03531,Jeremiah Kade,Male,54,Ambattur,Tamil Nadu,2024-11-20
C03532,Yash Issac,Male,60,Rampur,Rajasthan,2023-06-12
C03533,Shravya Nadkarni,Male,46,Nandyal,Manipur,2026-04-13
C03534,Chakradhar Samra,Female,31,Jamshedpur,Andhra Pradesh,2025-08-23
C03535,Advay Mall,Male,55,Hindupur,Odisha,2022-04-05
C03536,Rudra Shanker,Female,30,Bhusawal,Nagaland,2022-10-14
C03537,Oviya Pal,Male,44,Vijayawada,Meghalaya,2022-11-14
C03538,Mitali Bera,Male,37,Madanapalle,Tripura,2022-03-27
C03539,Faraj Raman,Female,29,Hospet,Andhra Pradesh,2025-10-07
C03540,Megha Gupta,Female,22,Surendranagar Dudhrej,Punjab,2024-09-21
C03541,Abeer Lalla,Male,28,Rohtak,Odisha,2022-09-26
C03542,George Rana,Male,18,Farrukhabad,Uttar Pradesh,2021-11-26
C03543,Aashi Chawla,Female,27,Tadepalligudem,Kerala,2024-10-30
C03544,Kashvi Yogi,Male,47,Amroha,Uttar Pradesh,2024-08-01
C03545,Udyati Morar,Female,41,Gandhinagar,Himachal Pradesh,2025-12-07
C03546,Ekta Magar,Female,37,Etawah,Odisha,2025-04-26
C03547,Oni Das,Male,67,Burhanpur,Mizoram,2025-07-26
C03548,Ayush Narayan,Female,59,Kakinada,Bihar,2022-02-04
C03549,Wahab Bhalla,Female,48,Hubli–Dharwad,Odisha,2026-07-17
C03550,Manbir Nori,Female,40,Firozabad,Andhra Pradesh,2022-04-04
C03551,Odika Lanka,Female,63,Tadipatri,West Bengal,2023-05-03
C03552,Daksh Chander,Female,34,Jabalpur,Himachal Pradesh,2023-02-11
C03553,Warjas Das,Female,63,Morena,Maharashtra,2025-10-20
C03554,Vrishti Singh,Male,64,Ahmedabad,Bihar,2025-01-15
C03555,Urvashi Gaba,Female,69,Vijayanagaram,Meghalaya,2022-06-27
C03556,Nitesh Boase,Male,32,Kurnool,Andhra Pradesh,2024-04-21
C03557,Amol Gulati,Female,47,Srikakulam,Assam,2023-03-20
C03558,Chavvi Tripathi,Male,53,Mathura,Kerala,2022-08-25
C03559,Kashish Tripathi,Male,19,Vellore,Mizoram,2025-09-30
C03560,Nilima Dora,Female,29,Kakinada,Uttarakhand,2025-05-18
C03561,Nihal Thakur,Male,56,Gudivada,Arunachal Pradesh,2025-01-28
C03562,Bhavya Pau,Female,40,Bhagalpur,Tripura,2022-06-12
C03563,Ayaan Ghosh,Male,58,Vijayawada,Mizoram,2024-04-11
C03564,Alka Solanki,Male,69,Rajpur Sonarpur,Sikkim,2021-10-13
C03565,Arjun Tiwari,Female,61,Amritsar,Karnataka,2024-02-21
C03566,Robert Lala,Female,33,Noida,Karnataka,2024-11-30
C03567,Abhimanyu Datta,Male,49,Shimoga,Punjab,2023-09-10
C03568,Damini Pillai,Male,26,Gulbarga,Jharkhand,2023-07-06
C03569,Saumya Shanker,Male,35,Morbi,Madhya Pradesh,2026-07-12
C03570,Kala Kala,Female,45,Rohtak,West Bengal,2024-01-07
C03571,Liam Cheema,Male,38,Jodhpur,Uttar Pradesh,2026-03-10
C03572,Prisha Thaker,Male,23,Siliguri,Odisha,2024-06-05
C03573,Nathaniel Lal,Female,67,Amaravati,Tamil Nadu,2025-02-02
C03574,Wyatt Ramesh,Male,43,Phagwara,Punjab,2023-05-16
C03575,Owen Doctor,Male,52,Tiruchirappalli,Manipur,2023-05-29
C03576,Christopher Halder,Female,31,Kirari Suleman Nagar,Rajasthan,2025-06-26
C03577,Fariq Lala,Male,47,Bhubaneswar,Tripura,2022-08-20
C03578,Oscar Bajaj,Male,69,Ranchi,Sikkim,2023-01-20
C03579,Zinal Purohit,Female,39,Dhanbad,Arunachal Pradesh,2022-02-06
C03580,Ucchal Dugar,Female,23,Warangal,Madhya Pradesh,2025-05-24
C03581,Faraj Arora,Female,69,Ajmer,Telangana,2023-03-25
C03582,Charvi Raghavan,Female,25,Pudukkottai,Bihar,2022-03-18
C03583,Zaitra Shroff,Male,24,Sagar,Telangana,2021-10-18
C03584,Lopa Koshy,Male,45,Ludhiana,Kerala,2025-12-09
C03585,Ekalinga Devi,Male,21,Ghaziabad,Uttarakhand,2023-06-03
C03586,Yahvi Bala,Female,50,Varanasi,Rajasthan,2025-02-05
C03587,George Pingle,Female,41,Gwalior,Bihar,2022-09-29
C03588,Yutika Acharya,Male,39,Raurkela Industrial Township,Gujarat,2021-07-28
C03589,Avi Sheth,Male,32,Nagpur,Sikkim,2023-09-29
C03590,Sanaya Viswanathan,Female,59,Mumbai,Tamil Nadu,2025-05-04
C03591,Avi Swaminathan,Male,64,Medininagar,Telangana,2021-12-12
C03592,Jason Shere,Male,53,Nagpur,Nagaland,2022-04-15
C03593,Anmol Bajwa,Male,49,Rajahmundry,Karnataka,2025-11-04
C03594,Yagnesh Sundaram,Female,68,Belgaum,West Bengal,2024-09-18
C03595,Chanakya Sant,Male,38,Ongole,Uttarakhand,2023-12-05
C03596,Rajeshri Sule,Female,47,Bathinda,Arunachal Pradesh,2022-08-01
C03597,Adweta Goel,Male,30,Cuttack,Andhra Pradesh,2021-10-23
C03598,Agastya Sarna,Female,44,Chittoor,West Bengal,2024-05-17
C03599,Pahal Karan,Male,18,Bhiwani,Himachal Pradesh,2026-03-04
C03600,Lakshmi Deo,Female,34,Ujjain,Jharkhand,2023-03-17
C03601,Jyoti Gour,Male,27,Mathura,Gujarat,2021-10-28
C03602,Vincent Chaudry,Male,20,Hyderabad,Andhra Pradesh,2023-05-19
C03603,Krish Sarraf,Female,43,Agra,Meghalaya,2026-05-19
C03604,Tamanna Balasubramanian,Female,28,Bellary,Chhattisgarh,2023-07-03
C03605,Pratyush Gola,Male,35,Chandrapur,Nagaland,2024-10-12
C03606,Vamakshi Gour,Male,50,Tumkur,Telangana,2025-02-17
C03607,Inaya Dave,Female,19,Tiruppur,Uttar Pradesh,2025-09-15
C03608,Aradhana Chhabra,Female,20,Hospet,Madhya Pradesh,2023-03-16
C03609,Hritik Chaudhary,Male,55,Hubli–Dharwad,Bihar,2024-06-15
C03610,Aadhya Soman,Male,25,Tirunelveli,Punjab,2022-11-14
C03611,Saksham Khatri,Male,57,Dewas,Andhra Pradesh,2026-01-06
C03612,Harish Samra,Male,47,Ulhasnagar,Punjab,2025-04-05
C03613,Anirudh Parmer,Female,54,Agra,Bihar,2022-05-31
C03614,Aarnav Balay,Male,48,Kollam,Arunachal Pradesh,2022-02-01
C03615,Bishakha Handa,Male,59,Agra,Telangana,2024-12-24
C03616,Aishani Malhotra,Male,62,Satna,Madhya Pradesh,2023-04-06
C03617,Lopa Srinivasan,Male,46,Jalandhar,Jharkhand,2024-04-19
C03618,Lakshmi Choudhry,Female,62,Panvel,Andhra Pradesh,2026-03-23
C03619,Hemangini Dixit,Female,67,Belgaum,Andhra Pradesh,2026-03-16
C03620,Chaaya Mukherjee,Male,62,Tinsukia,Andhra Pradesh,2025-05-31
C03621,Eshana Handa,Male,22,Sambhal,Bihar,2024-01-28
C03622,Ekansh Khosla,Male,27,Bidhannagar,Gujarat,2025-12-30
C03623,Warjas Mangal,Female,45,Purnia,Jharkhand,2024-03-31
C03624,Darika Taneja,Male,48,Karawal Nagar,West Bengal,2024-10-12
C03625,Leena Jaggi,Female,25,Jalgaon,Bihar,2023-05-02
C03626,Kamya Doctor,Female,63,Bidar,Maharashtra,2022-03-26
C03627,Balhaar Gara,Male,69,Jamshedpur,Jharkhand,2022-01-04
C03628,Elijah Kadakia,Female,30,Indore,Bihar,2021-09-18
C03629,Janaki Pillai,Male,26,Jalandhar,Punjab,2021-11-11
C03630,Harini Shukla,Female,49,Jaipur,Haryana,2024-05-07
C03631,Vyanjana Sundaram,Female,26,Ambala,Nagaland,2026-04-29
C03632,Bhavika Kashyap,Male,57,Phusro,Goa,2025-10-26
C03633,Jasmit Pal,Female,31,Vijayanagaram,Jharkhand,2023-05-29
C03634,Shivansh Dugal,Female,32,Kirari Suleman Nagar,West Bengal,2025-08-22
C03635,Bhavika Cheema,Female,40,Coimbatore,Meghalaya,2022-03-19
C03636,Samar Arora,Female,31,Chittoor,Goa,2021-12-19
C03637,Jagat Borde,Male,25,Raichur,Tripura,2023-04-19
C03638,Charita Devan,Male,62,Pallavaram,Assam,2025-09-15
C03639,Dhruv Bhandari,Female,65,Mathura,Nagaland,2026-05-19
C03640,Vanya Ratti,Male,35,Mangalore,West Bengal,2023-05-25
C03641,Yatan Bedi,Female,36,Baranagar,Mizoram,2021-09-18
C03642,Yug Bhardwaj,Female,34,Dehri,Karnataka,2024-08-08
C03643,Upma Ram,Male,62,Jaunpur,Goa,2025-05-31
C03644,Meera Chhabra,Female,51,Vijayanagaram,Gujarat,2022-06-19
C03645,Lucky Kurian,Male,46,Mau,Punjab,2025-05-08
C03646,Zayyan Chander,Male,57,Indore,Bihar,2026-02-06
C03647,Aachal Mohanty,Female,47,Rampur,Tripura,2021-08-19
C03648,Harshil Khare,Male,37,Sambhal,Sikkim,2023-09-02
C03649,Fiyaz Sekhon,Male,66,Giridih,Madhya Pradesh,2022-01-25
C03650,Vedhika Tella,Female,65,Dharmavaram,West Bengal,2022-02-20
C03651,Ikshita Kurian,Female,29,Tadipatri,Goa,2025-03-21
C03652,Ojasvi Doctor,Female,48,Sirsa,Chhattisgarh,2026-07-01
C03653,Ekapad Shroff,Male,58,Ramgarh,Karnataka,2026-01-21
C03654,Abha Karpe,Male,46,Machilipatnam,Sikkim,2022-07-29
C03655,Parth Malhotra,Female,35,Srikakulam,Chhattisgarh,2025-10-17
C03656,Jalsa Wali,Male,52,Darbhanga,Karnataka,2025-02-27
C03657,Hardik Guha,Male,41,Hindupur,West Bengal,2026-03-07
C03658,Jeremiah Kant,Female,53,Pallavaram,Maharashtra,2024-05-16
C03659,Laban Das,Female,49,Vellore,Meghalaya,2021-07-25
C03660,Yashodhara Zachariah,Female,40,Narasaraopet,Manipur,2023-06-04
C03661,Darpan Parsa,Female,55,Bareilly,Karnataka,2024-08-09
C03662,Nidra Mohan,Male,23,Udupi,Sikkim,2025-09-02
C03663,Geetika Dani,Male,41,Surat,Maharashtra,2025-06-18
C03664,Krisha Iyer,Male,32,Malegaon,Tripura,2024-04-05
C03665,Indali Mital,Male,48,Bangalore,Nagaland,2025-07-03
C03666,Fariq Kothari,Female,43,Narasaraopet,Nagaland,2022-02-28
C03667,Jeremiah Sankar,Female,41,Karimnagar,Karnataka,2021-08-23
C03668,Andrew Gade,Male,69,Patiala,Chhattisgarh,2025-08-29
C03669,Yamini Barad,Male,37,Tirupati,Goa,2022-01-12
C03670,Darika Ahluwalia,Male,57,Proddatur,Goa,2022-10-11
C03671,Anay Kara,Female,60,Warangal,Assam,2024-11-26
C03672,Daksh Master,Female,49,Tadepalligudem,Telangana,2023-11-27
C03673,Daksha Chand,Female,65,Begusarai,Assam,2024-09-27
C03674,Aadhya Rau,Female,34,Jalandhar,Arunachal Pradesh,2025-11-26
C03675,Wridesh De,Male,34,Raipur,Tamil Nadu,2022-07-07
C03676,Agastya Goel,Female,35,Delhi,Uttar Pradesh,2022-01-14
C03677,Sneha Sama,Male,63,Agartala,Bihar,2023-03-29
C03678,Ansh Seshadri,Female,34,Mehsana,Andhra Pradesh,2023-01-11
C03679,Rajata Shroff,Male,44,Aurangabad,Chhattisgarh,2024-07-27
C03680,Gautami Bumb,Male,27,Tiruppur,Karnataka,2022-11-23
C03681,Pallavi Gopal,Female,58,Durgapur,Madhya Pradesh,2026-02-26
C03682,Falak Salvi,Female,56,Hospet,Haryana,2022-03-11
C03683,Sara Sane,Female,68,Sirsa,Uttarakhand,2026-04-11
C03684,Anvi Ganesan,Male,52,Surendranagar Dudhrej,Tripura,2023-02-06
C03685,Lavanya Behl,Female,21,Ahmedabad,Haryana,2022-08-18
C03686,Ekavir Sankaran,Female,61,Kamarhati,Manipur,2025-05-02
C03687,Ayushman Sarna,Male,27,Ambarnath,Madhya Pradesh,2024-01-16
C03688,Reyansh Zachariah,Female,68,Nizamabad,Himachal Pradesh,2023-09-06
C03689,Tripti Sem,Female,47,Meerut,Mizoram,2022-04-07
C03690,Ekiya Palla,Male,30,Durgapur,Uttar Pradesh,2023-03-05
C03691,Shravya Yogi,Male,35,Pali,Himachal Pradesh,2024-01-07
C03692,Hardik Palan,Male,37,Saharanpur,Andhra Pradesh,2024-11-28
C03693,Advay Jaggi,Male,65,Chandigarh,Arunachal Pradesh,2022-05-24
C03694,Benjamin Karnik,Male,36,Kollam,Bihar,2024-03-23
C03695,Eshana De,Male,36,Tirunelveli,Himachal Pradesh,2024-02-20
C03696,Samar Narayanan,Female,39,Dhule,Rajasthan,2024-01-12
C03697,Priya Sur,Female,41,Adoni,Mizoram,2024-05-11
C03698,Upasna Chahal,Male,69,Dehradun,Punjab,2026-06-30
C03699,Ishani Walia,Male,39,Pudukkottai,Rajasthan,2023-12-29
C03700,Zehaan Ahluwalia,Male,69,Gaya,Tamil Nadu,2024-10-05
C03701,Nakul Chad,Male,28,Indore,Tripura,2022-08-06
C03702,Lohit Ahuja,Male,62,Panipat,Uttar Pradesh,2026-05-07
C03703,Lucky Som,Female,49,Durg,Himachal Pradesh,2024-06-09
C03704,Jai Tak,Female,45,Ramagundam,Karnataka,2024-01-20
C03705,Christopher Murthy,Male,35,Mira-Bhayandar,Karnataka,2021-10-30
C03706,Dayita Tata,Female,64,Tezpur,Odisha,2024-03-11
C03707,Ria Dave,Female,51,Bhavnagar,Goa,2023-11-09
C03708,Adweta Subramaniam,Male,44,Jalandhar,Uttarakhand,2021-08-04
C03709,Aahana Chaudhari,Female,65,Proddatur,Chhattisgarh,2025-11-28
C03710,Hemangini Sagar,Male,24,Bidar,Bihar,2024-11-06
C03711,Shravya Prasad,Male,56,Ongole,Meghalaya,2023-09-05
C03712,Reva Kuruvilla,Male,19,Davanagere,Uttar Pradesh,2023-11-17
C03713,Hemani Ghosh,Female,18,Khammam,Mizoram,2022-07-05
C03714,Vritti Basu,Female,45,Bathinda,West Bengal,2021-11-07
C03715,Mitesh Parsa,Female,42,Bihar Sharif,Haryana,2022-02-01
C03716,Maanav Jani,Male,66,Saharsa,Tamil Nadu,2022-11-30
C03717,Dalaja Karnik,Male,58,Hospet,Telangana,2026-04-30
C03718,Avni Dave,Female,41,Madanapalle,Madhya Pradesh,2023-10-15
C03719,Ekiya Pal,Female,58,Meerut,Meghalaya,2023-12-18
C03720,Samesh Raj,Female,56,Kolhapur,Manipur,2024-06-25
C03721,Bakhshi Deshmukh,Male,55,Nagercoil,Meghalaya,2025-05-27
C03722,Rushil Oak,Male,24,Hubli–Dharwad,Tamil Nadu,2024-05-13
C03723,Timothy Sahni,Female,57,Sambalpur,Uttar Pradesh,2025-02-13
C03724,Zansi Sagar,Female,60,Belgaum,Uttarakhand,2026-03-28
C03725,Lopa Keer,Female,57,Panipat,Sikkim,2022-08-28
C03726,Banjeet Mandal,Female,23,Nizamabad,Arunachal Pradesh,2024-10-03
C03727,Aayush Shankar,Female,43,Srikakulam,Maharashtra,2025-01-30
C03728,Udyati Mutti,Male,54,Siwan,Chhattisgarh,2025-05-30
C03729,Zaid Ghosh,Male,65,Pondicherry,Mizoram,2023-03-10
C03730,Ishaan Sekhon,Female,32,Panihati,Karnataka,2025-09-03
C03731,Unni Raj,Male,46,Kakinada,Karnataka,2025-04-26
C03732,Ranveer Soman,Female,58,Ozhukarai,Maharashtra,2026-04-24
C03733,Bhavika Gupta,Female,69,Phagwara,Goa,2022-07-31
C03734,Jagvi Krishna,Female,54,Sultan Pur Majra,Meghalaya,2026-02-01
C03735,Shravya Kanda,Female,30,Imphal,Himachal Pradesh,2023-06-28
C03736,Jason Kapur,Female,45,Avadi,Karnataka,2025-11-25
C03737,Bhavika Rege,Female,21,Amravati,Assam,2024-09-04
C03738,Theodore Nagi,Male,63,Bhimavaram,Jharkhand,2024-02-08
C03739,Odika Patel,Female,46,Bharatpur,Kerala,2026-04-29
C03740,Harshil Nagi,Male,63,Chandigarh,Arunachal Pradesh,2022-09-12
C03741,Anita Yohannan,Female,54,Kulti,Manipur,2024-02-07
C03742,Advay Bumb,Female,18,Nanded,Jharkhand,2023-07-12
C03743,Harish Vig,Male,22,Katihar,Uttarakhand,2023-05-15
C03744,Ranbir Kannan,Male,67,Aurangabad,Chhattisgarh,2024-11-23
C03745,Lopa Dhar,Male,21,Arrah,Madhya Pradesh,2024-06-22
C03746,Harita Rau,Female,35,Aizawl,Uttar Pradesh,2023-05-24
C03747,Karan Narain,Female,58,Malda,Andhra Pradesh,2023-10-08
C03748,Ansh Nazareth,Male,69,Junagadh,Arunachal Pradesh,2025-10-22
C03749,Aarush Sinha,Male,34,Dharmavaram,West Bengal,2022-09-29
C03750,Devansh Buch,Male,69,Jalna,Tamil Nadu,2023-10-12
C03751,Madhav Mammen,Female,32,Kulti,Mizoram,2026-06-11
C03752,Zehaan Chad,Male,18,Hajipur,Jharkhand,2021-11-02
C03753,Harsh Oommen,Male,59,New Delhi,Tamil Nadu,2023-10-01
C03754,Forum Suresh,Male,58,Udaipur,Karnataka,2024-08-21
C03755,Ati Narang,Female,40,Avadi,Haryana,2022-01-06
C03756,Wahab Oak,Female,21,Tirunelveli,Jharkhand,2026-06-14
C03757,Shaurya Borah,Male,48,Sambalpur,Tripura,2023-01-16
C03758,Omya Krishnamurthy,Male,53,Ujjain,Arunachal Pradesh,2021-12-13
C03759,Saumya Prashad,Male,53,Tadepalligudem,Gujarat,2023-09-26
C03760,Ladli Cherian,Female,61,Ghaziabad,Gujarat,2021-12-30
C03761,Samesh Choudhry,Female,61,Barasat,Gujarat,2025-12-07
C03762,Kabir Agarwal,Female,43,Meerut,Himachal Pradesh,2022-05-20
C03763,Qarin Singh,Male,60,Jamshedpur,Goa,2022-11-21
C03764,Tara Bhandari,Male,25,Muzaffarpur,Bihar,2023-05-25
C03765,Henry Chawla,Male,62,Sonipat,Uttarakhand,2025-10-26
C03766,Vasana Kannan,Female,47,Karimnagar,Gujarat,2025-04-19
C03767,Jyoti Manda,Male,31,Mahbubnagar,Haryana,2022-11-23
C03768,Pratyush Sheth,Male,60,Faridabad,Tamil Nadu,2026-06-14
C03769,Meghana Pandya,Male,21,Surat,Goa,2024-07-18
C03770,Hitesh Dalal,Male,28,Baranagar,Mizoram,2023-03-04
C03771,Nakul Kibe,Male,26,Nadiad,Tamil Nadu,2023-12-30
C03772,Baljiwan Borah,Male,57,Naihati,Bihar,2021-12-11
C03773,Adya Deshpande,Male,48,Raiganj,Punjab,2024-06-26
C03774,Nakul Chana,Male,19,Aurangabad,Tamil Nadu,2023-03-13
C03775,Vasatika Wable,Female,36,Jhansi,Arunachal Pradesh,2022-07-22
C03776,Janani Virk,Male,60,North Dumdum,Arunachal Pradesh,2025-10-27
C03777,Kalpit Pillai,Female,65,Aizawl,Bihar,2025-08-30
C03778,Gavin Sen,Male,52,Hyderabad,Meghalaya,2023-07-09
C03779,Triveni Nori,Male,58,Vijayanagaram,Arunachal Pradesh,2022-03-10
C03780,Adweta Varty,Male,20,Shahjahanpur,Arunachal Pradesh,2022-08-02
C03781,Qarin Kakar,Female,55,Mathura,Himachal Pradesh,2022-09-10
C03782,Ekiya Minhas,Female,28,Karimnagar,Sikkim,2022-09-25
C03783,Anirudh Choudhary,Female,20,Katihar,Rajasthan,2023-10-15
C03784,Rachit Nayar,Female,65,Kalyan-Dombivli,Tamil Nadu,2023-08-31
C03785,Daniel Bhat,Female,47,Malda,Meghalaya,2025-09-23
C03786,Amara Kurian,Female,32,Solapur,Himachal Pradesh,2022-09-29
C03787,Jagvi Sarkar,Male,31,Bathinda,Rajasthan,2022-10-02
C03788,Tanish Buch,Male,49,Bulandshahr,Maharashtra,2025-12-28
C03789,Gautami Kant,Female,69,Ulhasnagar,Tripura,2022-08-14
C03790,Aarna Mahajan,Female,68,Bally,Jharkhand,2023-03-01
C03791,Wridesh Doshi,Male,18,Davanagere,Rajasthan,2023-03-06
C03792,Viraj Kunda,Female,48,Kozhikode,Madhya Pradesh,2025-08-23
C03793,Ronith Thakkar,Male,35,Jamshedpur,Sikkim,2025-07-01
C03794,Vrinda Goswami,Female,62,Silchar,Karnataka,2023-01-26
C03795,Robert Vohra,Female,55,Arrah,Tamil Nadu,2025-04-03
C03796,Harrison Kade,Male,47,Ongole,Nagaland,2023-11-25
C03797,Aishani Johal,Male,32,Madurai,Kerala,2022-01-16
C03798,Riya Johal,Female,56,Etawah,Punjab,2024-11-07
C03799,Brinda Brahmbhatt,Male,62,Ajmer,Uttar Pradesh,2021-08-01
C03800,Ojasvi Bandi,Male,69,Siliguri,West Bengal,2024-07-29
C03801,Om Agarwal,Female,41,Ahmednagar,Mizoram,2023-08-22
C03802,Mahika Suresh,Male,32,Jaunpur,Chhattisgarh,2025-12-25
C03803,Thomas Purohit,Female,19,Thiruvananthapuram,Andhra Pradesh,2022-08-01
C03804,Maanas Sahni,Male,47,Anantapur,Meghalaya,2023-08-11
C03805,Chakradhar Manne,Female,27,Bhilai,Karnataka,2025-06-08
C03806,Adya Sanghvi,Female,55,Purnia,Tamil Nadu,2026-05-28
C03807,Bhavani Goel,Female,65,Aurangabad,Uttar Pradesh,2023-08-24
C03808,Kalpit Pandya,Male,45,Maheshtala,Odisha,2022-12-07
C03809,Sanaya Pal,Male,52,Sultan Pur Majra,Nagaland,2022-03-25
C03810,Lucky Sundaram,Female,42,Vadodara,West Bengal,2022-08-22
C03811,Rushil Jain,Female,45,Bahraich,Odisha,2024-09-16
C03812,Ikshita Oak,Female,63,Faridabad,Punjab,2026-04-02
C03813,Samaksh Bhalla,Female,41,Shimoga,Goa,2022-08-16
C03814,Anvi Nadig,Female,47,Agartala,Manipur,2024-02-08
C03815,Girindra Thakur,Male,50,Parbhani,Rajasthan,2022-03-16
C03816,Andrew Bhatti,Female,27,Bhind,Himachal Pradesh,2026-06-08
C03817,Divya Vala,Male,49,Hindupur,Uttar Pradesh,2022-10-16
C03818,Triya Hans,Female,18,Ratlam,Sikkim,2025-09-28
C03819,Daksh Narang,Male,53,Gurgaon,Punjab,2023-02-09
C03820,Maanas Srinivas,Male,51,Jamnagar,Tamil Nadu,2024-02-10
C03821,Aarav Srinivas,Female,33,Delhi,Telangana,2024-04-18
C03822,Patrick Hayer,Male,65,Karaikudi,Telangana,2025-02-18
C03823,Gauri Shenoy,Male,44,Raipur,Gujarat,2023-11-28
C03824,Zayyan Varughese,Male,47,Faridabad,Manipur,2026-02-11
C03825,Guneet Loyal,Male,33,Saharanpur,Rajasthan,2023-03-04
C03826,Bhavika Mannan,Female,32,Madhyamgram,Manipur,2022-08-21
C03827,Gautami Sinha,Female,28,Dibrugarh,Telangana,2025-05-08
C03828,Eiravati Bahri,Female,39,Ghaziabad,Andhra Pradesh,2025-09-04
C03829,Tanay Banerjee,Female,28,Vadodara,Uttar Pradesh,2024-11-16
C03830,Ekapad Pathak,Female,61,Kumbakonam,Andhra Pradesh,2025-07-01
C03831,Vasudha Gulati,Male,26,Tezpur,Assam,2024-10-22
C03832,Sudiksha Rajagopalan,Male,50,Agra,Haryana,2023-12-25
C03833,Samar Thaker,Female,23,Chennai,Punjab,2023-07-16
C03834,Amruta Goswami,Male,65,Bhiwani,Kerala,2023-01-09
C03835,Rudra Mishra,Male,26,Amroha,Rajasthan,2025-01-03
C03836,Raghav Baral,Female,61,Muzaffarnagar,Madhya Pradesh,2026-01-10
C03837,Sudiksha Issac,Female,53,Jodhpur,Madhya Pradesh,2023-12-07
C03838,Waida Nadkarni,Male,25,Purnia,Goa,2025-01-22
C03839,Sarthak Raju,Male,34,Vellore,Goa,2025-09-06
C03840,Yatin Hegde,Female,32,Anantapur,Gujarat,2023-10-29
C03841,Azad Kashyap,Female,26,Raichur,Uttarakhand,2023-09-02
C03842,Chaaya Biswas,Female,30,Bettiah,Punjab,2025-04-03
C03843,Chakrika Borah,Male,52,Gandhidham,Tripura,2026-01-20
C03844,Abdul Ram,Male,19,Bahraich,Andhra Pradesh,2022-06-26
C03845,Veda Babu,Male,49,Kadapa,Uttarakhand,2022-01-12
C03846,Bhavna Trivedi,Male,30,Motihari,Madhya Pradesh,2024-03-06
C03847,Robert Minhas,Female,67,Sambhal,Manipur,2025-08-08
C03848,Chakradev Chaudhuri,Female,22,Shahjahanpur,Manipur,2025-05-20
C03849,Gopal Varkey,Male,47,Jamshedpur,Nagaland,2021-12-10
C03850,Frederick Murty,Male,27,Machilipatnam,Himachal Pradesh,2022-10-02
C03851,Irya Rajan,Female,54,Rourkela,Uttar Pradesh,2023-05-01
C03852,Ryan Bobal,Female,39,Berhampore,Uttar Pradesh,2026-04-22
C03853,Ojasvi Hayer,Female,26,Farrukhabad,Manipur,2023-10-28
C03854,Forum Sethi,Male,41,Lucknow,Jharkhand,2024-03-31
C03855,Ojas Khanna,Female,58,Bhavnagar,Uttar Pradesh,2022-05-15
C03856,Gaurika Raj,Male,52,Bhimavaram,Madhya Pradesh,2025-01-18
C03857,Bakhshi Mani,Female,20,Sikar,Sikkim,2022-10-17
C03858,Widisha Rau,Male,28,Nashik,Punjab,2025-07-23
C03859,Baghyawati Kala,Male,18,Kavali,Tamil Nadu,2022-12-15
C03860,Ryan Luthra,Female,26,Barasat,Goa,2022-04-24
C03861,Rohan Narain,Female,38,Kozhikode,Jharkhand,2022-03-15
C03862,Samaksh Koshy,Female,69,Nellore,Tamil Nadu,2026-07-24
C03863,Mekhala Soni,Female,69,Bhatpara,Maharashtra,2022-10-20
C03864,Zinal Deep,Female,42,Eluru,Tripura,2022-09-28
C03865,Falan Sha,Male,46,Mira-Bhayandar,Goa,2024-06-02
C03866,Kashish Swamy,Female,61,Akola,Tamil Nadu,2022-05-20
C03867,Bhavika Manda,Female,27,Korba,Maharashtra,2024-08-06
C03868,Yutika Mangal,Female,70,Raichur,Bihar,2023-11-11
C03869,Faris Sekhon,Female,42,Tinsukia,Sikkim,2025-10-12
C03870,Ranbir Kalita,Female,34,Muzaffarnagar,Maharashtra,2024-05-11
C03871,Zaid Buch,Female,24,Gangtok,Punjab,2023-12-24
C03872,Chakradev Joshi,Female,41,Siwan,Telangana,2022-08-11
C03873,Mohammed Taneja,Male,62,Mahbubnagar,Rajasthan,2022-11-26
C03874,Yashodhara Bava,Female,28,Raurkela Industrial Township,Chhattisgarh,2023-07-15
C03875,Jalsa Guha,Female,65,Belgaum,Kerala,2025-08-14
C03876,Sarthak Sawhney,Female,26,Bhiwandi,Gujarat,2026-02-28
C03877,Siddharth Varty,Female,58,Hajipur,Tripura,2024-07-28
C03878,Anthony Yogi,Male,37,Siliguri,Himachal Pradesh,2023-02-24
C03879,Quincy Chawla,Male,33,Siwan,Gujarat,2025-04-25
C03880,Oliver Kadakia,Female,41,Morena,Assam,2022-01-03
C03881,Vedant Choudhry,Male,46,Hospet,Chhattisgarh,2024-07-23
C03882,Ladli Bhatt,Male,68,Parbhani,Chhattisgarh,2021-08-21
C03883,Advay Divan,Female,26,Ambattur,Uttar Pradesh,2022-05-10
C03884,Chatresh Khatri,Female,18,Chittoor,Haryana,2024-12-03
C03885,Hamsini Deo,Male,45,Patna,Punjab,2024-11-21
C03886,Suhani Verma,Male,32,Varanasi,Telangana,2023-04-22
C03887,Bhavna Sem,Female,50,Noida,Uttarakhand,2024-03-17
C03888,Kevin Mand,Male,51,Raurkela Industrial Township,Odisha,2024-10-08
C03889,Christopher Rattan,Male,58,Nadiad,Haryana,2023-11-13
C03890,Indrajit Naik,Female,31,Tiruppur,Sikkim,2022-01-03
C03891,Tejas Hayer,Female,30,Ramagundam,Jharkhand,2025-05-03
C03892,Oscar Ratti,Female,36,Karimnagar,Manipur,2026-04-10
C03893,Eiravati Ratti,Male,20,Nanded,Chhattisgarh,2023-12-14
C03894,Yashodhara Thakkar,Female,19,New Delhi,Telangana,2024-03-10
C03895,Yochana Natt,Female,61,Naihati,Rajasthan,2025-11-03
C03896,Neelima Dugar,Female,62,Panihati,Manipur,2024-04-15
C03897,Wridesh Dass,Male,25,Danapur,Gujarat,2023-05-27
C03898,Ekanta Pillay,Male,67,Deoghar,Haryana,2024-12-27
C03899,Isaac Hayre,Male,26,Parbhani,Jharkhand,2025-09-01
C03900,Saumya Narayanan,Male,57,Medininagar,Tamil Nadu,2023-02-17
C03901,Zayan Jhaveri,Male,41,Srikakulam,Rajasthan,2025-09-30
C03902,Ekantika Dar,Male,38,Baranagar,Bihar,2023-05-01
C03903,Meera Bhargava,Male,58,Kochi,Manipur,2023-11-08
C03904,Kamala Sathe,Female,68,Rajahmundry,Bihar,2025-04-12
C03905,Gopal Mutti,Female,25,Kalyan-Dombivli,Uttarakhand,2021-10-05
C03906,Anmol Baria,Male,18,Morena,Maharashtra,2026-04-09
C03907,Lakshmi Bhasin,Female,60,Madurai,Mizoram,2025-06-04
C03908,Riya Kapoor,Male,19,Bathinda,Punjab,2023-03-22
C03909,Harinakshi Parmer,Female,54,Etawah,Odisha,2022-11-12
C03910,Chandani Sura,Female,18,Bally,Assam,2022-04-27
C03911,Aachal Sachar,Female,70,Etawah,Punjab,2023-09-09
C03912,Ekanta Kara,Female,29,Amritsar,Uttarakhand,2024-12-04
C03913,Nihal Mallick,Male,52,Karaikudi,West Bengal,2023-02-15
C03914,Xiti Halder,Female,51,Tiruchirappalli,Karnataka,2023-12-15
C03915,Yauvani Bhavsar,Male,49,Kulti,Madhya Pradesh,2025-05-23
C03916,Jyoti Prabhu,Male,50,Deoghar,Madhya Pradesh,2023-12-20
C03917,Max Kari,Male,33,Thoothukudi,Meghalaya,2024-03-07
C03918,Sudiksha Wason,Female,24,Bijapur,Bihar,2024-12-05
C03919,Qabil Dass,Female,50,Alappuzha,Himachal Pradesh,2022-01-12
C03920,Warjas Narasimhan,Female,60,Amroha,Odisha,2022-09-15
C03921,Yashoda Lall,Female,29,Kottayam,Haryana,2022-02-24
C03922,Keya Raja,Female,25,Faridabad,Tripura,2022-12-26
C03923,Ira Wason,Female,42,Mango,Uttar Pradesh,2022-07-15
C03924,Kabir Trivedi,Female,47,Nagercoil,Sikkim,2023-08-31
C03925,Jagdish Korpal,Male,56,Barasat,West Bengal,2026-02-03
C03926,Zarna Khatri,Male,49,Berhampore,Andhra Pradesh,2022-12-28
C03927,Anika Brahmbhatt,Female,18,Tiruppur,Maharashtra,2023-11-24
C03928,Yashasvi Patel,Male,59,Motihari,Rajasthan,2025-08-01
C03929,Tamanna Taneja,Female,45,Faridabad,Sikkim,2025-11-10
C03930,Samuel Sachdev,Female,46,Erode,Goa,2021-12-24
C03931,Jonathan Madan,Female,31,Gorakhpur,Gujarat,2022-05-07
C03932,Indali Sundaram,Male,52,Latur,Telangana,2023-05-30
C03933,Aadhya Karpe,Male,56,Kavali,Haryana,2024-04-08
C03934,Krishna Pandit,Female,26,Bikaner,Odisha,2025-01-06
C03935,Yash Varty,Male,28,Etawah,Rajasthan,2022-08-21
C03936,Neel Chand,Male,65,Ranchi,Andhra Pradesh,2022-03-19
C03937,Anya Varkey,Female,57,Berhampur,West Bengal,2021-12-11
C03938,Raghav Patel,Male,52,Gwalior,Andhra Pradesh,2025-12-07
C03939,Chandani Badal,Male,67,Agartala,Punjab,2026-01-20
C03940,Vanya Bansal,Male,57,Deoghar,Odisha,2026-01-04
C03941,Aarush Vig,Female,29,Nangloi Jat,Meghalaya,2026-02-26
C03942,Hemang Johal,Male,40,Sambhal,Jharkhand,2022-05-15
C03943,Irya Dora,Male,41,Katni,Jharkhand,2022-10-02
C03944,Watika Sharaf,Male,30,Dharmavaram,Kerala,2026-07-03
C03945,Pallavi Sandal,Male,30,Vijayanagaram,Haryana,2023-03-11
C03946,Yashvi Tripathi,Male,34,Shimla,Meghalaya,2023-09-04
C03947,Rajeshri Bawa,Female,20,Dehradun,Jharkhand,2022-03-21
C03948,Amara Kata,Female,20,Kulti,Haryana,2023-11-04
C03949,Chandran Halder,Female,66,Mangalore,Nagaland,2025-09-02
C03950,Vyanjana Brahmbhatt,Male,39,Ambattur,Manipur,2022-05-03
C03951,Daksh Varughese,Female,54,Dindigul,Rajasthan,2022-09-22
C03952,Dhriti Pall,Female,22,Munger,Himachal Pradesh,2021-12-06
C03953,Advaith Babu,Male,48,Dehri,Rajasthan,2024-05-02
C03954,Rudra Rau,Male,29,Noida,Maharashtra,2025-09-04
C03955,Vincent Butala,Female,21,Erode,Tripura,2025-01-05
C03956,Patrick Choudhry,Female,45,Raiganj,Punjab,2023-06-04
C03957,Daksh Khatri,Male,28,Ballia,Mizoram,2025-10-08
C03958,Ranveer Maharaj,Male,57,Miryalaguda,Haryana,2021-07-24
C03959,Siya Sodhi,Female,38,Bahraich,Karnataka,2025-03-03
C03960,Vedika Ghosh,Female,18,Jalgaon,Kerala,2022-12-06
C03961,Ranbir Sastry,Female,49,Navi Mumbai,West Bengal,2022-05-28
C03962,Jagvi Divan,Female,28,Shimoga,Telangana,2025-07-16
C03963,Madhavi Radhakrishnan,Female,24,Ranchi,Nagaland,2023-01-15
C03964,Nihal Chokshi,Female,47,Farrukhabad,Sikkim,2023-03-18
C03965,Wriddhish Ganguly,Female,55,Alwar,Sikkim,2023-08-25
C03966,Warjas Goswami,Male,64,Eluru,Haryana,2025-10-19
C03967,Hemani Thakur,Female,21,Coimbatore,Sikkim,2023-01-25
C03968,Jason Bali,Male,30,Tirupati,Rajasthan,2026-02-18
C03969,Yasti Gole,Male,67,Davanagere,Himachal Pradesh,2021-10-13
C03970,Kamala Gade,Male,32,Jehanabad,West Bengal,2022-08-27
C03971,Samarth Chaudhary,Male,65,Motihari,Gujarat,2022-06-17
C03972,Bhavya Lala,Male,37,Tiruppur,Jharkhand,2025-04-27
C03973,Dakshesh Chad,Male,57,Gandhinagar,Madhya Pradesh,2021-10-31
C03974,Vanya Hora,Male,57,Kalyan-Dombivli,Odisha,2021-11-09
C03975,Vamakshi Ganesh,Female,42,Guna,Sikkim,2025-05-29
C03976,Michael Thakur,Female,37,Pudukkottai,Himachal Pradesh,2025-05-11
C03977,Anay Prabhakar,Female,65,Rajpur Sonarpur,Mizoram,2023-01-11
C03978,Liam Das,Male,33,Phusro,Andhra Pradesh,2025-11-13
C03979,Tanay Balan,Male,33,Gaya,Assam,2025-07-27
C03980,Saanvi Bhagat,Female,45,Sultan Pur Majra,Meghalaya,2022-02-16
C03981,Aishani Raghavan,Female,64,Jorhat,Rajasthan,2022-03-22
C03982,Pushti Apte,Male,60,Silchar,Kerala,2026-03-15
C03983,Xiti Pingle,Female,36,Sri Ganganagar,Meghalaya,2025-07-08
C03984,Hema Bal,Female,59,Bhatpara,Uttar Pradesh,2023-10-08
C03985,Anya Kulkarni,Male,18,Ramgarh,Chhattisgarh,2026-01-10
C03986,Ekanta Borde,Male,31,Kanpur,Sikkim,2021-07-30
C03987,Anirudh Dass,Male,43,Kottayam,Andhra Pradesh,2025-01-13
C03988,Oni Karpe,Female,23,Sangli-Miraj & Kupwad,Chhattisgarh,2025-11-16
C03989,Amruta Yadav,Male,46,Tenali,Maharashtra,2023-01-08
C03990,Dalbir Bhat,Male,55,Khandwa,Mizoram,2021-10-04
C03991,Kai Bath,Male,35,Guntur,Tamil Nadu,2025-12-12
C03992,Aarini Sundaram,Female,51,Fatehpur,Telangana,2023-12-09
C03993,Nathan Chakrabarti,Female,36,Kamarhati,Goa,2023-12-12
C03994,Bhanumati Bedi,Female,49,Sultan Pur Majra,Haryana,2026-02-20
C03995,Omaja Pillai,Female,67,Patna,Madhya Pradesh,2024-07-15
C03996,Frederick Mane,Female,56,Sambalpur,West Bengal,2022-09-11
C03997,Harshil Patel,Male,62,Indore,Assam,2026-03-20
C03998,Harini Sankaran,Female,44,Raipur,Karnataka,2022-02-28
C03999,Darsh Raj,Male,53,Madurai,Goa,2023-08-27
C04000,Yoshita Shukla,Female,43,Kirari Suleman Nagar,Himachal Pradesh,2025-10-20
C04001,Arjun Arya,Male,49,Giridih,Goa,2025-01-03
C04002,Diya Bali,Female,24,Rourkela,Kerala,2025-09-07
C04003,Chaitanya Viswanathan,Male,59,Kanpur,Goa,2022-08-19
C04004,Zansi Hans,Female,24,Aurangabad,Bihar,2022-09-21
C04005,Sanya Sachdev,Male,21,Bhusawal,Chhattisgarh,2022-03-18
C04006,Matthew Manda,Male,44,Gopalpur,Himachal Pradesh,2023-03-04
C04007,Baghyawati Som,Male,47,Kakinada,Mizoram,2021-08-21
C04008,Laban Purohit,Male,26,Belgaum,West Bengal,2025-01-08
C04009,Ekapad Chauhan,Female,31,Singrauli,Telangana,2023-01-22
C04010,Udarsh Contractor,Male,60,South Dumdum,Andhra Pradesh,2026-03-28
C04011,Ria Bassi,Male,26,Baranagar,Chhattisgarh,2021-10-27
C04012,Varenya Manda,Female,58,Gandhinagar,Goa,2025-08-20
C04013,Owen Raghavan,Male,40,Tenali,Sikkim,2024-05-02
C04014,Bhavani Verma,Male,35,Sri Ganganagar,Uttar Pradesh,2023-12-16
C04015,Chaaya Dey,Male,28,Gopalpur,Mizoram,2023-11-25
C04016,Megha Rao,Female,59,Tezpur,Assam,2023-12-02
C04017,Jason Palla,Female,28,Jalgaon,Bihar,2026-01-29
C04018,Aryan Ramesh,Male,58,Udaipur,Nagaland,2023-09-30
C04019,Falguni Shan,Male,34,Katni,Punjab,2025-10-20
C04020,Tara Palla,Male,50,Bangalore,Rajasthan,2022-02-22
C04021,Aarini Panchal,Male,22,Dhule,Karnataka,2022-10-04
C04022,Ikshita Karnik,Female,22,Latur,Odisha,2024-05-26
C04023,Ekansh Pradhan,Male,36,Thoothukudi,Meghalaya,2025-12-03
C04024,Zayan Pau,Female,35,Ahmednagar,Haryana,2023-08-26
C04025,Falan Lata,Female,49,Kirari Suleman Nagar,Bihar,2025-05-02
C04026,Yachana Goswami,Female,50,Thoothukudi,Madhya Pradesh,2024-11-10
C04027,Anthony Nagy,Female,40,Vasai-Virar,Nagaland,2022-03-14
C04028,Samaksh Zacharia,Male,18,Muzaffarnagar,Jharkhand,2024-12-21
C04029,Tejas Deshpande,Female,55,Hindupur,Maharashtra,2022-02-25
C04030,Simon Ganesh,Male,40,Nagaon,Chhattisgarh,2022-01-12
C04031,Upma Deol,Female,35,Howrah,Himachal Pradesh,2025-04-21
C04032,Advika Patla,Female,24,Uluberia,Tamil Nadu,2023-09-06
C04033,Jairaj Nayar,Male,19,Gwalior,Uttarakhand,2024-06-16
C04034,Hritik Palla,Female,27,Morena,Uttarakhand,2022-01-21
C04035,Agastya Dani,Female,48,Medininagar,Madhya Pradesh,2024-07-04
C04036,Nakul Sankar,Male,26,Lucknow,Tamil Nadu,2025-04-21
C04037,Chandani Doctor,Male,61,Sri Ganganagar,Nagaland,2022-09-19
C04038,Chavvi Deshpande,Male,24,Hyderabad,Uttarakhand,2024-06-12
C04039,Radha Master,Female,40,Bhilwara,Goa,2022-06-06
C04040,Nidra Sachdev,Female,36,Suryapet,Bihar,2021-12-03
C04041,Ansh Doctor,Female,31,Junagadh,Gujarat,2025-06-06
C04042,Arin Amble,Male,30,Bellary,Andhra Pradesh,2024-12-13
C04043,Hiral Bora,Male,29,Belgaum,Uttar Pradesh,2021-08-27
C04044,Chandresh Khanna,Female,25,Bidhannagar,Gujarat,2024-01-13
C04045,Neel Pandey,Female,38,Surendranagar Dudhrej,Tamil Nadu,2023-11-14
C04046,Forum Mann,Female,58,Shivpuri,Odisha,2022-06-18
C04047,Bhavya Nayak,Female,25,Arrah,Uttar Pradesh,2026-06-17
C04048,Rachita Jaggi,Female,46,Motihari,Tripura,2026-06-25
C04049,Varenya Palla,Male,22,Hapur,Manipur,2021-11-13
C04050,Bishakha Bhatti,Female,18,Malegaon,Kerala,2024-10-09
C04051,Chameli Narasimhan,Female,69,Udupi,Punjab,2022-07-11
C04052,Utkarsh Morar,Male,36,Sagar,Gujarat,2024-04-29
C04053,Jonathan Chandran,Female,61,Buxar,Tamil Nadu,2025-09-09
C04054,Keya Menon,Female,21,Shahjahanpur,Mizoram,2026-06-18
C04055,Gayathri Sahota,Female,25,Berhampur,Gujarat,2025-04-04
C04056,Lavanya Narain,Female,63,Satna,Uttar Pradesh,2024-01-20
C04057,Inaya Om,Male,47,Rampur,Bihar,2025-11-04
C04058,Lekha Ray,Male,35,Vijayanagaram,Punjab,2022-11-26
C04059,Idika Sahota,Male,51,Tiruchirappalli,Himachal Pradesh,2026-06-13
C04060,Raksha Tailor,Female,54,Gorakhpur,Punjab,2023-07-02
C04061,Anvi Sheth,Female,55,Hosur,Assam,2025-11-24
C04062,Hemani Babu,Female,51,Rajpur Sonarpur,Sikkim,2025-11-18
C04063,Qushi Walia,Male,45,Guntakal,Tamil Nadu,2025-05-27
C04064,Neelima Desai,Male,18,Bellary,Meghalaya,2025-02-04
C04065,Libni Sachdeva,Male,24,Khandwa,Andhra Pradesh,2025-09-17
C04066,Agastya Apte,Female,51,Patiala,Jharkhand,2024-09-21
C04067,Ishaan Bala,Female,62,Durgapur,Karnataka,2025-03-20
C04068,Mohammed Shetty,Male,70,Dhanbad,Jharkhand,2023-05-14
C04069,Chandani Ganesh,Male,25,Kakinada,Bihar,2024-05-17
C04070,Manya Mohan,Female,68,Chittoor,Uttarakhand,2021-10-13
C04071,Hiral Thaker,Female,41,Raebareli,Uttarakhand,2022-01-23
C04072,Akshay Naik,Female,27,Coimbatore,Tamil Nadu,2025-05-28
C04073,Ronith Garde,Female,60,Shimla,Tripura,2025-08-25
C04074,Chandani Kaur,Female,62,Jammu,Nagaland,2021-10-26
C04075,Ansh Prabhu,Female,21,Morena,Himachal Pradesh,2026-04-05
C04076,Eesha Misra,Male,66,Suryapet,Uttar Pradesh,2024-02-05
C04077,Aahana Nair,Male,22,Vellore,Rajasthan,2026-03-29
C04078,Ikbal Radhakrishnan,Female,63,Satna,Himachal Pradesh,2026-02-05
C04079,Xavier Patla,Male,53,Narasaraopet,West Bengal,2025-03-24
C04080,Jacob Misra,Male,22,Jalandhar,Telangana,2023-10-09
C04081,Aishani Chowdhury,Male,38,Ahmednagar,Chhattisgarh,2024-06-22
C04082,Ekbal Nagi,Male,47,Ambattur,Odisha,2026-04-20
C04083,Yachana Uppal,Female,21,Nadiad,Tamil Nadu,2025-06-02
C04084,Zilmil Hegde,Male,61,Gandhinagar,Andhra Pradesh,2025-04-24
C04085,Victor Vig,Female,70,Tirupati,Haryana,2024-04-29
C04086,Anirudh Pillai,Male,44,Parbhani,Jharkhand,2024-04-12
C04087,Vanya Kulkarni,Female,66,Ulhasnagar,Telangana,2025-11-08
C04088,Alexander Bhatt,Male,49,Vijayawada,Madhya Pradesh,2026-05-17
C04089,Avi Chahal,Male,37,Burhanpur,Nagaland,2025-05-03
C04090,Indira Devi,Female,68,Baranagar,Goa,2022-09-14
C04091,Pavani Suresh,Female,29,Kalyan-Dombivli,Maharashtra,2025-07-26
C04092,Ira Shanker,Male,67,Kollam,Himachal Pradesh,2025-04-23
C04093,Ikbal Sinha,Female,23,Amroha,Bihar,2021-09-13
C04094,Andrew Sura,Male,27,Proddatur,Bihar,2022-10-05
C04095,Chasmum Venkatesh,Male,24,Bikaner,Odisha,2023-06-16
C04096,Anirudh Tak,Male,58,Tadepalligudem,Punjab,2025-07-11
C04097,Krishna Sur,Female,61,Davanagere,Madhya Pradesh,2024-10-05
C04098,Unnati Naik,Male,50,Haldia,Haryana,2023-01-04
C04099,Lila Oak,Female,64,Chandrapur,Punjab,2025-11-12
C04100,Matthew Rana,Female,51,Rampur,Jharkhand,2022-12-05
C04101,Falan Chaudhari,Female,53,Ozhukarai,West Bengal,2023-06-26
C04102,Arunima Seth,Male,58,Kumbakonam,Rajasthan,2022-01-04
C04103,Charles Tailor,Female,69,Bilaspur,Rajasthan,2022-12-24
C04104,Tanveer Sharma,Female,64,Hazaribagh,Jharkhand,2026-04-06
C04105,Samarth Batta,Male,19,Durgapur,Gujarat,2024-09-16
C04106,Bhavini Saxena,Male,40,Kavali,Tamil Nadu,2021-09-08
C04107,Charita Upadhyay,Female,36,Bhalswa Jahangir Pur,Punjab,2022-05-23
C04108,Kashish Dhar,Female,69,Yamunanagar,Tripura,2023-10-18
C04109,Dayita Ravel,Male,43,Thoothukudi,Rajasthan,2024-05-23
C04110,Anay Reddy,Female,25,Rajpur Sonarpur,Himachal Pradesh,2024-03-05
C04111,Nikita Bala,Male,20,Bhatpara,Karnataka,2024-12-26
C04112,Hema Sheth,Male,54,Narasaraopet,Himachal Pradesh,2021-11-05
C04113,Atharv Bansal,Female,56,Sirsa,Goa,2021-08-31
C04114,Jackson Loke,Female,67,South Dumdum,Odisha,2025-12-01
C04115,Dipta Suri,Male,46,Morbi,Nagaland,2023-05-30
C04116,Aarna Padmanabhan,Male,42,Thanjavur,Uttarakhand,2025-04-02
C04117,Qarin Mahal,Female,51,Guna,Uttar Pradesh,2021-08-25
C04118,Indira Mody,Female,27,Firozabad,Nagaland,2024-02-11
C04119,Robert Thaman,Female,19,Aligarh,Mizoram,2021-12-01
C04120,Waida Vora,Female,49,Maheshtala,Uttar Pradesh,2024-05-13
C04121,Neha Dhar,Female,60,Bokaro,Punjab,2025-05-02
C04122,Maya Bajwa,Male,53,Muzaffarnagar,Himachal Pradesh,2025-08-29
C04123,Aachal Dhillon,Female,64,Vellore,Karnataka,2024-02-19
C04124,Vasana Goel,Female,41,Hazaribagh,Assam,2024-02-19
C04125,Upasna Jha,Female,41,Gandhinagar,Goa,2023-06-30
C04126,Abeer Arora,Female,48,Raipur,Andhra Pradesh,2023-11-07
C04127,Anamika Venkatesh,Female,38,Chapra,Karnataka,2022-03-04
C04128,Aarini Hegde,Female,35,Junagadh,Bihar,2025-09-30
C04129,Hiral Tandon,Female,39,Erode,Nagaland,2026-02-02
C04130,Lopa Mani,Male,32,Ramgarh,Himachal Pradesh,2022-08-27
C04131,Amol Char,Male,49,Hajipur,Odisha,2023-06-08
C04132,Hitesh Kala,Male,46,Bhiwani,West Bengal,2022-09-09
C04133,Yashawini Dani,Male,50,Bhagalpur,Uttar Pradesh,2026-02-25
C04134,Damini Sant,Male,63,Nagercoil,Tamil Nadu,2022-07-14
C04135,Oliver Chaudhary,Female,66,Ahmednagar,Madhya Pradesh,2023-02-21
C04136,Teerth Bora,Female,31,Khammam,Bihar,2023-05-16
C04137,Ryan Mani,Female,22,Tenali,Tripura,2021-12-30
C04138,Amaira Gara,Female,42,Kharagpur,Kerala,2026-04-09
C04139,Anmol Luthra,Female,31,Mathura,Nagaland,2024-07-19
C04140,Rushil Ahuja,Female,20,Gaya,Assam,2026-03-04
C04141,Nidra Savant,Female,42,Bijapur,Assam,2024-02-18
C04142,Deepa Gole,Male,19,Siwan,Jharkhand,2022-02-16
C04143,Udarsh Dugar,Female,44,Khandwa,Himachal Pradesh,2025-02-13
C04144,Gaurang Bal,Male,63,Nellore,Karnataka,2024-11-11
C04145,Lajita Sawhney,Male,54,Kota,Madhya Pradesh,2025-10-13
C04146,Vritti Bains,Male,67,Tinsukia,West Bengal,2024-03-27
C04147,Chandresh Mandal,Male,41,Bongaigaon,Punjab,2021-11-20
C04148,Anamika Iyengar,Female,69,Mahbubnagar,Punjab,2023-10-20
C04149,Ria Sant,Female,28,Kochi,Uttarakhand,2024-08-05
C04150,Janya Devan,Male,28,Hyderabad,Mizoram,2023-05-21
C04151,Aashi Luthra,Female,62,Kamarhati,West Bengal,2023-04-15
C04152,Rehaan Mani,Male,67,Panihati,Punjab,2021-10-01
C04153,Aadhya Korpal,Male,37,Kulti,Bihar,2025-04-10
C04154,Shivansh Sodhi,Female,68,Anantapuram,West Bengal,2025-04-22
C04155,Banjeet Dara,Male,21,Nagpur,Tripura,2025-03-21
C04156,Chatresh Sarraf,Female,42,Vellore,Chhattisgarh,2023-09-27
C04157,Inaya Prabhu,Female,18,Shimla,Uttarakhand,2024-10-24
C04158,Orinder Palla,Female,54,Mahbubnagar,Tripura,2022-01-25
C04159,Reva Mukherjee,Female,70,Panipat,West Bengal,2025-03-05
C04160,Farhan Kota,Female,62,Secunderabad,Tripura,2023-08-19
C04161,Pratyush Bali,Female,39,Bhagalpur,Uttar Pradesh,2026-01-11
C04162,Vyanjana Manda,Female,24,Panihati,Chhattisgarh,2022-02-19
C04163,Jagrati Oak,Female,22,Panipat,Goa,2024-03-03
C04164,Chandani Choudhary,Female,52,Aurangabad,Uttar Pradesh,2023-01-12
C04165,Dalaja Ahluwalia,Male,41,Ajmer,Rajasthan,2024-04-29
C04166,Advika Saha,Female,50,Secunderabad,Punjab,2022-01-01
C04167,Qadim Chakraborty,Female,44,Vijayawada,Goa,2021-08-01
C04168,Ansh Sood,Female,66,Mahbubnagar,Gujarat,2022-01-26
C04169,Karan Deo,Male,70,Jalgaon,Odisha,2024-01-24
C04170,Amaira Sawhney,Male,28,Ambattur,Karnataka,2024-11-27
C04171,Maanas Butala,Female,51,Ghaziabad,Chhattisgarh,2026-05-08
C04172,Jeevika Mall,Female,28,Ahmedabad,Rajasthan,2025-07-10
C04173,Kavya Acharya,Male,21,Delhi,Uttar Pradesh,2026-06-17
C04174,Aachal Mutti,Female,19,Nadiad,Telangana,2021-12-03
C04175,Vasatika Mishra,Male,43,Saharanpur,Odisha,2022-02-14
C04176,Laksh Varma,Male,58,Panihati,Assam,2025-12-01
C04177,Falan Nair,Female,56,Burhanpur,Karnataka,2026-05-19
C04178,Upadhriti Mander,Male,43,Ghaziabad,Chhattisgarh,2022-02-07
C04179,Urmi Pal,Male,47,Nagercoil,Haryana,2025-10-10
C04180,Leena Desai,Male,48,Raebareli,Gujarat,2022-12-11
C04181,Unni Lala,Male,22,Buxar,Himachal Pradesh,2026-07-21
C04182,Veer Gaba,Female,35,Katihar,Tamil Nadu,2025-01-12
C04183,Eesha Hora,Male,43,Jorhat,Punjab,2024-09-07
C04184,Faris Chahal,Female,58,Hajipur,Sikkim,2022-11-05
C04185,Vasana Chaudhry,Female,32,Secunderabad,Karnataka,2021-11-21
C04186,Yauvani Jayaraman,Female,26,Guna,Manipur,2023-04-11
C04187,Dipta Kapoor,Male,24,Farrukhabad,Meghalaya,2026-06-09
C04188,Lavanya Agate,Male,43,Bhalswa Jahangir Pur,Tamil Nadu,2025-05-25
C04189,Gunbir Talwar,Female,30,Ichalkaranji,Goa,2022-04-23
C04190,Neha Seshadri,Male,54,Gopalpur,Meghalaya,2026-03-10
C04191,Gopal Sinha,Male,41,Delhi,Telangana,2023-03-24
C04192,Lohit Sagar,Male,36,Panvel,Maharashtra,2025-06-20
C04193,Theodore Loke,Female,33,Jehanabad,Bihar,2025-07-24
C04194,Gavin Dube,Female,67,Shimoga,Tripura,2024-10-12
C04195,Luke Jaggi,Female,48,Dehradun,Nagaland,2024-03-25
C04196,Daniel Ramanathan,Female,67,Moradabad,Tripura,2024-04-27
C04197,Gauri Sunder,Male,37,Bikaner,Chhattisgarh,2024-07-12
C04198,Chavvi Sachdev,Female,42,Jorhat,Arunachal Pradesh,2022-05-25
C04199,Peter Goyal,Female,55,Gurgaon,Karnataka,2023-01-18
C04200,Charan Chawla,Female,36,Nandyal,Karnataka,2025-10-09
C04201,Ansh Sekhon,Female,30,Panvel,Bihar,2024-12-05
C04202,Warinder Mukherjee,Female,44,Bhopal,Telangana,2023-01-07
C04203,Brinda Deep,Female,68,Mangalore,Rajasthan,2024-01-17
C04204,Dayamai Sama,Female,31,Bally,Bihar,2022-02-04
C04205,Sai Vora,Female,45,Purnia,Maharashtra,2026-03-05
C04206,Zehaan Mitter,Male,45,Shimoga,Manipur,2025-04-25
C04207,Praneel Lal,Female,18,Guna,Meghalaya,2023-11-10
C04208,Sachi Yogi,Male,52,Bhiwandi,Uttarakhand,2024-06-29
C04209,Owen Pillai,Female,51,Nangloi Jat,Nagaland,2023-04-20
C04210,Kashish Vohra,Female,25,Sagar,Odisha,2026-06-28
C04211,Nachiket Savant,Male,36,Unnao,Arunachal Pradesh,2023-12-06
C04212,Qasim Reddy,Female,59,Sagar,Goa,2025-06-20
C04213,Zayyan Kota,Male,41,Jehanabad,Telangana,2022-02-28
C04214,Dhruv Brahmbhatt,Male,35,Danapur,Haryana,2024-12-26
C04215,Yashoda Banik,Male,42,Tadepalligudem,Uttarakhand,2022-08-30
C04216,Owen Mohan,Female,64,Gulbarga,Punjab,2026-02-18
C04217,Upma Varma,Male,63,Pallavaram,Chhattisgarh,2022-12-05
C04218,Pallavi Sankaran,Male,43,Bally,Manipur,2022-04-01
C04219,Damini Mody,Male,36,Shimla,Nagaland,2023-11-24
C04220,Indali Pall,Female,29,Thiruvananthapuram,Nagaland,2023-04-02
C04221,Urishilla Sankar,Female,48,Malegaon,Meghalaya,2024-12-30
C04222,Yug Soni,Male,47,Kalyan-Dombivli,Tamil Nadu,2024-09-21
C04223,Mitali Chauhan,Male,22,Bhilwara,Manipur,2023-09-16
C04224,Xavier Bakshi,Female,21,Agartala,Karnataka,2026-04-16
C04225,Devansh Khalsa,Female,66,Patiala,Telangana,2023-06-14
C04226,Onveer Tailor,Male,33,Chandrapur,Karnataka,2025-11-12
C04227,Shaurya Sidhu,Female,21,Fatehpur,Karnataka,2025-03-16
C04228,Nirja Oza,Female,59,Nagercoil,Haryana,2025-04-29
C04229,Hitesh Konda,Male,47,Yamunanagar,Maharashtra,2022-04-23
C04230,Arya Khare,Female,34,Ichalkaranji,Jharkhand,2022-07-11
C04231,Indali Dani,Female,31,Haldia,Maharashtra,2022-01-19
C04232,Yasti Ghosh,Female,26,Jabalpur,Punjab,2025-12-14
C04233,Samuel Sunder,Male,54,Anantapuram,Meghalaya,2022-03-17
C04234,Radha Purohit,Female,44,Panipat,Maharashtra,2025-08-09
C04235,Yahvi Shan,Female,20,Miryalaguda,Gujarat,2026-07-03
C04236,Pranit Ramesh,Female,40,Burhanpur,Maharashtra,2024-03-20
C04237,Michael Sanghvi,Male,32,Medininagar,Manipur,2024-11-08
C04238,Champak Srinivas,Female,62,Warangal,Arunachal Pradesh,2024-11-12
C04239,Kamala Sarma,Male,70,Erode,Sikkim,2025-08-11
C04240,Hema Luthra,Female,22,Noida,Madhya Pradesh,2023-07-17
C04241,Leela Boase,Female,43,Guna,Uttarakhand,2024-02-24
C04242,Ekapad Agate,Female,19,Akola,Nagaland,2023-01-15
C04243,Bina Chad,Male,41,Ramgarh,Telangana,2022-10-27
C04244,Abhiram Tailor,Female,36,Proddatur,Arunachal Pradesh,2025-04-09
C04245,Warhi Pandya,Female,69,Dindigul,Uttar Pradesh,2024-11-10
C04246,Jalsa Rege,Female,49,Meerut,Mizoram,2026-07-22
C04247,Chanchal Ram,Male,46,Delhi,Maharashtra,2021-11-10
C04248,Gaurang Shan,Female,64,Ulhasnagar,Chhattisgarh,2022-01-05
C04249,Dominic Madan,Male,65,Dehri,Chhattisgarh,2023-07-31
C04250,Yash Banerjee,Female,57,Latur,Sikkim,2024-06-03
C04251,Zayan Taneja,Male,49,Raichur,Uttar Pradesh,2022-06-17
C04252,Panini Lala,Female,18,Panihati,Rajasthan,2025-06-05
C04253,Eshana Choudhary,Male,31,Bellary,Manipur,2023-06-11
C04254,Advik Zacharia,Male,65,Bangalore,Andhra Pradesh,2026-07-15
C04255,Anita Badal,Female,63,Sonipat,Andhra Pradesh,2024-02-20
C04256,Zayan Madan,Male,58,Guna,Chhattisgarh,2024-10-24
C04257,Anthony Batra,Female,61,Dhanbad,Jharkhand,2023-09-03
C04258,Zaitra Andra,Male,38,Berhampur,Jharkhand,2023-10-12
C04259,Upma Vasa,Male,54,Tadepalligudem,Andhra Pradesh,2024-11-10
C04260,Harsh Pai,Male,67,Chinsurah,Tripura,2026-01-27
C04261,Luke Sarin,Female,60,Bahraich,Chhattisgarh,2024-04-03
C04262,Tanveer Palla,Male,23,Deoghar,Meghalaya,2024-10-21
C04263,Ekani Sinha,Female,36,Karawal Nagar,Rajasthan,2022-01-26
C04264,Siya Shetty,Male,70,Shivpuri,Gujarat,2025-06-10
C04265,Devika Dhaliwal,Male,45,Sikar,Chhattisgarh,2024-12-01
C04266,Lekha Pillai,Male,65,Solapur,Uttar Pradesh,2024-12-29
C04267,Ishwar Dasgupta,Female,20,Ahmednagar,Telangana,2022-09-29
C04268,Udarsh Tara,Female,24,Kollam,Rajasthan,2026-07-04
C04269,Tejas Modi,Female,31,Gwalior,Sikkim,2024-10-24
C04270,Meghana Mandal,Female,45,Morena,Jharkhand,2025-05-11
C04271,Nicholas Dey,Male,48,Akola,Sikkim,2026-03-20
C04272,Bimala Chaudry,Male,20,Thanjavur,West Bengal,2022-02-10
C04273,Bhavika Gour,Male,32,Mau,Maharashtra,2026-05-23
C04274,Eiravati Dey,Female,36,Jehanabad,Gujarat,2024-05-31
C04275,Mitali Savant,Female,67,Ambala,Himachal Pradesh,2022-01-31
C04276,Libni Mane,Male,20,Arrah,Sikkim,2025-10-22
C04277,Balvan Uppal,Male,65,Vadodara,Karnataka,2022-09-15
C04278,Kamya Barman,Female,42,Bulandshahr,Tamil Nadu,2022-01-17
C04279,Ira Oza,Female,60,Vellore,Sikkim,2024-08-30
C04280,Max Kota,Male,64,Panipat,Assam,2025-03-18
C04281,Chavvi Shukla,Male,58,Siwan,Maharashtra,2022-02-24
C04282,Dipta Sachdeva,Female,54,Sri Ganganagar,Tamil Nadu,2022-05-09
C04283,Sai Dhingra,Male,22,Kishanganj,Uttar Pradesh,2025-04-14
C04284,Udarsh Solanki,Male,19,Uluberia,Manipur,2023-07-30
C04285,Vansha Tata,Female,37,Bhimavaram,Andhra Pradesh,2023-11-22
C04286,Rajeshri Kalita,Male,64,Rampur,West Bengal,2024-09-20
C04287,Warhi Karan,Female,40,Jodhpur,Uttar Pradesh,2026-03-06
C04288,Pavani Master,Female,60,Panipat,Tripura,2025-12-07
C04289,Chatresh Rattan,Male,45,Korba,Nagaland,2023-05-12
C04290,Xiti Dhingra,Male,30,North Dumdum,Goa,2021-08-20
C04291,Anthony Mitter,Female,32,Hyderabad,Mizoram,2025-05-27
C04292,Hema Wable,Male,19,Bhimavaram,Tripura,2025-10-27
C04293,Eiravati Sharaf,Female,41,Malegaon,Gujarat,2023-12-03
C04294,Frado Pal,Male,38,Bhavnagar,Kerala,2023-05-20
C04295,Yatin Saran,Male,43,Rampur,Haryana,2025-12-21
C04296,Nitara Raj,Female,24,Solapur,Punjab,2025-10-13
C04297,Hemangini Ahluwalia,Male,29,Malegaon,Gujarat,2022-06-21
C04298,Damyanti Kaur,Female,58,Sambhal,Madhya Pradesh,2023-03-06
C04299,Harini Chakraborty,Female,22,Akola,Nagaland,2024-08-27
C04300,Neha Sama,Male,47,Ulhasnagar,Chhattisgarh,2024-12-09
C04301,Yashasvi Toor,Male,67,Darbhanga,Punjab,2024-12-13
C04302,Barkha Venkataraman,Male,62,Bokaro,Meghalaya,2025-05-14
C04303,Matthew Toor,Female,55,Rampur,Madhya Pradesh,2026-05-08
C04304,Rayaan Sastry,Female,41,Vasai-Virar,Jharkhand,2023-02-11
C04305,Hemani Trivedi,Female,70,Firozabad,Rajasthan,2026-07-21
C04306,Devika Nagarajan,Male,41,Gorakhpur,Haryana,2025-07-29
C04307,Jagat Buch,Female,70,Darbhanga,Andhra Pradesh,2023-01-07
C04308,Ishani Barman,Female,70,Gurgaon,Andhra Pradesh,2022-10-05
C04309,Nitara Tank,Male,28,Hajipur,Arunachal Pradesh,2023-01-27
C04310,Ira Balasubramanian,Male,44,Medininagar,Bihar,2026-03-22
C04311,Saanvi Upadhyay,Female,55,Tirunelveli,Goa,2022-09-18
C04312,Sai Sarraf,Female,49,Gangtok,Punjab,2024-03-09
C04313,Vihaan Anand,Female,62,Thrissur,Sikkim,2024-03-18
C04314,Nathan Bahri,Female,70,Ongole,Maharashtra,2023-09-25
C04315,Urmi Ganesan,Male,43,Surendranagar Dudhrej,Gujarat,2026-04-15
C04316,Sudiksha Yohannan,Female,45,Faridabad,Arunachal Pradesh,2024-04-13
C04317,Avi Reddy,Female,25,Kakinada,Meghalaya,2025-03-13
C04318,Vedant Wali,Female,20,Nellore,Sikkim,2022-12-29
C04319,Kalpit Sura,Female,29,Gandhidham,Goa,2024-04-02
C04320,Warda Mishra,Male,21,Barasat,Assam,2025-02-20
C04321,Tarak Gokhale,Female,55,Baranagar,Uttarakhand,2026-03-08
C04322,Sai Shere,Male,20,Agra,Goa,2026-03-11
C04323,Kiaan Ramesh,Female,65,Rourkela,Himachal Pradesh,2022-05-08
C04324,Alexander Dayal,Female,45,Tenali,Odisha,2025-03-01
C04325,Advika Luthra,Female,46,Bikaner,Himachal Pradesh,2023-06-08
C04326,Kabir Sathe,Female,39,Gopalpur,Odisha,2024-02-24
C04327,Watika Goda,Female,56,Surendranagar Dudhrej,Haryana,2022-06-12
C04328,Krishna Rai,Female,66,Yamunanagar,Andhra Pradesh,2026-03-01
C04329,Mugdha Chahal,Female,43,Secunderabad,Nagaland,2022-09-13
C04330,Ishanvi Datta,Female,67,Panipat,Madhya Pradesh,2024-04-10
C04331,Ayaan Narayan,Male,23,Kurnool,Tripura,2022-05-13
C04332,Anya Nair,Male,26,Ichalkaranji,Maharashtra,2025-07-17
C04333,Amara Chaudry,Male,47,Sambhal,Karnataka,2023-03-25
C04334,Krishna Ram,Male,67,Raebareli,Chhattisgarh,2022-01-29
C04335,Jasmit Parmar,Male,22,Srinagar,Arunachal Pradesh,2026-05-06
C04336,Warhi Nagar,Male,51,Sasaram,Goa,2021-08-31
C04337,Yasti Raja,Male,63,Mahbubnagar,Goa,2023-08-17
C04338,Meera Nath,Female,66,Amaravati,Punjab,2021-09-25
C04339,Daksh Taneja,Male,41,Bulandshahr,Punjab,2023-11-20
C04340,Manbir Sharaf,Female,69,Kamarhati,Rajasthan,2023-02-22
C04341,Jeevika Madan,Female,55,Haridwar,Goa,2024-06-07
C04342,Michael Khosla,Female,68,Avadi,Telangana,2026-07-15
C04343,Yagnesh Bumb,Male,37,Amritsar,Manipur,2025-09-19
C04344,Frado Upadhyay,Female,48,Bhind,Maharashtra,2024-08-22
C04345,Ranbir Jain,Female,54,Jabalpur,Manipur,2023-03-01
C04346,Adya Gokhale,Female,41,Arrah,Rajasthan,2024-11-15
C04347,Owen Arya,Female,60,Proddatur,Rajasthan,2026-04-11
C04348,Aahana Manne,Male,18,Bihar Sharif,Rajasthan,2022-09-13
C04349,Harinakshi Kaur,Female,25,Kota,Bihar,2024-09-27
C04350,Jonathan Prasad,Male,61,Machilipatnam,Karnataka,2023-02-10
C04351,Yashvi Sodhi,Male,62,Kakinada,Karnataka,2021-08-17
C04352,Pahal Suri,Female,67,Shivpuri,Telangana,2023-10-26
C04353,Bina Sathe,Male,21,Dewas,Andhra Pradesh,2023-07-04
C04354,Tejas Parekh,Female,55,Bhagalpur,Manipur,2024-08-04
C04355,Manbir Varma,Male,34,Dharmavaram,Maharashtra,2024-03-29
C04356,Ayush Bhattacharyya,Female,51,Dibrugarh,Telangana,2024-04-09
C04357,Vidhi Date,Female,70,Hindupur,Meghalaya,2024-07-16
C04358,Saanvi Dhaliwal,Male,60,Katni,Maharashtra,2022-12-21
C04359,Chaman Wali,Female,27,Bongaigaon,Rajasthan,2025-08-10
C04360,Frado Sarma,Male,48,Thrissur,Tripura,2024-10-07
C04361,Omkaar Dash,Female,46,Guna,Uttarakhand,2023-04-13
C04362,Yutika Trivedi,Female,64,Jalandhar,Rajasthan,2025-06-10
C04363,Noah Kota,Female,26,Bidhannagar,Arunachal Pradesh,2022-02-20
C04364,Chaaya Chadha,Male,67,Kalyan-Dombivli,Haryana,2024-09-12
C04365,Osha Mani,Female,48,Anantapur,Mizoram,2023-02-16
C04366,Zayyan Mander,Male,56,Danapur,Karnataka,2026-04-06
C04367,Chakrika Sagar,Female,38,Ichalkaranji,Kerala,2024-12-15
C04368,Ranveer Karnik,Female,51,Chandigarh,Gujarat,2023-09-08
C04369,Ethan Lad,Male,32,Alappuzha,Meghalaya,2025-03-26
C04370,Chakradev Bhatti,Male,52,Raiganj,West Bengal,2023-10-22
C04371,Jonathan Subramanian,Female,39,Bhimavaram,Maharashtra,2026-03-29
C04372,Yahvi Brar,Female,19,Pondicherry,Rajasthan,2023-08-12
C04373,Zayyan Lala,Female,67,Davanagere,Himachal Pradesh,2026-05-01
C04374,Samar Chaudry,Male,67,Phusro,Madhya Pradesh,2024-11-23
C04375,Krishna Jha,Female,58,Faridabad,Uttar Pradesh,2026-07-06
C04376,Zansi Babu,Male,19,Bhilai,Bihar,2026-03-04
C04377,Rayaan Doshi,Male,38,Hubli–Dharwad,Arunachal Pradesh,2023-07-26
C04378,Nihal Thaker,Male,20,Suryapet,Goa,2026-07-03
C04379,Raagini Kant,Female,61,Silchar,Punjab,2026-07-01
C04380,Jason Korpal,Female,59,Indore,Tamil Nadu,2021-11-30
C04381,Ansh Khurana,Male,24,Nandyal,Manipur,2026-07-14
C04382,Chandani Chahal,Male,70,Anantapuram,Tripura,2024-10-27
C04383,Pahal Chander,Male,54,Shimla,Odisha,2024-02-03
C04384,Vidhi Bora,Female,67,Ujjain,Rajasthan,2024-12-07
C04385,Omkaar Joshi,Male,62,Malegaon,Tamil Nadu,2022-12-30
C04386,Kashvi Chaudhuri,Female,50,Haldia,Jharkhand,2025-12-29
C04387,Champak Seshadri,Female,43,Nagaon,Kerala,2024-01-18
C04388,Damyanti Sahni,Female,29,Guntakal,Telangana,2025-03-14
C04389,Jasmit Deep,Female,38,Jamalpur,Chhattisgarh,2026-04-26
C04390,Onkar Hayre,Male,41,Panchkula,Punjab,2024-04-29
C04391,Qadim Devi,Male,52,Amritsar,Telangana,2024-05-15
C04392,Gaurangi Sanghvi,Female,55,Sasaram,Tripura,2022-03-13
C04393,Hamsini Dubey,Male,29,Ambattur,Rajasthan,2024-07-02
C04394,Imaran Patil,Female,22,Sangli-Miraj & Kupwad,Odisha,2022-01-03
C04395,Gaurika Raghavan,Female,55,Rourkela,Odisha,2023-04-11
C04396,Jairaj Bandi,Male,67,Noida,Tamil Nadu,2024-07-26
C04397,Yachana Rout,Female,67,Amaravati,Mizoram,2025-12-19
C04398,Jason Lall,Female,24,Junagadh,West Bengal,2023-09-24
C04399,Yasti Sha,Female,28,Kumbakonam,Bihar,2024-04-04
C04400,Ekanta Chahal,Female,58,Sambalpur,West Bengal,2022-02-22
C04401,Inaya Anne,Male,56,Secunderabad,Madhya Pradesh,2024-02-07
C04402,Lohit Ratta,Female,43,Etawah,Karnataka,2025-10-14
C04403,Mitesh Anne,Male,57,Hospet,Maharashtra,2024-03-30
C04404,Jagat Contractor,Female,61,Nizamabad,Tamil Nadu,2022-01-04
C04405,Yoshita Shanker,Male,56,Alappuzha,Madhya Pradesh,2024-05-04
C04406,Neelima Patla,Female,69,Nagaon,Arunachal Pradesh,2023-01-12
C04407,Samaksh Jani,Female,42,Panihati,Karnataka,2022-08-14
C04408,Aayush Nigam,Male,65,Warangal,Madhya Pradesh,2023-12-12
C04409,Chameli Panchal,Female,32,Ramgarh,Jharkhand,2025-12-02
C04410,Vamakshi Om,Male,68,Amritsar,Madhya Pradesh,2026-04-02
C04411,Eshana Manda,Male,40,Unnao,Karnataka,2021-08-01
C04412,Chakradhar Morar,Female,51,Durgapur,Bihar,2025-06-20
C04413,Gabriel Sarin,Female,56,Bangalore,Andhra Pradesh,2025-12-28
C04414,Gabriel Nayak,Male,42,Baranagar,Haryana,2025-02-17
C04415,Deepa Sandhu,Male,22,Silchar,Goa,2025-11-24
C04416,Kalpit Divan,Male,65,Warangal,Punjab,2025-04-14
C04417,Sneha Sheth,Male,43,Morena,Goa,2024-09-14
C04418,Pratyush Chand,Male,37,Jalna,Chhattisgarh,2026-03-19
C04419,Ronith Mishra,Female,27,Bilaspur,Tripura,2023-01-20
C04420,Varsha Taneja,Female,55,Howrah,Tamil Nadu,2022-07-08
C04421,Faraj Sampath,Male,20,Alwar,Maharashtra,2024-06-01
C04422,Dalbir Bhasin,Male,47,Tiruchirappalli,Tamil Nadu,2023-10-19
C04423,Reyansh Sachar,Male,37,Anantapuram,Manipur,2026-04-06
C04424,Atharv Vohra,Female,33,Ghaziabad,Bihar,2025-03-09
C04425,Gaurika Madan,Female,38,Morena,Bihar,2021-12-10
C04426,Rohan Peri,Female,26,Ramagundam,Assam,2023-12-03
C04427,Gaurang Saran,Male,46,Panihati,West Bengal,2023-08-05
C04428,Nilima Saini,Female,19,Bangalore,Bihar,2021-09-12
C04429,Aarush Prashad,Male,42,Medininagar,Nagaland,2025-03-18
C04430,Anvi Chana,Female,53,Kota,Kerala,2025-01-25
C04431,Urishilla Virk,Female,46,Thrissur,Madhya Pradesh,2024-08-08
C04432,Urmi Sule,Female,64,Phusro,Rajasthan,2026-05-15
C04433,Kala Patla,Female,31,Rajpur Sonarpur,Telangana,2023-04-14
C04434,Alexander Bakshi,Female,51,Hazaribagh,Arunachal Pradesh,2025-11-24
C04435,Ishani Sharma,Female,47,Baranagar,Rajasthan,2024-08-21
C04436,Ubika Mangal,Male,43,Raebareli,Chhattisgarh,2023-09-12
C04437,Upkaar Karan,Female,18,Sambalpur,West Bengal,2024-10-06
C04438,Vasatika Nayak,Female,34,Kumbakonam,Punjab,2023-10-27
C04439,Chatresh Bala,Female,29,Gwalior,Chhattisgarh,2023-01-04
C04440,Jalsa Palan,Female,20,Aligarh,Chhattisgarh,2023-04-17
C04441,Elijah Mall,Male,34,Siliguri,Kerala,2024-05-09
C04442,Zaitra Khare,Female,55,Satna,Nagaland,2024-09-28
C04443,Luke Chandran,Female,39,Ratlam,Andhra Pradesh,2024-06-24
C04444,Vaishnavi Patel,Female,50,Bulandshahr,Jharkhand,2024-08-16
C04445,Faraj Thaman,Male,26,Thanjavur,Uttar Pradesh,2021-09-03
C04446,Ekbal Sarkar,Female,40,Kakinada,Rajasthan,2021-08-21
C04447,Meghana Varughese,Female,45,Kirari Suleman Nagar,Arunachal Pradesh,2023-03-22
C04448,Suhani Bahri,Female,31,Dhule,Punjab,2026-03-01
C04449,Vasatika Biswas,Female,56,Saharanpur,Haryana,2023-07-24
C04450,Krishna Bahl,Male,52,Khandwa,Nagaland,2024-10-25
C04451,Bachittar Joshi,Male,33,Tiruchirappalli,Bihar,2025-08-13
C04452,Oliver Acharya,Female,50,Lucknow,Madhya Pradesh,2023-08-29
C04453,Vasatika Warrior,Female,47,Karaikudi,West Bengal,2022-12-06
C04454,Yashodhara Bali,Female,20,Agra,Gujarat,2024-02-20
C04455,Frederick Raghavan,Female,70,Uluberia,Assam,2025-04-19
C04456,Niharika Sagar,Female,19,Satna,Jharkhand,2025-12-28
C04457,Vasatika Khosla,Male,68,Durg,Uttar Pradesh,2026-02-08
C04458,Darsh Goyal,Female,20,Muzaffarnagar,Goa,2026-05-22
C04459,Nathan Madan,Female,26,Dewas,Jharkhand,2023-12-27
C04460,Oeshi Basu,Male,31,Shimoga,West Bengal,2024-08-11
C04461,Vedant Buch,Male,19,Orai,Sikkim,2025-01-17
C04462,Balendra Oommen,Female,56,Mau,Telangana,2022-09-21
C04463,Ikbal Mane,Male,22,Anantapuram,Haryana,2021-11-26
C04464,Zaitra Sagar,Male,38,Raiganj,Haryana,2022-07-29
C04465,Theodore Kapoor,Male,18,Machilipatnam,Assam,2023-02-23
C04466,Sudiksha Radhakrishnan,Female,28,Uluberia,Kerala,2022-10-19
C04467,Falak Randhawa,Male,28,Jehanabad,Haryana,2025-06-16
C04468,Agastya Chahal,Female,29,Durg,Uttar Pradesh,2025-10-29
C04469,Faras Wable,Female,37,Mathura,Rajasthan,2023-09-20
C04470,Owen Mahal,Female,34,Davanagere,Haryana,2024-03-19
C04471,Jeremiah Edwin,Male,62,Bhavnagar,Himachal Pradesh,2023-11-28
C04472,Gautami Kaur,Female,22,Panipat,Uttar Pradesh,2022-02-04
C04473,Gaurika Mistry,Male,69,Jabalpur,Madhya Pradesh,2022-12-03
C04474,Eiravati Narain,Male,34,Bhalswa Jahangir Pur,West Bengal,2025-11-02
C04475,Kashvi Bajaj,Female,56,Cuttack,Sikkim,2024-05-16
C04476,Chandani Mangal,Male,37,Guwahati,Meghalaya,2025-08-02
C04477,Bishakha Bhatnagar,Male,42,Vellore,Tamil Nadu,2022-10-22
C04478,Wahab Chandran,Female,37,Dharmavaram,Telangana,2026-03-10
C04479,Gautami Narasimhan,Female,23,Tirunelveli,Assam,2022-07-30
C04480,Ekavir Mukhopadhyay,Female,59,Bathinda,Uttar Pradesh,2021-12-11
C04481,Oni Chandran,Female,39,Vadodara,Gujarat,2025-08-04
C04482,Kalpit Kaur,Female,25,Amritsar,Assam,2024-11-26
C04483,Tarak Nadig,Female,39,Tiruvottiyur,Kerala,2023-10-07
C04484,Siddharth Roy,Male,58,Raipur,Meghalaya,2024-09-22
C04485,Wahab Kalla,Female,29,Khammam,Maharashtra,2023-12-23
C04486,Chaitaly Sawhney,Male,62,Shimoga,Tripura,2025-11-27
C04487,Hemal Sunder,Female,26,Secunderabad,Chhattisgarh,2024-07-16
C04488,Chatura Wadhwa,Female,33,Naihati,Uttar Pradesh,2022-08-06
C04489,Varsha Sen,Male,48,Gopalpur,Meghalaya,2022-02-18
C04490,Gautam Palla,Male,67,Bhimavaram,Andhra Pradesh,2022-07-16
C04491,Lohit Chacko,Female,22,Bhilwara,Karnataka,2022-12-01
C04492,Warhi Patil,Male,32,Panchkula,Andhra Pradesh,2022-10-22
C04493,Chanakya Swaminathan,Male,61,Chinsurah,Rajasthan,2025-05-01
C04494,Nathan Nath,Female,25,Tumkur,Karnataka,2023-03-01
C04495,Prisha Sanghvi,Female,32,Sonipat,Haryana,2022-08-22
C04496,Bachittar Rajagopal,Female,34,Srikakulam,Goa,2024-11-13
C04497,Aahana Parsa,Female,41,Nadiad,Odisha,2021-11-06
C04498,Watika Dayal,Female,53,Sangli-Miraj & Kupwad,Nagaland,2024-06-14
C04499,Mitali Bal,Male,22,Ichalkaranji,Tamil Nadu,2023-01-17
C04500,Matthew Narasimhan,Male,35,Hapur,Mizoram,2025-03-16
C04501,Charan Issac,Female,30,Hyderabad,Nagaland,2022-10-23
C04502,Garima Deshpande,Female,52,Pondicherry,Meghalaya,2024-02-06
C04503,Adweta Nadkarni,Female,41,Katni,Chhattisgarh,2023-10-29
C04504,Triya Devi,Female,66,Thoothukudi,Andhra Pradesh,2025-07-25
C04505,Manthan Sundaram,Male,45,Kulti,West Bengal,2022-01-31
C04506,Yashasvi Chandran,Female,63,Srikakulam,Haryana,2025-09-28
C04507,Fiyaz Malhotra,Female,42,Sri Ganganagar,West Bengal,2025-07-02
C04508,Aashi Manne,Female,45,Hubli–Dharwad,Meghalaya,2025-12-14
C04509,Finn Merchant,Female,40,Parbhani,Rajasthan,2024-12-09
C04510,Yutika Mammen,Female,48,Dharmavaram,Sikkim,2024-12-31
C04511,Anthony Bawa,Female,60,Asansol,Chhattisgarh,2024-09-01
C04512,Falak Ratti,Male,51,Vasai-Virar,Tripura,2023-08-29
C04513,Gabriel Bhalla,Male,59,Kulti,Kerala,2022-05-28
C04514,Aayush Din,Female,50,Etawah,Assam,2024-12-03
C04515,Zinal Vora,Female,44,Tirunelveli,Bihar,2021-12-04
C04516,Pavani Seth,Male,62,Jaunpur,Andhra Pradesh,2021-07-29
C04517,Ekta Bali,Male,65,Begusarai,Tripura,2023-09-30
C04518,Lavanya Magar,Female,52,Ambarnath,Madhya Pradesh,2023-04-14
C04519,Ria Peri,Male,54,Khora ,Uttarakhand,2025-01-06
C04520,Max Datta,Female,70,Kavali,Maharashtra,2025-05-25
C04521,Vanya Memon,Female,61,Amravati,Maharashtra,2024-09-16
C04522,Urvi Padmanabhan,Female,51,Bhind,Jharkhand,2026-06-26
C04523,Saanvi Pau,Male,50,Bhopal,Manipur,2022-11-28
C04524,Aadi Dash,Female,43,Bally,Goa,2023-04-19
C04525,Tejas Tiwari,Female,18,Salem,Tamil Nadu,2023-08-01
C04526,Faraj Thaker,Male,22,Satara,Tripura,2022-03-11
C04527,Devika Soni,Female,40,Bareilly,Gujarat,2024-04-06
C04528,Yashoda Vaidya,Male,69,Etawah,Mizoram,2024-06-08
C04529,Azaan Hari,Male,26,Patiala,Kerala,2025-12-12
C04530,Nakul Prabhu,Female,51,Burhanpur,Goa,2024-07-10
C04531,Gaurika Kapoor,Female,44,Sonipat,Manipur,2022-10-06
C04532,Aditya Khare,Female,23,Phagwara,Madhya Pradesh,2023-12-27
C04533,Samarth Koshy,Male,58,Agra,Odisha,2021-08-20
C04534,Kashish Parmar,Male,65,Solapur,Punjab,2021-08-31
C04535,Zaid Bir,Male,65,Hyderabad,Andhra Pradesh,2024-06-02
C04536,Wriddhish Shetty,Female,42,Thiruvananthapuram,Rajasthan,2022-07-28
C04537,Indali Bhandari,Male,35,Amritsar,Mizoram,2021-10-30
C04538,Vasatika Rattan,Female,43,Ambattur,Madhya Pradesh,2025-11-24
C04539,Bahadurjit Rajan,Female,48,Dindigul,Uttarakhand,2021-12-31
C04540,Amrita Rege,Female,70,Saharsa,Assam,2025-11-03
C04541,Chanchal Chowdhury,Male,29,Avadi,Maharashtra,2026-06-03
C04542,Zinal Bajwa,Male,61,Gurgaon,Himachal Pradesh,2021-11-17
C04543,Rachita Khanna,Female,21,Darbhanga,Rajasthan,2023-11-20
C04544,Janaki Vaidya,Male,70,Latur,Nagaland,2025-11-01
C04545,Jacob Zacharia,Male,26,Vijayanagaram,Chhattisgarh,2025-06-09
C04546,Patrick Golla,Male,39,Jalgaon,Telangana,2025-10-24
C04547,Hitesh Doshi,Male,43,Faridabad,Kerala,2025-10-04
C04548,Baljiwan Gera,Female,64,Pune,Mizoram,2025-04-17
C04549,Amruta Mohanty,Male,45,Saharsa,West Bengal,2022-04-11
C04550,Madhav Aurora,Male,38,Panvel,Andhra Pradesh,2026-04-08
C04551,Aadi Gandhi,Male,47,Bulandshahr,Tripura,2021-11-08
C04552,Ekta Mody,Female,36,Jalna,Arunachal Pradesh,2023-07-17
C04553,Aadhya Hegde,Male,42,Hubli–Dharwad,West Bengal,2022-11-02
C04554,Nihal Raj,Female,53,Kumbakonam,Mizoram,2023-09-10
C04555,Owen Kanda,Male,68,Noida,Meghalaya,2023-02-26
C04556,Balvan Patla,Male,27,Gudivada,West Bengal,2023-03-12
C04557,Yuvraj Nigam,Female,48,Barasat,Kerala,2023-11-23
C04558,Banjeet Gill,Male,22,Hapur,Odisha,2022-11-24
C04559,Azad Borra,Male,23,Jaunpur,Himachal Pradesh,2023-05-12
C04560,Kavya Pal,Male,22,Giridih,Jharkhand,2023-10-12
C04561,Dev Lad,Female,41,Raurkela Industrial Township,Arunachal Pradesh,2024-04-20
C04562,Zarna Bandi,Female,39,Tezpur,Bihar,2023-06-14
C04563,Yauvani Sharma,Female,50,South Dumdum,West Bengal,2024-11-18
C04564,Tanish Mitra,Female,36,Thanjavur,Bihar,2024-02-09
C04565,Vritti Bala,Female,40,Dindigul,Bihar,2024-10-21
C04566,Timothy Goel,Male,29,Sonipat,Sikkim,2022-04-21
C04567,Sanya Rege,Male,34,Nashik,Goa,2023-01-12
C04568,Wakeeta Naik,Male,54,Munger,Kerala,2024-06-03
C04569,Owen Sampath,Male,70,Tumkur,Andhra Pradesh,2022-06-16
C04570,Divya Narayanan,Male,20,Belgaum,Andhra Pradesh,2024-04-19
C04571,Tanmayi Amble,Female,31,Navi Mumbai,Telangana,2024-04-05
C04572,Upma Gour,Female,50,Howrah,Karnataka,2025-11-19
C04573,Yachana Pandya,Male,53,Mysore,Sikkim,2023-10-29
C04574,Unnati Bhatt,Male,58,Gwalior,Arunachal Pradesh,2021-12-28
C04575,Mitesh Rajan,Male,36,Moradabad,Arunachal Pradesh,2024-05-26
C04576,Sanya Sami,Male,57,Hajipur,Assam,2021-09-24
C04577,Patrick Arya,Male,20,Mira-Bhayandar,Odisha,2023-04-11
C04578,Raksha Bansal,Female,28,Mangalore,Andhra Pradesh,2023-04-09
C04579,Harshil Kara,Female,31,Pali,Uttarakhand,2023-12-21
C04580,Rachana Soman,Male,70,Thane,Meghalaya,2022-07-18
C04581,Chatura Dugar,Male,58,Yamunanagar,Uttarakhand,2026-04-25
C04582,Rachana Pandey,Male,18,Sangli-Miraj & Kupwad,Arunachal Pradesh,2024-09-07
C04583,Upkaar Kala,Male,22,Mathura,Goa,2024-04-19
C04584,Ati Murthy,Female,54,Ludhiana,Arunachal Pradesh,2021-12-23
C04585,Nandini Oak,Female,62,Guna,Manipur,2025-02-20
C04586,Aachal Ramachandran,Male,20,Akola,Meghalaya,2022-07-20
C04587,Krish Subramanian,Female,60,Ulhasnagar,Karnataka,2026-01-26
C04588,Lipika Koshy,Male,64,Khandwa,Himachal Pradesh,2022-03-14
C04589,Triya Morar,Female,39,Faridabad,Chhattisgarh,2023-03-21
C04590,Zansi Gokhale,Male,59,Ratlam,Tripura,2023-10-29
C04591,Victor Sinha,Male,35,Dewas,Jharkhand,2022-02-02
C04592,Deepa Vyas,Male,66,Burhanpur,Goa,2023-09-10
C04593,Tristan Agarwal,Male,59,Raurkela Industrial Township,Telangana,2024-10-21
C04594,Lakshit Ramakrishnan,Male,68,Kishanganj,Rajasthan,2024-01-06
C04595,Urvashi Puri,Male,68,Deoghar,Tamil Nadu,2024-01-28
C04596,Eiravati Khanna,Male,29,Panvel,West Bengal,2022-07-31
C04597,Anmol Sampath,Male,63,Bellary,Kerala,2022-11-30
C04598,Anita Kalita,Male,48,Thrissur,Rajasthan,2024-09-12
C04599,Ria Arya,Male,59,Mysore,Kerala,2025-11-01
C04600,Azaan Sundaram,Male,39,Kumbakonam,Kerala,2024-03-27
C04601,Qabil Wadhwa,Male,25,Vellore,Himachal Pradesh,2024-05-07
C04602,Meghana Majumdar,Male,56,Bidar,Himachal Pradesh,2024-04-05
C04603,Yashodhara Kala,Male,44,Nagercoil,Tripura,2023-03-08
C04604,Gaurangi Raju,Female,46,Panihati,Chhattisgarh,2024-06-17
C04605,Sneha Sundaram,Male,55,Bathinda,Odisha,2023-08-14
C04606,Dhriti Nair,Male,21,Visakhapatnam,Telangana,2022-01-28
C04607,Chavvi Ghosh,Female,40,Sonipat,Odisha,2024-02-23
C04608,Adweta Pant,Female,50,Amravati,Himachal Pradesh,2022-07-16
C04609,Chakradev Kapur,Female,51,Mahbubnagar,Odisha,2021-11-01
C04610,Gaurang Sathe,Male,23,Orai,Tripura,2026-01-18
C04611,Faras Natarajan,Female,63,Khammam,Maharashtra,2022-10-14
C04612,Kashish Varghese,Male,46,Hyderabad,Nagaland,2023-07-08
C04613,Upkaar Behl,Female,23,Mirzapur,Sikkim,2023-09-26
C04614,Hemang Kohli,Female,68,Berhampur,Bihar,2026-06-22
C04615,Ishwar Rastogi,Male,50,Imphal,Uttarakhand,2024-09-25
C04616,Yashvi D’Alia,Male,32,Raebareli,Meghalaya,2024-06-15
C04617,Andrew Wable,Male,67,Bettiah,Maharashtra,2023-10-20
C04618,Abha Gokhale,Female,53,Begusarai,Mizoram,2025-07-14
C04619,Avni Mital,Female,25,Tiruvottiyur,Tripura,2026-05-14
C04620,Turvi Pal,Male,21,Rewa,Mizoram,2022-05-25
C04621,Mitali Basu,Female,23,Karimnagar,Karnataka,2025-02-03
C04622,Praneel Mall,Female,70,Bhilwara,Goa,2023-03-30
C04623,Bachittar Mand,Male,62,Gudivada,Meghalaya,2025-01-07
C04624,Bhavani Rama,Male,25,Gandhinagar,Uttarakhand,2026-02-18
C04625,Wishi Deshmukh,Male,69,Howrah,Madhya Pradesh,2026-04-16
C04626,Oscar Lala,Male,33,Warangal,Himachal Pradesh,2021-09-12
C04627,Eesha Chadha,Male,32,Meerut,Sikkim,2025-03-20
C04628,Vincent Jani,Male,26,Navi Mumbai,Himachal Pradesh,2024-10-28
C04629,Falan Mandal,Female,46,Panipat,Maharashtra,2026-07-17
C04630,Abha Sahota,Male,22,Thane,Haryana,2022-06-13
C04631,Adya Wadhwa,Female,56,Hajipur,Maharashtra,2022-06-17
C04632,Amol Krishnamurthy,Female,22,Madurai,Manipur,2024-10-08
C04633,Faqid Srinivas,Male,39,Sambhal,Telangana,2025-08-21
C04634,Jacob Arora,Female,55,Katni,Meghalaya,2026-07-17
C04635,Kiaan Dixit,Male,27,Kharagpur,Telangana,2022-06-21
C04636,Harinakshi Dave,Female,28,Kumbakonam,Uttar Pradesh,2026-06-22
C04637,Ekaraj Sachdev,Male,29,Mau,Sikkim,2024-02-25
C04638,Arya Zachariah,Female,19,Etawah,Nagaland,2025-08-24
C04639,Vasudha Wali,Male,51,Eluru,West Bengal,2023-06-17
C04640,Triya Sule,Male,18,Bulandshahr,Punjab,2022-04-16
C04641,Varenya Hayer,Female,39,Tirupati,Jharkhand,2025-12-22
C04642,Eshana Doshi,Female,53,Moradabad,Tripura,2024-05-09
C04643,Vritti Garg,Male,40,Udupi,Nagaland,2026-07-23
C04644,Udant Gokhale,Male,61,Aligarh,Assam,2025-09-10
C04645,Abeer Shenoy,Male,42,Bongaigaon,Meghalaya,2024-04-27
C04646,Devansh Karan,Male,19,Chapra,Punjab,2021-11-04
C04647,Teerth Yohannan,Male,41,Sagar,Nagaland,2024-02-06
C04648,Baghyawati Ghose,Male,66,South Dumdum,Himachal Pradesh,2021-10-08
C04649,Samarth Thaman,Female,55,Surat,Tripura,2025-07-03
C04650,Zaitra Tailor,Male,25,Amritsar,Maharashtra,2024-12-03
C04651,Max Bala,Female,43,Mirzapur,Tripura,2025-06-18
C04652,Wakeeta Suri,Female,25,Pudukkottai,Odisha,2022-11-08
C04653,Watika Rattan,Female,51,Udupi,Uttarakhand,2024-05-11
C04654,Isaac Chadha,Female,22,Arrah,Mizoram,2025-07-30
C04655,Sara Sha,Female,64,Gangtok,Kerala,2023-11-19
C04656,Zansi Dara,Female,24,Motihari,Uttar Pradesh,2024-02-09
C04657,Ati Murthy,Female,31,Ludhiana,Uttarakhand,2026-01-17
C04658,Darpan Warrior,Male,60,Visakhapatnam,Nagaland,2022-07-17
C04659,Rajeshri Sodhi,Female,67,Ahmedabad,Kerala,2026-07-11
C04660,Lavanya Manne,Female,58,Gorakhpur,Telangana,2025-03-27
C04661,Udyati Bath,Female,33,Korba,Nagaland,2023-12-29
C04662,Owen Zachariah,Female,56,South Dumdum,Odisha,2025-08-16
C04663,Frederick Shere,Male,58,Jehanabad,Rajasthan,2025-10-23
C04664,Urmi Verma,Male,43,Aurangabad,Assam,2021-10-30
C04665,Ishanvi Pandey,Female,56,Aurangabad,Uttar Pradesh,2024-09-28
C04666,Pranit Sami,Male,54,Pondicherry,Jharkhand,2025-10-12
C04667,Qabil Bajwa,Male,57,Kurnool,Himachal Pradesh,2024-12-26
C04668,Sanya Bhatnagar,Female,65,Saharsa,Jharkhand,2025-12-12
C04669,Darpan Lala,Female,38,Satara,Rajasthan,2021-11-19
C04670,Jason Dayal,Female,51,Muzaffarnagar,Meghalaya,2021-09-30
C04671,Nathan Kuruvilla,Female,67,Sambalpur,Sikkim,2024-05-06
C04672,Harinakshi Sarraf,Male,40,Pimpri-Chinchwad,Sikkim,2026-01-17
C04673,Fitan Nagy,Female,41,Shimoga,Karnataka,2026-01-03
C04674,Lila Sarma,Female,41,Tezpur,Andhra Pradesh,2025-06-02
C04675,Fiyaz Sami,Female,65,Dewas,Haryana,2022-04-09
C04676,Triveni Nadkarni,Female,51,Kishanganj,Telangana,2022-07-10
C04677,Triveni Kunda,Female,37,Danapur,Bihar,2021-09-07
C04678,Ekiya Dara,Female,63,Moradabad,Jharkhand,2024-09-14
C04679,Dakshesh Ghosh,Male,63,Surat,Tamil Nadu,2023-11-16
C04680,Qabil Korpal,Male,25,Korba,Meghalaya,2022-02-03
C04681,Ekbal Saraf,Male,18,Mirzapur,Assam,2026-02-11
C04682,Aarini Ganesh,Male,56,Machilipatnam,Andhra Pradesh,2022-03-05
C04683,Abhiram Sarin,Male,55,Tinsukia,Uttarakhand,2023-01-09
C04684,Nikita Rattan,Female,19,Jammu,Haryana,2023-08-05
C04685,Zarna Jaggi,Female,32,Parbhani,Uttar Pradesh,2025-05-23
C04686,Nicholas Raval,Female,66,Buxar,Kerala,2024-11-04
C04687,Upma Mohan,Female,27,Maheshtala,Goa,2026-06-24
C04688,George Chanda,Female,63,Darbhanga,Chhattisgarh,2021-08-06
C04689,Tanmayi Nagar,Female,29,Aligarh,Goa,2023-03-28
C04690,Kevin Bhatti,Male,34,Haldia,Sikkim,2025-09-16
C04691,Suhani Sood,Female,48,Ichalkaranji,Rajasthan,2025-02-16
C04692,Vamakshi Palla,Male,47,Imphal,Tripura,2022-05-10
C04693,Mason Naidu,Male,25,Tenali,Assam,2025-10-20
C04694,Bishakha Bawa,Male,30,Ranchi,Gujarat,2026-02-22
C04695,Hredhaan Tank,Male,68,Chapra,Tripura,2023-01-08
C04696,Unnati Murty,Female,28,Ajmer,Kerala,2021-09-03
C04697,Zaid Saran,Female,53,Secunderabad,Meghalaya,2022-03-17
C04698,Bhanumati Kuruvilla,Female,64,Varanasi,Gujarat,2024-06-16
C04699,Kashvi Wason,Female,50,North Dumdum,Meghalaya,2022-08-31
C04700,Nidra Thaman,Female,66,Varanasi,Maharashtra,2023-07-09
C04701,Jacob Sant,Female,61,Srikakulam,Madhya Pradesh,2022-06-18
C04702,Lila Tak,Female,44,Miryalaguda,Tamil Nadu,2023-05-10
C04703,Meghana Kara,Female,31,Nangloi Jat,Tamil Nadu,2022-01-27
C04704,Onkar Tailor,Female,56,Bangalore,Andhra Pradesh,2025-10-19
C04705,Isaac Chahal,Male,66,Ballia,Mizoram,2024-02-06
C04706,Ranbir Wagle,Female,50,Gaya,Uttar Pradesh,2023-08-19
C04707,Kritika Gill,Male,68,Anantapuram,Punjab,2022-02-28
C04708,Madhavi Malhotra,Male,45,Ratlam,Goa,2024-04-10
C04709,Harish Bali,Male,40,Vasai-Virar,Andhra Pradesh,2024-11-28
C04710,Krishna Rana,Male,24,Chittoor,Nagaland,2025-07-12
C04711,Chandran Palan,Female,31,Jalgaon,Kerala,2023-03-09
C04712,Chaaya Saini,Male,56,Srinagar,Telangana,2025-06-28
C04713,Kalpit Wadhwa,Female,51,Kavali,Manipur,2024-11-04
C04714,Urmi Mallick,Female,46,Narasaraopet,Uttarakhand,2021-11-08
C04715,Balvan Pall,Male,49,Singrauli,Uttarakhand,2022-07-17
C04716,Kashish Bhatt,Male,43,Mirzapur,Punjab,2025-06-04
C04717,Zinal Kothari,Female,47,Chandigarh,Rajasthan,2026-01-20
C04718,Chanakya Parmar,Male,65,Purnia,Chhattisgarh,2024-10-18
C04719,Damyanti Oommen,Male,26,Katihar,Arunachal Pradesh,2025-10-25
C04720,Tristan Shere,Female,18,Aligarh,Sikkim,2023-05-04
C04721,Daksha Upadhyay,Male,53,Bhimavaram,Madhya Pradesh,2026-04-04
C04722,Oni Narayan,Male,53,Ongole,Odisha,2023-05-07
C04723,Kala Sen,Male,46,Jehanabad,Tamil Nadu,2022-10-31
C04724,Urishilla Behl,Male,25,Hajipur,Gujarat,2025-12-10
C04725,Radhika Nair,Female,23,Guwahati,Sikkim,2024-07-01
C04726,Karan Chakrabarti,Female,30,Kolhapur,Himachal Pradesh,2026-05-15
C04727,Ekaja Iyengar,Female,62,Dibrugarh,Andhra Pradesh,2023-11-20
C04728,Onveer Arora,Male,34,Pimpri-Chinchwad,Telangana,2023-09-28
C04729,Nihal Dhawan,Female,44,Satna,Jharkhand,2023-09-13
C04730,Chakrika Baria,Male,70,Raichur,Arunachal Pradesh,2022-03-31
C04731,Chavvi Solanki,Male,44,Nashik,Himachal Pradesh,2025-03-15
C04732,Yutika Maharaj,Female,40,Kumbakonam,Meghalaya,2024-02-11
C04733,Gaurangi Verma,Male,55,Khora ,Telangana,2026-01-01
C04734,Nihal Hayer,Female,31,Muzaffarnagar,Tamil Nadu,2021-11-23
C04735,Balhaar Gupta,Male,29,Narasaraopet,Meghalaya,2023-11-12
C04736,Tanvi Yohannan,Male,48,Saharsa,Tamil Nadu,2026-07-01
C04737,Ayush Bhattacharyya,Male,30,Medininagar,Haryana,2026-07-04
C04738,Quincy Wable,Female,70,Shimla,Bihar,2025-03-04
C04739,Shivani Patla,Male,26,Hazaribagh,Sikkim,2025-04-30
C04740,Ishita Rau,Male,45,Patna,Odisha,2023-04-23
C04741,Arin Joshi,Male,39,Barasat,Arunachal Pradesh,2023-12-29
C04742,Nathaniel Wali,Female,51,Etawah,Tripura,2025-02-21
C04743,Champak Jha,Female,70,Bhopal,Manipur,2022-06-11
C04744,Vedika Babu,Female,59,Suryapet,Gujarat,2024-12-16
C04745,Ekbal Bhargava,Female,54,Fatehpur,West Bengal,2025-09-15
C04746,Gunbir Tata,Female,65,Kurnool,Tamil Nadu,2025-03-16
C04747,Chaman Dash,Male,47,Udaipur,Karnataka,2023-03-19
C04748,Veer Kanda,Male,39,Guwahati,Maharashtra,2022-09-07
C04749,Darpan Shenoy,Male,19,Alwar,Chhattisgarh,2024-04-26
C04750,Rachita Bhatti,Female,24,Khora ,Kerala,2023-12-28
C04751,Gautami Sen,Male,66,Chapra,Meghalaya,2025-01-23
C04752,Gautam Narang,Female,70,Siliguri,Arunachal Pradesh,2022-12-04
C04753,Christopher Bhakta,Female,38,Bokaro,Telangana,2022-05-20
C04754,Radha Baral,Male,47,Surat,Punjab,2021-10-15
C04755,Teerth More,Female,50,Amritsar,Uttar Pradesh,2024-04-23
C04756,Aditya Bhagat,Male,19,Bhavnagar,Jharkhand,2025-03-24
C04757,Ekapad Ratta,Male,42,Akola,Jharkhand,2023-05-18
C04758,Chaman Rajagopal,Female,31,Kirari Suleman Nagar,Bihar,2024-01-09
C04759,Owen Ramakrishnan,Male,65,Tiruppur,Kerala,2025-10-29
C04760,Charan Doctor,Male,58,Gulbarga,Kerala,2023-12-06
C04761,Ekalinga Mahal,Male,42,Jalna,Madhya Pradesh,2023-02-22
C04762,Peter Brahmbhatt,Male,21,Motihari,Goa,2024-09-24
C04763,Lucky Parmer,Male,47,Jamalpur,Maharashtra,2023-04-22
C04764,Kashvi Chaudhari,Female,38,Nandyal,Mizoram,2024-11-09
C04765,Priya Sarin,Female,62,Nashik,Meghalaya,2025-09-16
C04766,Faris Loke,Female,29,Panihati,Manipur,2023-09-23
C04767,Chakradev Lad,Male,44,Bareilly,Madhya Pradesh,2022-07-14
C04768,Krish Kapur,Male,31,Mehsana,Sikkim,2024-12-01
C04769,Hardik Dube,Male,28,Guntakal,Karnataka,2022-01-01
C04770,Ranbir Dubey,Female,37,Kulti,Jharkhand,2022-05-07
C04771,Lavanya Jayaraman,Male,53,Uluberia,Tamil Nadu,2022-10-22
C04772,Sudiksha Sahni,Male,31,Mango,Odisha,2024-07-02
C04773,Ekansh Naik,Female,23,Phusro,Telangana,2026-04-14
C04774,Manan Buch,Male,18,New Delhi,Goa,2024-05-24
C04775,Jacob Kalita,Male,20,Gandhinagar,Goa,2026-06-08
C04776,Ekavir Sandhu,Male,32,Anand,Nagaland,2024-05-30
C04777,Om Rout,Female,28,Adoni,Assam,2023-04-30
C04778,Charita Sanghvi,Male,20,Amritsar,Sikkim,2023-01-24
C04779,Jack Saha,Male,58,Maheshtala,Manipur,2025-09-25
C04780,Amara Gole,Male,35,Berhampore,Meghalaya,2026-04-11
C04781,Hitesh Narain,Male,31,Kalyan-Dombivli,Punjab,2025-01-14
C04782,Gayathri Vasa,Male,65,Satna,Sikkim,2025-07-14
C04783,Chandresh Dua,Male,20,Varanasi,Sikkim,2026-07-13
C04784,Charan Krish,Female,69,Dhanbad,Kerala,2025-10-28
C04785,Riya Misra,Female,70,Singrauli,Rajasthan,2022-10-19
C04786,Faris Ramesh,Male,61,Motihari,Andhra Pradesh,2022-09-02
C04787,Zaid Murty,Female,68,Khora ,Haryana,2022-10-01
C04788,Bhavna Date,Male,28,Aizawl,Sikkim,2023-04-14
C04789,Benjamin Arora,Female,19,Solapur,Punjab,2026-06-04
C04790,Wishi Bahri,Female,22,Nagercoil,Nagaland,2023-02-10
C04791,Fariq Ramesh,Female,22,Kavali,Nagaland,2025-03-02
C04792,Bimala Andra,Male,36,Latur,Odisha,2022-08-12
C04793,Charles Mistry,Female,42,Kavali,Chhattisgarh,2024-12-22
C04794,Dalbir Sanghvi,Male,66,Ballia,Sikkim,2023-06-04
C04795,Fiyaz Iyer,Female,68,Rajpur Sonarpur,Himachal Pradesh,2026-03-05
C04796,Chanakya Srinivas,Female,68,Ambarnath,Karnataka,2024-03-15
C04797,Lekha Tak,Female,68,Parbhani,Punjab,2026-03-25
C04798,Gauri Kibe,Female,20,Bilaspur,Uttar Pradesh,2022-09-08
C04799,Yuvraj Jain,Female,64,Bhavnagar,Andhra Pradesh,2021-12-25
C04800,Ishwar Bali,Male,57,Shivpuri,Kerala,2023-04-10
C04801,Lakshmi Mutti,Female,45,Shivpuri,Madhya Pradesh,2024-08-06
C04802,Raghav Batta,Male,47,Sasaram,Arunachal Pradesh,2025-10-23
C04803,Mekhala Manda,Male,44,Ghaziabad,Himachal Pradesh,2025-08-17
C04804,Lucky Peri,Female,27,Sasaram,Bihar,2022-11-05
C04805,Neha Dhillon,Male,60,Allahabad,Maharashtra,2026-05-17
C04806,Omisha Subramaniam,Male,60,Maheshtala,Tamil Nadu,2024-05-12
C04807,Darpan Bhatti,Female,67,Kota,West Bengal,2026-05-03
C04808,Rudra Chopra,Male,59,Bathinda,Uttar Pradesh,2024-08-30
C04809,Kabir Morar,Female,66,Suryapet,Manipur,2024-01-18
C04810,Chaitaly Malhotra,Female,60,Bellary,Odisha,2025-09-18
C04811,Sai Sant,Female,38,Karnal,Haryana,2021-10-28
C04812,Ayaan Sane,Male,22,Bareilly,Jharkhand,2024-02-09
C04813,Harrison Vora,Male,55,Raiganj,Tamil Nadu,2023-11-23
C04814,Ronith Cheema,Male,43,Dehri,Tripura,2023-05-11
C04815,Sara Manda,Male,42,Thanjavur,Uttarakhand,2023-01-23
C04816,Janani Babu,Male,35,Mysore,Manipur,2022-04-14
C04817,Warda Sagar,Male,34,Suryapet,Himachal Pradesh,2022-07-12
C04818,Lekha Minhas,Male,18,Tumkur,Himachal Pradesh,2023-01-25
C04819,Mekhala Sood,Male,30,Thiruvananthapuram,Nagaland,2023-07-21
C04820,Radha Behl,Male,48,Narasaraopet,Chhattisgarh,2023-11-08
C04821,Viraj Kibe,Male,26,Bihar Sharif,Haryana,2024-07-12
C04822,Avni Srinivasan,Female,39,Madhyamgram,Mizoram,2024-09-06
C04823,Lekha Gara,Female,33,Dhanbad,Goa,2026-04-05
C04824,Balveer Purohit,Female,70,Jaunpur,Odisha,2026-02-18
C04825,Tanmayi Salvi,Female,68,Barasat,Mizoram,2024-06-15
C04826,Aadhya Chand,Male,40,Pali,Gujarat,2026-05-22
C04827,Naveen Kumer,Male,34,Jodhpur,Chhattisgarh,2022-08-08
C04828,Gautami Choudhry,Female,61,Fatehpur,Rajasthan,2023-10-13
C04829,Sachi Nadig,Female,64,Malegaon,West Bengal,2023-12-09
C04830,Oliver Deo,Male,36,Howrah,West Bengal,2025-01-07
C04831,Ishanvi Garg,Male,63,Khammam,Chhattisgarh,2023-10-16
C04832,Nandini Balakrishnan,Female,31,Korba,Bihar,2023-03-15
C04833,Jason Dave,Male,41,Dehri,Arunachal Pradesh,2026-07-09
C04834,Triveni Ravi,Male,68,Deoghar,Mizoram,2023-06-14
C04835,Vasudha Wason,Male,51,Unnao,Tamil Nadu,2023-02-15
C04836,Jairaj Balan,Female,45,Secunderabad,Uttarakhand,2025-09-27
C04837,Chasmum Borah,Male,19,Giridih,Rajasthan,2024-05-08
C04838,Amruta Majumdar,Male,18,Raiganj,Manipur,2022-07-25
C04839,Wishi Bumb,Male,24,Tinsukia,Odisha,2023-06-20
C04840,Widisha Srinivas,Male,35,Dehri,Mizoram,2023-08-13
C04841,Sanaya Nagi,Female,43,Silchar,Rajasthan,2024-06-09
C04842,Banjeet Sem,Female,38,Khora ,Meghalaya,2021-08-14
C04843,Wriddhish Bhasin,Female,55,Kadapa,Manipur,2022-07-11
C04844,Hamsini Badami,Female,47,Bhubaneswar,Punjab,2022-08-21
C04845,Rajeshri Malhotra,Female,32,Burhanpur,Uttar Pradesh,2022-08-12
C04846,Daksh Agarwal,Male,63,Bilaspur,Mizoram,2023-03-16
C04847,Wishi Solanki,Male,52,Farrukhabad,Madhya Pradesh,2025-09-30
C04848,Yadavi Saraf,Male,51,Ahmedabad,Nagaland,2026-06-08
C04849,Krishna Murthy,Female,47,Allahabad,West Bengal,2023-08-13
C04850,Yug Grewal,Male,54,Varanasi,Manipur,2025-04-08
C04851,Ekta Konda,Male,34,Madanapalle,Chhattisgarh,2025-11-28
C04852,Oscar Bains,Female,62,Fatehpur,Kerala,2023-07-31
C04853,Udarsh Hayer,Male,44,Rourkela,Andhra Pradesh,2023-06-14
C04854,Frederick Maharaj,Female,47,Karaikudi,Nagaland,2025-11-21
C04855,Benjamin Ram,Female,56,Gwalior,Meghalaya,2023-05-12
C04856,Gavin Setty,Female,22,Udaipur,Gujarat,2025-06-16
C04857,Chatresh Shanker,Male,68,Naihati,Bihar,2022-01-17
C04858,Orinder Khalsa,Male,49,Jhansi,Assam,2024-08-14
C04859,Naveen Chauhan,Male,63,Madurai,Rajasthan,2022-12-12
C04860,Viraj Kaul,Male,30,Jorhat,Andhra Pradesh,2025-11-23
C04861,Eshana Kari,Male,21,Junagadh,Rajasthan,2026-05-21
C04862,Vritti Master,Male,45,Katihar,Assam,2024-06-15
C04863,Mason Mital,Female,50,Burhanpur,West Bengal,2021-09-13
C04864,Jagrati Bains,Male,69,Bathinda,Mizoram,2022-05-06
C04865,Shaurya Das,Male,43,Yamunanagar,Maharashtra,2022-11-15
C04866,Mahika Cherian,Female,35,Sangli-Miraj & Kupwad,Chhattisgarh,2024-06-04
C04867,Raagini Mitra,Female,41,Raurkela Industrial Township,Odisha,2025-02-13
C04868,Zayan Sharma,Male,27,Agartala,Madhya Pradesh,2024-06-23
C04869,Chandani Gole,Female,41,Hyderabad,Mizoram,2024-07-03
C04870,Anita Srivastava,Female,65,Saharanpur,Nagaland,2026-03-25
C04871,Logan Handa,Male,46,Nellore,Goa,2022-12-15
C04872,Umang Devi,Male,24,Jabalpur,West Bengal,2024-05-04
C04873,Xalak Mandal,Male,60,Ozhukarai,Manipur,2023-12-04
C04874,Charles Zacharia,Female,45,Amravati,Assam,2022-04-30
C04875,Rachita Dara,Female,32,Raurkela Industrial Township,Sikkim,2026-07-01
C04876,Lila Nath,Female,36,Siliguri,Haryana,2024-12-21
C04877,Damyanti Deep,Male,30,Suryapet,Andhra Pradesh,2025-12-17
C04878,Riya Narasimhan,Male,31,Junagadh,Bihar,2024-10-10
C04879,Aachal Shetty,Female,41,Nagpur,Sikkim,2024-03-28
C04880,Hiral Om,Female,41,Yamunanagar,Uttar Pradesh,2023-04-17
C04881,Vrishti Mukhopadhyay,Female,25,Hazaribagh,Kerala,2022-05-11
C04882,Warinder Bhagat,Female,29,Tenali,Odisha,2026-06-30
C04883,Eiravati Madan,Female,31,Bathinda,Manipur,2022-09-17
C04884,Ekaja Chander,Female,27,Hapur,Kerala,2025-10-31
C04885,Luke Prakash,Male,31,Purnia,Odisha,2023-03-03
C04886,Ranbir Bora,Female,31,Avadi,Sikkim,2026-01-31
C04887,Faraj Batra,Female,52,Kottayam,Odisha,2026-05-07
C04888,Amaira Taneja,Female,29,Malegaon,West Bengal,2026-01-24
C04889,Simon Ganguly,Male,54,Malegaon,Arunachal Pradesh,2022-02-13
C04890,Shaurya Goel,Male,37,Varanasi,West Bengal,2024-10-09
C04891,Aditya Rege,Female,52,Bulandshahr,Haryana,2025-04-02
C04892,Jacob Varghese,Female,34,Ozhukarai,Nagaland,2023-05-13
C04893,Ethan Ahuja,Male,32,Rajahmundry,Gujarat,2021-11-12
C04894,Omaja Sengupta,Male,49,Nanded,Karnataka,2024-10-11
C04895,David Banik,Male,37,Mehsana,Tamil Nadu,2022-10-30
C04896,Aditya Bobal,Female,18,Patna,Manipur,2022-10-30
C04897,Yoshita Karpe,Female,27,Kumbakonam,Andhra Pradesh,2025-05-24
C04898,Ansh Krishnamurthy,Female,58,Panihati,Odisha,2023-04-26
C04899,Atharv Dugar,Male,70,Belgaum,Sikkim,2024-06-10
C04900,Chakrika Toor,Male,64,Latur,Maharashtra,2023-02-18
C04901,Qasim Viswanathan,Female,68,Allahabad,Madhya Pradesh,2025-09-14
C04902,Ishita Raval,Female,23,Alappuzha,Tripura,2024-03-13
C04903,Ishani Lal,Female,46,Kochi,Kerala,2023-10-01
C04904,Madhavi Sundaram,Male,58,Mumbai,Bihar,2021-12-06
C04905,Maanav Barad,Male,69,Noida,Uttarakhand,2025-07-28
C04906,Alexander Kurian,Male,28,Tumkur,Jharkhand,2023-05-06
C04907,Lajita Hayer,Male,42,Chittoor,Himachal Pradesh,2023-08-17
C04908,Pushti Zachariah,Male,37,Faridabad,Gujarat,2024-12-01
C04909,Lipika Srivastava,Male,28,Asansol,Meghalaya,2025-02-09
C04910,Kiaan Desai,Male,43,Ajmer,Telangana,2025-10-10
C04911,Qabil Ravel,Female,44,Farrukhabad,Manipur,2021-08-21
C04912,Abhiram Chowdhury,Female,30,Bathinda,Arunachal Pradesh,2024-12-04
C04913,Bahadurjit Dhar,Female,41,Meerut,Maharashtra,2021-08-26
C04914,Jason Dada,Female,40,Haridwar,West Bengal,2022-02-17
C04915,Qadim Kota,Male,59,Kakinada,Gujarat,2025-07-02
C04916,Amrita Dara,Female,63,Bangalore,Odisha,2026-02-16
C04917,Siddharth Deshpande,Male,28,Bally,Mizoram,2025-01-08
C04918,Jacob Shanker,Male,66,Kharagpur,Rajasthan,2023-08-04
C04919,Rachit Bahri,Male,36,Naihati,Bihar,2023-09-06
C04920,Adweta Srinivas,Male,46,Rewa,Manipur,2026-03-20
C04921,Hemani Hegde,Female,69,Madhyamgram,Goa,2024-04-12
C04922,Lajita D’Alia,Female,18,Ballia,Nagaland,2025-06-17
C04923,Chakrika Aurora,Female,43,Faridabad,Uttar Pradesh,2024-11-05
C04924,Aditya Baral,Male,66,Secunderabad,Bihar,2021-07-25
C04925,Vasudha Ram,Female,42,Haldia,Uttar Pradesh,2022-08-24
C04926,Shivansh Agarwal,Female,23,Chittoor,Karnataka,2023-01-29
C04927,Meghana Keer,Male,25,Muzaffarpur,Tamil Nadu,2023-04-26
C04928,Zinal Kuruvilla,Male,23,Ghaziabad,Telangana,2023-03-17
C04929,Ekbal Dugar,Female,57,Tadepalligudem,Telangana,2022-05-27
C04930,Yadavi Mann,Male,60,Bhopal,Chhattisgarh,2026-02-11
C04931,Ansh Shah,Female,54,Dindigul,Arunachal Pradesh,2025-08-17
C04932,Rachana Gandhi,Female,23,Cuttack,Kerala,2022-10-24
C04933,Sathvik Zacharia,Male,22,Dehradun,Odisha,2023-06-03
C04934,Triya Padmanabhan,Female,33,Miryalaguda,Jharkhand,2024-05-08
C04935,Ekalinga Bali,Female,58,Raiganj,Uttarakhand,2024-02-03
C04936,Dalaja Luthra,Male,67,Unnao,Karnataka,2024-04-22
C04937,Reva Bhatnagar,Female,22,Ahmedabad,Mizoram,2025-01-13
C04938,Radha Deep,Female,34,Jalandhar,Tamil Nadu,2022-06-17
C04939,Brijesh Khalsa,Female,52,Mysore,Andhra Pradesh,2022-12-01
C04940,Ishani Naik,Female,28,Davanagere,Tripura,2025-04-01
C04941,Yuvraj Khanna,Female,30,Nadiad,Maharashtra,2021-11-19
C04942,Ikbal Johal,Male,64,Anand,Madhya Pradesh,2021-08-04
C04943,Udarsh Dhawan,Male,59,Kadapa,Uttar Pradesh,2025-10-21
C04944,Yoshita Bose,Male,57,Udupi,Gujarat,2023-07-30
C04945,Umang Arya,Female,20,Vijayawada,Chhattisgarh,2022-09-19
C04946,Patrick Dutta,Female,63,Gaya,Haryana,2025-08-18
C04947,Gaurangi Sekhon,Female,52,Kavali,Odisha,2025-08-02
C04948,Tristan Toor,Male,43,Nadiad,Manipur,2023-12-09
C04949,Fiyaz Sem,Male,19,Latur,Arunachal Pradesh,2024-08-24
C04950,Jatin Sagar,Male,39,Mysore,Andhra Pradesh,2021-10-20
C04951,Falguni Gour,Male,53,Bhiwandi,Arunachal Pradesh,2022-02-12
C04952,Nathan Misra,Female,43,Amroha,Uttarakhand,2025-05-19
C04953,Wakeeta Ganesh,Male,55,Shimla,Himachal Pradesh,2024-06-20
C04954,Devansh Bal,Male,56,Sirsa,Haryana,2025-02-07
C04955,Raagini Dutta,Male,35,Tiruppur,Maharashtra,2021-09-18
C04956,Madhav Chauhan,Female,62,Navi Mumbai,Tripura,2022-11-09
C04957,Janya Dhar,Male,28,Bhiwandi,Mizoram,2021-09-26
C04958,Yashawini Nagar,Female,51,Sasaram,Assam,2022-10-16
C04959,Bina Bail,Male,65,Gorakhpur,Himachal Pradesh,2025-12-04
C04960,Yashica Bhakta,Female,41,Jhansi,Assam,2025-01-17
C04961,Yashasvi Mammen,Male,48,Nadiad,Meghalaya,2022-03-23
C04962,Yutika Narang,Male,35,Madhyamgram,Haryana,2025-05-31
C04963,Widisha Uppal,Female,68,Chandrapur,Jharkhand,2023-04-27
C04964,Charita Chacko,Female,44,Ballia,Uttar Pradesh,2024-01-01
C04965,Inaya Kaul,Male,68,Kollam,Haryana,2026-05-21
C04966,Bhavna Joshi,Female,42,Anantapuram,Gujarat,2023-10-30
C04967,Lakshit Bandi,Male,51,Durgapur,Tamil Nadu,2025-03-01
C04968,Lavanya Mander,Male,69,Medininagar,Uttar Pradesh,2024-04-17
C04969,Turvi Natt,Female,41,Thoothukudi,Meghalaya,2026-07-16
C04970,Orinder Sunder,Female,27,Tiruvottiyur,Goa,2026-05-28
C04971,Ayaan Sood,Female,39,Hosur,Himachal Pradesh,2025-03-30
C04972,Chanchal Bahl,Female,36,Karaikudi,Sikkim,2025-06-22
C04973,Ridhi Narula,Female,34,Howrah,Assam,2024-11-30
C04974,Kavya Kade,Female,49,Bangalore,Punjab,2024-06-30
C04975,Tarak Dasgupta,Male,55,Tinsukia,Karnataka,2024-08-13
C04976,Sarthak Rajan,Male,44,Mahbubnagar,Kerala,2026-05-29
C04977,Nikita Lata,Female,50,Phagwara,Andhra Pradesh,2024-12-17
C04978,Libni Wali,Male,23,Ghaziabad,Manipur,2022-02-21
C04979,Aarini Mangal,Male,18,Bally,Uttarakhand,2024-05-19
C04980,Jyoti Kurian,Male,35,Siwan,Bihar,2025-03-17
C04981,Arjun Bakshi,Male,40,Jaipur,Haryana,2023-03-27
C04982,Pranit Gera,Female,43,Guntur,Tripura,2022-02-18
C04983,Zaid Mahajan,Female,38,Dewas,Arunachal Pradesh,2023-03-04
C04984,Pallavi Parmer,Male,22,Mumbai,Jharkhand,2022-02-08
C04985,Pranit Hans,Female,46,Narasaraopet,Uttar Pradesh,2026-01-12
C04986,Reva Shenoy,Male,70,Mumbai,Kerala,2022-08-18
C04987,Pratyush Bora,Female,42,Anantapur,Assam,2025-12-28
C04988,Jack Bedi,Female,61,Thrissur,Madhya Pradesh,2024-09-15
C04989,Ganga Gopal,Female,60,Mysore,Chhattisgarh,2024-07-09
C04990,Rehaan Sen,Male,38,Sikar,Meghalaya,2025-09-14
C04991,Radha Gala,Male,42,Noida,Telangana,2026-06-21
C04992,Udyati Pillai,Male,68,Dewas,Rajasthan,2026-04-09
C04993,Yashawini Pal,Male,58,Sangli-Miraj & Kupwad,Himachal Pradesh,2023-05-14
C04994,Balvan Goel,Female,60,Imphal,Manipur,2021-08-30
C04995,Nimrat Dutta,Female,54,Ballia,Goa,2021-12-27
C04996,Pahal Dhawan,Male,53,Thiruvananthapuram,Maharashtra,2023-10-09
C04997,Bhavna Choudhury,Female,22,Nanded,Assam,2021-12-07
C04998,Prisha Basu,Male,67,Deoghar,Gujarat,2025-07-27
C04999,Nathaniel Lata,Female,30,Hindupur,West Bengal,2024-10-03
C05000,Patrick Vyas,Female,18,Karimnagar,Gujarat,2022-03-23
